* Request at 2026-08-29 17:15:55.0912262 +0200 CEST m=+0.040235101
* Request to https://api.github.com/repos/wrk-tafel/admin/actions/jobs/99118781478/logs
* Request took 537.4513ms
* Request at 2026-08-29 17:15:55.6286775 +0200 CEST m=+0.577686401
* Request to https://productionresultssa10.blob.core.windows.net/actions-results/2eaf8d63-e0ab-4c20-a769-6fafee95f50a/workflow-job-run-4d209bb9-079f-51f2-afdf-0db9d93df58a/logs/job/job-logs.txt?rsct=text%2Fplain&se=2026-08-29T15%3A25%3A56Z&sig=89LvSzv%2BlisgHxyAbYVvjxAHtkocyxMADFF%2BNWW3MGo%3D&ske=2026-08-29T18%3A56%3A21Z&skoid=ca7593d4-ee42-46cd-af88-8b886a2f84eb&sks=b&skt=2026-08-29T14%3A56%3A21Z&sktid=398a6654-997b-47e9-b12b-9515b896b4de&skv=2025-11-05&sp=r&spr=https&sr=b&st=2026-08-29T15%3A15%3A51Z&sv=2025-11-05
* Request took 459.3527ms
﻿2026-08-29T15:09:11.1275783Z Current runner version: '2.336.0'
2026-08-29T15:09:11.1298729Z ##[group]Runner Image Provisioner
2026-08-29T15:09:11.1299536Z Hosted Compute Agent
2026-08-29T15:09:11.1300072Z Version: 20260819.586
2026-08-29T15:09:11.1300688Z Commit: 3cc4a88dfa507ef76119ad1bb3eccc6378bb2b76
2026-08-29T15:09:11.1301354Z Build Date: 2026-08-18T23:20:18Z
2026-08-29T15:09:11.1302037Z Worker ID: {ceb2c149-c65f-4021-85ff-12f0007972df}
2026-08-29T15:09:11.1302685Z Azure Region: westus3
2026-08-29T15:09:11.1303204Z ##[endgroup]
2026-08-29T15:09:11.1304336Z ##[group]Operating System
2026-08-29T15:09:11.1304895Z Ubuntu
2026-08-29T15:09:11.1305383Z 24.04.4
2026-08-29T15:09:11.1306156Z LTS
2026-08-29T15:09:11.1306774Z ##[endgroup]
2026-08-29T15:09:11.1307275Z ##[group]Runner Image
2026-08-29T15:09:11.1307833Z Image: ubuntu-24.04
2026-08-29T15:09:11.1308383Z Version: 20260823.283.1
2026-08-29T15:09:11.1309518Z Included Software: https://github.com/actions/runner-images/blob/ubuntu24/20260823.283/images/ubuntu/Ubuntu2404-Readme.md
2026-08-29T15:09:11.1310891Z Image Release: https://github.com/actions/runner-images/releases/tag/ubuntu24%2F20260823.283
2026-08-29T15:09:11.1311795Z ##[endgroup]
2026-08-29T15:09:11.1314524Z ##[group]GITHUB_TOKEN Permissions
2026-08-29T15:09:11.1316768Z Actions: write
2026-08-29T15:09:11.1317293Z ArtifactMetadata: write
2026-08-29T15:09:11.1317879Z Attestations: write
2026-08-29T15:09:11.1318416Z Checks: write
2026-08-29T15:09:11.1318967Z CodeQuality: write
2026-08-29T15:09:11.1319477Z Contents: write
2026-08-29T15:09:11.1319967Z CopilotRequests: write
2026-08-29T15:09:11.1320529Z Deployments: write
2026-08-29T15:09:11.1321056Z Discussions: write
2026-08-29T15:09:11.1321558Z Drives: write
2026-08-29T15:09:11.1322145Z Issues: write
2026-08-29T15:09:11.1322671Z Metadata: read
2026-08-29T15:09:11.1323245Z Models: read
2026-08-29T15:09:11.1323782Z Packages: write
2026-08-29T15:09:11.1324274Z Pages: write
2026-08-29T15:09:11.1324763Z PullRequests: write
2026-08-29T15:09:11.1325305Z RepositoryProjects: write
2026-08-29T15:09:11.1326049Z SecurityEvents: write
2026-08-29T15:09:11.1326661Z Statuses: write
2026-08-29T15:09:11.1327158Z VulnerabilityAlerts: read
2026-08-29T15:09:11.1327729Z ##[endgroup]
2026-08-29T15:09:11.1329693Z Secret source: Actions
2026-08-29T15:09:11.1330696Z Prepare workflow directory
2026-08-29T15:09:11.1751746Z Prepare all required actions
2026-08-29T15:09:11.1798213Z Getting action download info
2026-08-29T15:09:11.4848183Z Download action repository 'actions/checkout@3d3c42e5aac5ba805825da76410c181273ba90b1' (SHA:3d3c42e5aac5ba805825da76410c181273ba90b1)
2026-08-29T15:09:11.6186826Z Download action repository 'actions/setup-node@820762786026740c76f36085b0efc47a31fe5020' (SHA:820762786026740c76f36085b0efc47a31fe5020)
2026-08-29T15:09:11.7543571Z Download action repository 'actions/setup-java@dd06d9cba3e5552c54d9f8ea23572deb30010f7c' (SHA:dd06d9cba3e5552c54d9f8ea23572deb30010f7c)
2026-08-29T15:09:13.1354183Z Download action repository 'actions/download-artifact@3e5f45b2cfb9172054b4087a40e8e0b5a5461e7c' (SHA:3e5f45b2cfb9172054b4087a40e8e0b5a5461e7c)
2026-08-29T15:09:14.2253406Z Download action repository 'actions/upload-artifact@043fb46d1a93c77aae656e7c1c64a875d1fc6a0a' (SHA:043fb46d1a93c77aae656e7c1c64a875d1fc6a0a)
2026-08-29T15:09:14.7533957Z Uses: wrk-tafel/admin/.github/workflows/subflow_e2e_test.yml@refs/pull/3535/merge (1c35064808cc955d2486332c3e7ea63e4d74ac7f)
2026-08-29T15:09:14.7538270Z Complete job name: e2e-test / run (betrieb-2)
2026-08-29T15:09:14.7937549Z ##[group]Checking docker version
2026-08-29T15:09:14.7949126Z ##[command]/usr/bin/docker version --format '{{.Server.APIVersion}}'
2026-08-29T15:09:14.8855282Z '1.48'
2026-08-29T15:09:14.8861431Z Docker daemon API version: '1.48'
2026-08-29T15:09:14.8861860Z ##[command]/usr/bin/docker version --format '{{.Client.APIVersion}}'
2026-08-29T15:09:14.9016405Z '1.48'
2026-08-29T15:09:14.9026211Z Docker client API version: '1.48'
2026-08-29T15:09:14.9031237Z ##[endgroup]
2026-08-29T15:09:14.9034078Z ##[group]Clean up resources from previous jobs
2026-08-29T15:09:14.9039039Z ##[command]/usr/bin/docker ps --all --quiet --no-trunc --filter "label=16fa8c"
2026-08-29T15:09:14.9179733Z ##[command]/usr/bin/docker network prune --force --filter "label=16fa8c"
2026-08-29T15:09:14.9304530Z ##[endgroup]
2026-08-29T15:09:14.9304943Z ##[group]Create local container network
2026-08-29T15:09:14.9313930Z ##[command]/usr/bin/docker network create --label 16fa8c github_network_4a895e5d4d414da7bb42e625cb692664
2026-08-29T15:09:15.3669395Z 372ce8d482f79fc176ad8c103330658a6671a1a5d92d5821b29dcbeee80fc717
2026-08-29T15:09:15.3685617Z ##[endgroup]
2026-08-29T15:09:15.3711253Z ##[group]Starting postgres service container
2026-08-29T15:09:15.3731938Z ##[command]/usr/bin/docker pull postgres:18-bookworm
2026-08-29T15:09:17.0391244Z 18-bookworm: Pulling from library/postgres
2026-08-29T15:09:17.5213822Z a8ac7f6c67ab: Pulling fs layer
2026-08-29T15:09:17.5214572Z a1e3ce97a827: Pulling fs layer
2026-08-29T15:09:17.5215047Z 37111c57f5aa: Pulling fs layer
2026-08-29T15:09:17.5215554Z 41cb1fe8c0d1: Pulling fs layer
2026-08-29T15:09:17.5216145Z 227fb2bf8d7b: Pulling fs layer
2026-08-29T15:09:17.5216680Z a39d72951262: Pulling fs layer
2026-08-29T15:09:17.5217076Z 9696c0868ba1: Pulling fs layer
2026-08-29T15:09:17.5217624Z 4e16465a208f: Pulling fs layer
2026-08-29T15:09:17.5218008Z 8e38d8544e53: Pulling fs layer
2026-08-29T15:09:17.5218519Z 9d291e6dbf34: Pulling fs layer
2026-08-29T15:09:17.5219070Z 0868f9177347: Pulling fs layer
2026-08-29T15:09:17.5219492Z 80ee9aeea627: Pulling fs layer
2026-08-29T15:09:17.5219980Z 88f5f2b697ce: Pulling fs layer
2026-08-29T15:09:17.5220405Z 0868f9177347: Waiting
2026-08-29T15:09:17.5220894Z a39d72951262: Waiting
2026-08-29T15:09:17.5221158Z 80ee9aeea627: Waiting
2026-08-29T15:09:17.5221464Z 8e38d8544e53: Waiting
2026-08-29T15:09:17.5221732Z 9696c0868ba1: Waiting
2026-08-29T15:09:17.5222006Z 88f5f2b697ce: Waiting
2026-08-29T15:09:17.5222317Z 4e16465a208f: Waiting
2026-08-29T15:09:17.5222597Z 9d291e6dbf34: Waiting
2026-08-29T15:09:17.5222887Z 41cb1fe8c0d1: Waiting
2026-08-29T15:09:17.5223182Z 227fb2bf8d7b: Waiting
2026-08-29T15:09:17.7094952Z a1e3ce97a827: Verifying Checksum
2026-08-29T15:09:17.7096621Z a1e3ce97a827: Download complete
2026-08-29T15:09:17.7281328Z 37111c57f5aa: Verifying Checksum
2026-08-29T15:09:17.7282061Z 37111c57f5aa: Download complete
2026-08-29T15:09:17.7836196Z a8ac7f6c67ab: Verifying Checksum
2026-08-29T15:09:17.7836880Z a8ac7f6c67ab: Download complete
2026-08-29T15:09:17.8878237Z 41cb1fe8c0d1: Verifying Checksum
2026-08-29T15:09:17.8879939Z 41cb1fe8c0d1: Download complete
2026-08-29T15:09:17.9336759Z 227fb2bf8d7b: Verifying Checksum
2026-08-29T15:09:17.9337560Z 227fb2bf8d7b: Download complete
2026-08-29T15:09:17.9755031Z a39d72951262: Verifying Checksum
2026-08-29T15:09:17.9756023Z a39d72951262: Download complete
2026-08-29T15:09:18.0580876Z 9696c0868ba1: Verifying Checksum
2026-08-29T15:09:18.0581523Z 9696c0868ba1: Download complete
2026-08-29T15:09:18.1136228Z 4e16465a208f: Verifying Checksum
2026-08-29T15:09:18.1136809Z 4e16465a208f: Download complete
2026-08-29T15:09:18.2419876Z 9d291e6dbf34: Verifying Checksum
2026-08-29T15:09:18.2420529Z 9d291e6dbf34: Download complete
2026-08-29T15:09:18.2851233Z 0868f9177347: Verifying Checksum
2026-08-29T15:09:18.2852498Z 0868f9177347: Download complete
2026-08-29T15:09:18.4241194Z 80ee9aeea627: Verifying Checksum
2026-08-29T15:09:18.4243371Z 80ee9aeea627: Download complete
2026-08-29T15:09:18.4248611Z 8e38d8544e53: Verifying Checksum
2026-08-29T15:09:18.4249160Z 8e38d8544e53: Download complete
2026-08-29T15:09:18.4640321Z 88f5f2b697ce: Verifying Checksum
2026-08-29T15:09:18.4641082Z 88f5f2b697ce: Download complete
2026-08-29T15:09:18.7078137Z a8ac7f6c67ab: Pull complete
2026-08-29T15:09:23.6111306Z a1e3ce97a827: Pull complete
2026-08-29T15:09:23.8162990Z 37111c57f5aa: Pull complete
2026-08-29T15:09:23.8726094Z 41cb1fe8c0d1: Pull complete
2026-08-29T15:09:24.2745337Z 227fb2bf8d7b: Pull complete
2026-08-29T15:09:24.3607540Z a39d72951262: Pull complete
2026-08-29T15:09:24.3700694Z 9696c0868ba1: Pull complete
2026-08-29T15:09:24.3796664Z 4e16465a208f: Pull complete
2026-08-29T15:09:28.4036873Z 8e38d8544e53: Pull complete
2026-08-29T15:09:28.4193621Z 9d291e6dbf34: Pull complete
2026-08-29T15:09:28.4292136Z 0868f9177347: Pull complete
2026-08-29T15:09:28.4382070Z 80ee9aeea627: Pull complete
2026-08-29T15:09:28.4467834Z 88f5f2b697ce: Pull complete
2026-08-29T15:09:28.4511524Z Digest: sha256:1c59e2c3c818eaa0f0628f695b36e7c9e362d6b219b36a54a32df645cbd7e1af
2026-08-29T15:09:28.4524235Z Status: Downloaded newer image for postgres:18-bookworm
2026-08-29T15:09:28.4535715Z docker.io/library/postgres:18-bookworm
2026-08-29T15:09:28.4592730Z ##[command]/usr/bin/docker create --name ddcdb419149b42baa414527bb012e9e1_postgres18bookworm_8eae63 --label 16fa8c --network github_network_4a895e5d4d414da7bb42e625cb692664 --network-alias postgres -p 5432:5432 --health-cmd pg_isready --health-interval 10s --health-timeout 5s --health-retries 5 -e "POSTGRES_USER=tafeladmin" -e "POSTGRES_PASSWORD=tafeladmin" -e "POSTGRES_DB=tafeladmin" -e GITHUB_ACTIONS=true -e CI=true postgres:18-bookworm
2026-08-29T15:09:28.4896563Z 50febfa399f3c07acca9f2e1f8b83eca29940cf4826df808103fc3fe5c21e76b
2026-08-29T15:09:28.4912470Z ##[command]/usr/bin/docker start 50febfa399f3c07acca9f2e1f8b83eca29940cf4826df808103fc3fe5c21e76b
2026-08-29T15:09:28.7173265Z 50febfa399f3c07acca9f2e1f8b83eca29940cf4826df808103fc3fe5c21e76b
2026-08-29T15:09:28.7191654Z ##[command]/usr/bin/docker ps --all --filter id=50febfa399f3c07acca9f2e1f8b83eca29940cf4826df808103fc3fe5c21e76b --filter status=running --no-trunc --format "{{.ID}} {{.Status}}"
2026-08-29T15:09:28.7323666Z 50febfa399f3c07acca9f2e1f8b83eca29940cf4826df808103fc3fe5c21e76b Up Less than a second (health: starting)
2026-08-29T15:09:28.7338729Z ##[command]/usr/bin/docker port 50febfa399f3c07acca9f2e1f8b83eca29940cf4826df808103fc3fe5c21e76b
2026-08-29T15:09:28.7490396Z 5432/tcp -> 0.0.0.0:5432
2026-08-29T15:09:28.7491843Z 5432/tcp -> [::]:5432
2026-08-29T15:09:28.7541751Z ##[endgroup]
2026-08-29T15:09:28.7550530Z ##[group]Waiting for all services to be ready
2026-08-29T15:09:28.7562966Z ##[command]/usr/bin/docker inspect --format="{{if .Config.Healthcheck}}{{print .State.Health.Status}}{{end}}" 50febfa399f3c07acca9f2e1f8b83eca29940cf4826df808103fc3fe5c21e76b
2026-08-29T15:09:28.7686788Z starting
2026-08-29T15:09:28.7702371Z postgres service is starting, waiting 2 seconds before checking again.
2026-08-29T15:09:30.7704478Z ##[command]/usr/bin/docker inspect --format="{{if .Config.Healthcheck}}{{print .State.Health.Status}}{{end}}" 50febfa399f3c07acca9f2e1f8b83eca29940cf4826df808103fc3fe5c21e76b
2026-08-29T15:09:30.7839760Z starting
2026-08-29T15:09:30.7849011Z postgres service is starting, waiting 3 seconds before checking again.
2026-08-29T15:09:34.6153593Z ##[command]/usr/bin/docker inspect --format="{{if .Config.Healthcheck}}{{print .State.Health.Status}}{{end}}" 50febfa399f3c07acca9f2e1f8b83eca29940cf4826df808103fc3fe5c21e76b
2026-08-29T15:09:34.6283880Z starting
2026-08-29T15:09:34.6299256Z postgres service is starting, waiting 7 seconds before checking again.
2026-08-29T15:09:42.5221552Z ##[command]/usr/bin/docker inspect --format="{{if .Config.Healthcheck}}{{print .State.Health.Status}}{{end}}" 50febfa399f3c07acca9f2e1f8b83eca29940cf4826df808103fc3fe5c21e76b
2026-08-29T15:09:42.5351145Z healthy
2026-08-29T15:09:42.5362842Z postgres service is healthy.
2026-08-29T15:09:42.5363636Z ##[endgroup]
2026-08-29T15:09:42.5632063Z ##[group]Run actions/checkout@3d3c42e5aac5ba805825da76410c181273ba90b1
2026-08-29T15:09:42.5632836Z with:
2026-08-29T15:09:42.5633175Z   repository: wrk-tafel/admin
2026-08-29T15:09:42.5635507Z   token: ***
2026-08-29T15:09:42.5636076Z   ssh-strict: true
2026-08-29T15:09:42.5636502Z   ssh-user: git
2026-08-29T15:09:42.5636802Z   persist-credentials: true
2026-08-29T15:09:42.5637157Z   clean: true
2026-08-29T15:09:42.5637461Z   sparse-checkout-cone-mode: true
2026-08-29T15:09:42.5637815Z   fetch-depth: 1
2026-08-29T15:09:42.5638098Z   fetch-tags: false
2026-08-29T15:09:42.5638380Z   show-progress: true
2026-08-29T15:09:42.5638838Z   lfs: false
2026-08-29T15:09:42.5639132Z   submodules: false
2026-08-29T15:09:42.5639430Z   set-safe-directory: true
2026-08-29T15:09:42.5639756Z   allow-unsafe-pr-checkout: false
2026-08-29T15:09:42.5640289Z env:
2026-08-29T15:09:42.5640558Z   JAVA_VERSION: 26
2026-08-29T15:09:42.5640865Z   JAVA_DISTRIBUTION: corretto
2026-08-29T15:09:42.5641271Z ##[endgroup]
2026-08-29T15:09:42.6564162Z Syncing repository: wrk-tafel/admin
2026-08-29T15:09:42.6566151Z ##[group]Getting Git version info
2026-08-29T15:09:42.6566975Z Working directory is '/home/runner/work/admin/admin'
2026-08-29T15:09:42.6567907Z [command]/usr/bin/git version
2026-08-29T15:09:42.6629458Z git version 2.55.0
2026-08-29T15:09:42.6646845Z ##[endgroup]
2026-08-29T15:09:42.6656737Z Temporarily overriding HOME='/home/runner/work/_temp/0a2afeb8-bbed-466d-a5ff-c1a69949eaf4' before making global git config changes
2026-08-29T15:09:42.6658218Z Adding repository directory to the temporary git global config as a safe directory
2026-08-29T15:09:42.6662671Z [command]/usr/bin/git config --global --add safe.directory /home/runner/work/admin/admin
2026-08-29T15:09:42.6714535Z Deleting the contents of '/home/runner/work/admin/admin'
2026-08-29T15:09:42.6717914Z ##[group]Determining repository object format
2026-08-29T15:09:42.6718748Z ##[endgroup]
2026-08-29T15:09:42.6719643Z ##[group]Initializing the repository
2026-08-29T15:09:42.6722110Z [command]/usr/bin/git init /home/runner/work/admin/admin
2026-08-29T15:09:42.6821101Z hint: Using 'master' as the name for the initial branch. This default branch name
2026-08-29T15:09:42.6822303Z hint: will change to "main" in Git 3.0. To configure the initial branch name
2026-08-29T15:09:42.6823507Z hint: to use in all of your new repositories, which will suppress this warning,
2026-08-29T15:09:42.6824317Z hint: call:
2026-08-29T15:09:42.6824824Z hint:
2026-08-29T15:09:42.6825512Z hint: 	git config --global init.defaultBranch <name>
2026-08-29T15:09:42.6826425Z hint:
2026-08-29T15:09:42.6827149Z hint: Names commonly chosen instead of 'master' are 'main', 'trunk' and
2026-08-29T15:09:42.6828252Z hint: 'development'. The just-created branch can be renamed via this command:
2026-08-29T15:09:42.6829062Z hint:
2026-08-29T15:09:42.6829659Z hint: 	git branch -m <name>
2026-08-29T15:09:42.6830239Z hint:
2026-08-29T15:09:42.6831443Z hint: Disable this message with "git config set advice.defaultBranchName false"
2026-08-29T15:09:42.6832557Z Initialized empty Git repository in /home/runner/work/admin/admin/.git/
2026-08-29T15:09:42.6834674Z [command]/usr/bin/git remote add origin https://github.com/wrk-tafel/admin
2026-08-29T15:09:42.6909099Z ##[endgroup]
2026-08-29T15:09:42.6909949Z ##[group]Disabling automatic garbage collection
2026-08-29T15:09:42.6912759Z [command]/usr/bin/git config --local gc.auto 0
2026-08-29T15:09:42.6938556Z ##[endgroup]
2026-08-29T15:09:42.6939334Z ##[group]Setting up auth
2026-08-29T15:09:42.6939986Z Removing SSH command configuration
2026-08-29T15:09:42.6944710Z [command]/usr/bin/git config --local --name-only --get-regexp core\.sshCommand
2026-08-29T15:09:42.6974133Z [command]/usr/bin/git submodule foreach --recursive sh -c "git config --local --name-only --get-regexp 'core\.sshCommand' && git config --local --unset-all 'core.sshCommand' || :"
2026-08-29T15:09:42.7292893Z Removing HTTP extra header
2026-08-29T15:09:42.7299588Z [command]/usr/bin/git config --local --name-only --get-regexp http\.https\:\/\/github\.com\/\.extraheader
2026-08-29T15:09:42.7339637Z [command]/usr/bin/git submodule foreach --recursive sh -c "git config --local --name-only --get-regexp 'http\.https\:\/\/github\.com\/\.extraheader' && git config --local --unset-all 'http.https://github.com/.extraheader' || :"
2026-08-29T15:09:42.7528306Z Removing includeIf entries pointing to credentials config files
2026-08-29T15:09:42.7532792Z [command]/usr/bin/git config --local --name-only --get-regexp ^includeIf\.gitdir:
2026-08-29T15:09:42.7559815Z [command]/usr/bin/git submodule foreach --recursive git config --local --show-origin --name-only --get-regexp remote.origin.url
2026-08-29T15:09:42.7731966Z [command]/usr/bin/git config --file /home/runner/work/_temp/git-credentials-91939cd4-9783-4b40-908c-134d96adbe46.config http.https://github.com/.extraheader AUTHORIZATION: basic ***
2026-08-29T15:09:42.7763562Z [command]/usr/bin/git config --local includeIf.gitdir:/home/runner/work/admin/admin/.git.path /home/runner/work/_temp/git-credentials-91939cd4-9783-4b40-908c-134d96adbe46.config
2026-08-29T15:09:42.7787835Z [command]/usr/bin/git config --local includeIf.gitdir:/home/runner/work/admin/admin/.git/worktrees/*.path /home/runner/work/_temp/git-credentials-91939cd4-9783-4b40-908c-134d96adbe46.config
2026-08-29T15:09:42.7815583Z [command]/usr/bin/git config --local includeIf.gitdir:/github/workspace/.git.path /github/runner_temp/git-credentials-91939cd4-9783-4b40-908c-134d96adbe46.config
2026-08-29T15:09:42.7840464Z [command]/usr/bin/git config --local includeIf.gitdir:/github/workspace/.git/worktrees/*.path /github/runner_temp/git-credentials-91939cd4-9783-4b40-908c-134d96adbe46.config
2026-08-29T15:09:42.7862369Z ##[endgroup]
2026-08-29T15:09:42.7862864Z ##[group]Fetching the repository
2026-08-29T15:09:42.7868225Z [command]/usr/bin/git -c protocol.version=2 fetch --no-tags --prune --no-recurse-submodules --depth=1 origin +1c35064808cc955d2486332c3e7ea63e4d74ac7f:refs/remotes/pull/3535/merge
2026-08-29T15:09:44.9007285Z From https://github.com/wrk-tafel/admin
2026-08-29T15:09:44.9007839Z  * [new ref]         1c35064808cc955d2486332c3e7ea63e4d74ac7f -> pull/3535/merge
2026-08-29T15:09:44.9011733Z ##[endgroup]
2026-08-29T15:09:44.9012547Z ##[group]Determining the checkout info
2026-08-29T15:09:44.9013075Z ##[endgroup]
2026-08-29T15:09:44.9018515Z [command]/usr/bin/git sparse-checkout disable
2026-08-29T15:09:44.9059370Z [command]/usr/bin/git config --local --unset-all extensions.worktreeConfig
2026-08-29T15:09:44.9084305Z ##[group]Checking out the ref
2026-08-29T15:09:44.9088628Z [command]/usr/bin/git checkout --progress --force refs/remotes/pull/3535/merge
2026-08-29T15:09:45.0602248Z Note: switching to 'refs/remotes/pull/3535/merge'.
2026-08-29T15:09:45.0602542Z 
2026-08-29T15:09:45.0602800Z You are in 'detached HEAD' state. You can look around, make experimental
2026-08-29T15:09:45.0603469Z changes and commit them, and you can discard any commits you make in this
2026-08-29T15:09:45.0604006Z state without impacting any branches by switching back to a branch.
2026-08-29T15:09:45.0604429Z 
2026-08-29T15:09:45.0604733Z If you want to create a new branch to retain commits you create, you may
2026-08-29T15:09:45.0605335Z do so (now or later) by using -c with the switch command. Example:
2026-08-29T15:09:45.0605633Z 
2026-08-29T15:09:45.0605819Z   git switch -c <new-branch-name>
2026-08-29T15:09:45.0606178Z 
2026-08-29T15:09:45.0606418Z Or undo this operation with:
2026-08-29T15:09:45.0606668Z 
2026-08-29T15:09:45.0606799Z   git switch -
2026-08-29T15:09:45.0607035Z 
2026-08-29T15:09:45.0607280Z Turn off this advice by setting config variable advice.detachedHead to false
2026-08-29T15:09:45.0607746Z 
2026-08-29T15:09:45.0608137Z HEAD is now at 1c35064 Merge 803c06aefe36afd219b16a450d1ad137f19e4add into 5fd5c766313fc66de4cb2ecb28e9b62faaae6722
2026-08-29T15:09:45.0613603Z ##[endgroup]
2026-08-29T15:09:45.0655676Z [command]/usr/bin/git log -1 --format=%H
2026-08-29T15:09:45.0679699Z 1c35064808cc955d2486332c3e7ea63e4d74ac7f
2026-08-29T15:09:45.0899885Z ##[group]Run actions/setup-node@820762786026740c76f36085b0efc47a31fe5020
2026-08-29T15:09:45.0900276Z with:
2026-08-29T15:09:45.0900605Z   node-version-file: frontend/src/main/webapp/.nvmrc
2026-08-29T15:09:45.0900933Z   cache: npm
2026-08-29T15:09:45.0901254Z   cache-dependency-path: frontend/src/main/webapp/package-lock.json
2026-08-29T15:09:45.0901657Z   check-latest: false
2026-08-29T15:09:45.0903737Z   token: ***
2026-08-29T15:09:45.0904060Z   package-manager-cache: true
2026-08-29T15:09:45.0904525Z env:
2026-08-29T15:09:45.0904782Z   JAVA_VERSION: 26
2026-08-29T15:09:45.0905092Z   JAVA_DISTRIBUTION: corretto
2026-08-29T15:09:45.0905567Z ##[endgroup]
2026-08-29T15:09:45.2031648Z Node version file is not JSON file
2026-08-29T15:09:45.2033360Z Resolved frontend/src/main/webapp/.nvmrc as 26.5.0
2026-08-29T15:09:45.2052360Z Attempting to download 26.5.0...
2026-08-29T15:09:46.1526051Z Acquiring 26.5.0 - x64 from https://github.com/actions/node-versions/releases/download/26.5.0-28944078721/node-26.5.0-linux-x64.tar.gz
2026-08-29T15:09:46.7824265Z Extracting ...
2026-08-29T15:09:46.7935471Z [command]/usr/bin/tar xz --strip 1 --warning=no-unknown-keyword --overwrite -C /home/runner/work/_temp/a53d5ec0-ca52-4be8-a261-0b65afcde633 -f /home/runner/work/_temp/5fb79cc5-0b58-4304-95a6-bb617dad96f0
2026-08-29T15:09:48.1549226Z Adding to the cache ...
2026-08-29T15:09:50.2266191Z ##[group]Environment details
2026-08-29T15:09:50.4319639Z node: v26.5.0
2026-08-29T15:09:50.4320095Z npm: 11.17.0
2026-08-29T15:09:50.4336775Z yarn: 1.22.22
2026-08-29T15:09:50.4337529Z ##[endgroup]
2026-08-29T15:09:50.4338195Z [command]/opt/hostedtoolcache/node/26.5.0/x64/bin/npm config get cache
2026-08-29T15:09:50.5164931Z /home/runner/.npm
2026-08-29T15:09:50.7511566Z Cache hit for: node-cache-Linux-x64-npm-0aa713be36197317b35701ed711a50a759bdb5592c025646a8e5b637f3a4ba39
2026-08-29T15:09:51.9974656Z Received 29360128 of 93202996 (31.5%), 28.0 MBs/sec
2026-08-29T15:09:52.7398493Z Received 93202996 of 93202996 (100.0%), 51.1 MBs/sec
2026-08-29T15:09:52.7399106Z Cache Size: ~89 MB (93202996 B)
2026-08-29T15:09:52.7458633Z [command]/usr/bin/tar -xf /home/runner/work/_temp/c55731be-ac7f-4476-8212-259ce5406330/cache.tzst -P -C /home/runner/work/admin/admin --use-compress-program unzstd
2026-08-29T15:09:52.8781875Z Cache restored successfully
2026-08-29T15:09:52.9316021Z Cache restored from key: node-cache-Linux-x64-npm-0aa713be36197317b35701ed711a50a759bdb5592c025646a8e5b637f3a4ba39
2026-08-29T15:09:52.9534226Z ##[group]Run actions/setup-java@dd06d9cba3e5552c54d9f8ea23572deb30010f7c
2026-08-29T15:09:52.9534654Z with:
2026-08-29T15:09:52.9534956Z   java-version: 26
2026-08-29T15:09:52.9535275Z   distribution: corretto
2026-08-29T15:09:52.9535662Z   java-package: jdk
2026-08-29T15:09:52.9536165Z   check-latest: false
2026-08-29T15:09:52.9536478Z   force-download: false
2026-08-29T15:09:52.9536765Z   set-default: true
2026-08-29T15:09:52.9537023Z   server-id: github
2026-08-29T15:09:52.9537359Z   mvn-repositories-include-central: true
2026-08-29T15:09:52.9537756Z   mvn-repositories-prioritize-central: true
2026-08-29T15:09:52.9538179Z   overwrite-settings: true
2026-08-29T15:09:52.9538641Z   cache-read-only: false
2026-08-29T15:09:52.9538998Z   job-status: success
2026-08-29T15:09:52.9541020Z   token: ***
2026-08-29T15:09:52.9541311Z   show-download-progress: false
2026-08-29T15:09:52.9541612Z   problem-matcher: true
2026-08-29T15:09:52.9541892Z env:
2026-08-29T15:09:52.9542225Z   JAVA_VERSION: 26
2026-08-29T15:09:52.9542508Z   JAVA_DISTRIBUTION: corretto
2026-08-29T15:09:52.9542842Z ##[endgroup]
2026-08-29T15:09:53.0240369Z ##[group]Installed distributions
2026-08-29T15:09:53.0291241Z Trying to resolve the latest version from remote
2026-08-29T15:09:53.1295152Z Resolved latest version as 26.0.2+11.1
2026-08-29T15:09:53.1296148Z Trying to download...
2026-08-29T15:09:53.1297699Z Downloading Java 26.0.2+11.1 (Corretto) from https://corretto.aws/downloads/resources/26.0.2.11.1/amazon-corretto-26.0.2.11.1-linux-x64.tar.gz ...
2026-08-29T15:09:54.0320493Z Extracting Java archive...
2026-08-29T15:09:54.0434425Z [command]/usr/bin/tar --use-compress-program /usr/bin/pigz -d -x --warning=no-unknown-keyword --overwrite -C /home/runner/work/_temp/f78d3fb9-5430-469e-8e13-437ecc25eddc -f /home/runner/work/_temp/b6b348c6-4f02-44da-8d3d-14f301099790
2026-08-29T15:09:55.8605603Z Java 26.0.2+11.1 was downloaded
2026-08-29T15:09:55.8606377Z Setting Java 26.0.2+11.1 as the default
2026-08-29T15:09:55.8611049Z 
2026-08-29T15:09:55.8611546Z Java configuration:
2026-08-29T15:09:55.8612065Z   Distribution: corretto
2026-08-29T15:09:55.8612701Z   Version: 26.0.2+11.1
2026-08-29T15:09:55.8613386Z   Path: /opt/hostedtoolcache/Java_Corretto_jdk/26.0.2-11.1/x64
2026-08-29T15:09:55.8613737Z 
2026-08-29T15:09:55.8614205Z ##[endgroup]
2026-08-29T15:09:55.8659085Z Creating settings.xml with server-id: github
2026-08-29T15:09:55.8660234Z Creating toolchains.xml for JDK version 26 from corretto
2026-08-29T15:09:55.8662983Z Writing to /home/runner/.m2/settings.xml
2026-08-29T15:09:55.8665261Z Writing to /home/runner/.m2/toolchains.xml
2026-08-29T15:09:55.8672986Z Configured MAVEN_ARGS to include -ntp to suppress Maven transfer progress logs. Set 'show-download-progress: true' to keep the download progress output.
2026-08-29T15:09:55.8804883Z ##[group]Run actions/download-artifact@3e5f45b2cfb9172054b4087a40e8e0b5a5461e7c
2026-08-29T15:09:55.8805378Z with:
2026-08-29T15:09:55.8805661Z   name: admin-jarfile
2026-08-29T15:09:55.8806260Z   path: ./artifact
2026-08-29T15:09:55.8806600Z   merge-multiple: false
2026-08-29T15:09:55.8806923Z   repository: wrk-tafel/admin
2026-08-29T15:09:55.8807274Z   run-id: 33259404646
2026-08-29T15:09:55.8807622Z   skip-decompress: false
2026-08-29T15:09:55.8807956Z   digest-mismatch: error
2026-08-29T15:09:55.8808286Z env:
2026-08-29T15:09:55.8808558Z   JAVA_VERSION: 26
2026-08-29T15:09:55.8808904Z   JAVA_DISTRIBUTION: corretto
2026-08-29T15:09:55.8809313Z   JAVA_HOME: /opt/hostedtoolcache/Java_Corretto_jdk/26.0.2-11.1/x64
2026-08-29T15:09:55.8810265Z   JAVA_HOME_26_X64: /opt/hostedtoolcache/Java_Corretto_jdk/26.0.2-11.1/x64
2026-08-29T15:09:55.8810809Z   MAVEN_ARGS: -ntp
2026-08-29T15:09:55.8811123Z ##[endgroup]
2026-08-29T15:09:56.0022496Z Downloading single artifact
2026-08-29T15:09:56.2315941Z Preparing to download the following artifacts:
2026-08-29T15:09:56.2316835Z - admin-jarfile (ID: 9716815146, Size: 96001492, Expected Digest: sha256:6d5a97454a4146f798177f1d9fab88eb94b6f1fb709917a5ead0874d736cd368)
2026-08-29T15:09:56.6687899Z Redirecting to blob download url: https://productionresultssa10.blob.core.windows.net/actions-results/2eaf8d63-e0ab-4c20-a769-6fafee95f50a/workflow-job-run-c62df517-aea4-5a96-8e0e-a3b400d6ffcf/artifacts/f3b0eb20d3aa07055a2644803fabcf34847bf88e165ffba69b053591eaa124f6.zip
2026-08-29T15:09:56.6690056Z Starting download of artifact to: /home/runner/work/admin/admin/artifact
2026-08-29T15:09:56.9970617Z (node:2610) [DEP0005] DeprecationWarning: Buffer() is deprecated due to security and usability issues. Please use the Buffer.alloc(), Buffer.allocUnsafe(), or Buffer.from() methods instead.
2026-08-29T15:09:56.9972421Z (Use `node --trace-deprecation ...` to show where the warning was created)
2026-08-29T15:10:00.5546921Z SHA256 digest of downloaded artifact is 6d5a97454a4146f798177f1d9fab88eb94b6f1fb709917a5ead0874d736cd368
2026-08-29T15:10:00.5547871Z Artifact download completed successfully.
2026-08-29T15:10:00.5548343Z Total of 1 artifact(s) downloaded
2026-08-29T15:10:00.5552879Z Download artifact has finished successfully
2026-08-29T15:10:00.5660455Z ##[group]Run actions/download-artifact@3e5f45b2cfb9172054b4087a40e8e0b5a5461e7c
2026-08-29T15:10:00.5660991Z with:
2026-08-29T15:10:00.5661290Z   name: frontend-dist
2026-08-29T15:10:00.5661615Z   path: ./static
2026-08-29T15:10:00.5661955Z   merge-multiple: false
2026-08-29T15:10:00.5662272Z   repository: wrk-tafel/admin
2026-08-29T15:10:00.5662642Z   run-id: 33259404646
2026-08-29T15:10:00.5662961Z   skip-decompress: false
2026-08-29T15:10:00.5663298Z   digest-mismatch: error
2026-08-29T15:10:00.5663663Z env:
2026-08-29T15:10:00.5663928Z   JAVA_VERSION: 26
2026-08-29T15:10:00.5664264Z   JAVA_DISTRIBUTION: corretto
2026-08-29T15:10:00.5664693Z   JAVA_HOME: /opt/hostedtoolcache/Java_Corretto_jdk/26.0.2-11.1/x64
2026-08-29T15:10:00.5665186Z   JAVA_HOME_26_X64: /opt/hostedtoolcache/Java_Corretto_jdk/26.0.2-11.1/x64
2026-08-29T15:10:00.5665651Z   MAVEN_ARGS: -ntp
2026-08-29T15:10:00.5666192Z ##[endgroup]
2026-08-29T15:10:00.6857403Z Downloading single artifact
2026-08-29T15:10:00.8991865Z Preparing to download the following artifacts:
2026-08-29T15:10:00.8993059Z - frontend-dist (ID: 9716810351, Size: 1526091, Expected Digest: sha256:db0b3e47a3fb7a4f69e6e2421975abc6edfed320e3b28b70b43caf5084681192)
2026-08-29T15:10:01.3700254Z Redirecting to blob download url: https://productionresultssa10.blob.core.windows.net/actions-results/2eaf8d63-e0ab-4c20-a769-6fafee95f50a/workflow-job-run-cd56cb88-00fd-5021-9404-26c6eb09ca70/artifacts/f3a918e98d3e1bd24ff7789f715913d1e23ac11f0efa875caa55a923ea0c0765.zip
2026-08-29T15:10:01.3701761Z Starting download of artifact to: /home/runner/work/admin/admin/static
2026-08-29T15:10:01.6061167Z (node:2646) [DEP0005] DeprecationWarning: Buffer() is deprecated due to security and usability issues. Please use the Buffer.alloc(), Buffer.allocUnsafe(), or Buffer.from() methods instead.
2026-08-29T15:10:01.6062826Z (Use `node --trace-deprecation ...` to show where the warning was created)
2026-08-29T15:10:02.0161413Z SHA256 digest of downloaded artifact is db0b3e47a3fb7a4f69e6e2421975abc6edfed320e3b28b70b43caf5084681192
2026-08-29T15:10:02.0162035Z Artifact download completed successfully.
2026-08-29T15:10:02.0162579Z Total of 1 artifact(s) downloaded
2026-08-29T15:10:02.0164145Z Download artifact has finished successfully
2026-08-29T15:10:02.0265808Z ##[group]Run npm ci --ignore-scripts
2026-08-29T15:10:02.0266778Z [36;1mnpm ci --ignore-scripts[0m
2026-08-29T15:10:02.0293451Z shell: /usr/bin/bash -e {0}
2026-08-29T15:10:02.0293829Z env:
2026-08-29T15:10:02.0294182Z   JAVA_VERSION: 26
2026-08-29T15:10:02.0294498Z   JAVA_DISTRIBUTION: corretto
2026-08-29T15:10:02.0294905Z   JAVA_HOME: /opt/hostedtoolcache/Java_Corretto_jdk/26.0.2-11.1/x64
2026-08-29T15:10:02.0295410Z   JAVA_HOME_26_X64: /opt/hostedtoolcache/Java_Corretto_jdk/26.0.2-11.1/x64
2026-08-29T15:10:02.0295997Z   MAVEN_ARGS: -ntp
2026-08-29T15:10:02.0296375Z ##[endgroup]
2026-08-29T15:10:05.6239273Z npm warn deprecated @angular/animations@22.1.3: @angular/animations is deprecated. Use `animate.enter` and `animate.leave` instead. For more information see: https://v22.angular.dev/guide/animations.
2026-08-29T15:10:13.8969289Z 
2026-08-29T15:10:13.8970643Z added 702 packages, and audited 703 packages in 12s
2026-08-29T15:10:13.8971148Z 
2026-08-29T15:10:13.8971849Z 179 packages are looking for funding
2026-08-29T15:10:13.8972370Z   run `npm fund` for details
2026-08-29T15:10:13.9001381Z 
2026-08-29T15:10:13.9002408Z 2 high severity vulnerabilities
2026-08-29T15:10:13.9002725Z 
2026-08-29T15:10:13.9002902Z To address all issues, run:
2026-08-29T15:10:13.9003431Z   npm audit fix
2026-08-29T15:10:13.9003590Z 
2026-08-29T15:10:13.9003784Z Run `npm audit` for details.
2026-08-29T15:10:13.9487113Z ##[group]Run node_modules/.bin/cypress install
2026-08-29T15:10:13.9487629Z [36;1mnode_modules/.bin/cypress install[0m
2026-08-29T15:10:13.9516682Z shell: /usr/bin/bash -e {0}
2026-08-29T15:10:13.9517139Z env:
2026-08-29T15:10:13.9517462Z   JAVA_VERSION: 26
2026-08-29T15:10:13.9517795Z   JAVA_DISTRIBUTION: corretto
2026-08-29T15:10:13.9518251Z   JAVA_HOME: /opt/hostedtoolcache/Java_Corretto_jdk/26.0.2-11.1/x64
2026-08-29T15:10:13.9518788Z   JAVA_HOME_26_X64: /opt/hostedtoolcache/Java_Corretto_jdk/26.0.2-11.1/x64
2026-08-29T15:10:13.9519270Z   MAVEN_ARGS: -ntp
2026-08-29T15:10:13.9519549Z ##[endgroup]
2026-08-29T15:10:14.1770954Z Installing Cypress (version: 15.21.0)
2026-08-29T15:10:14.1771441Z 
2026-08-29T15:10:14.1791574Z [33m[STARTED][39m [2m[15:10:14][22m  Downloading Cypress    
2026-08-29T15:10:15.8168298Z [32m[COMPLETED][39m [2m[15:10:15][22m  Downloaded Cypress     
2026-08-29T15:10:15.8169693Z [33m[STARTED][39m [2m[15:10:15][22m  Unzipping Cypress      
2026-08-29T15:10:22.1045623Z [32m[COMPLETED][39m [2m[15:10:22][22m  Unzipped Cypress       
2026-08-29T15:10:22.1046842Z [33m[STARTED][39m [2m[15:10:22][22m  Finishing Installation 
2026-08-29T15:10:22.1232879Z [32m[COMPLETED][39m [2m[15:10:22][22m  Finished Installation   /home/runner/.cache/Cypress/15.21.0
2026-08-29T15:10:23.1249141Z 
2026-08-29T15:10:23.1250597Z You can now open Cypress by running one of the following, depending on your package manager:
2026-08-29T15:10:23.1251962Z 
2026-08-29T15:10:23.1254120Z - npx cypress open
2026-08-29T15:10:23.1254676Z - yarn cypress open
2026-08-29T15:10:23.1255168Z - pnpm cypress open
2026-08-29T15:10:23.1255359Z 
2026-08-29T15:10:23.1255577Z https://on.cypress.io/opening-the-app
2026-08-29T15:10:23.1256251Z 
2026-08-29T15:10:23.1452288Z ##[group]Run java -Dspring.profiles.active=e2e -jar ./artifact/admin-backend.jar &
2026-08-29T15:10:23.1453006Z [36;1mjava -Dspring.profiles.active=e2e -jar ./artifact/admin-backend.jar &[0m
2026-08-29T15:10:23.1453507Z [36;1mcd frontend/src/main/webapp[0m
2026-08-29T15:10:23.1453883Z [36;1m[0m
2026-08-29T15:10:23.1454192Z [36;1mspecs=""[0m
2026-08-29T15:10:23.1454753Z [36;1mfor f in scanner.cy.ts statistics-children.cy.ts statistics-general.cy.ts support-request.cy.ts ticket-screen.cy.ts; do[0m
2026-08-29T15:10:23.1455411Z [36;1m  specs="${specs}cypress/e2e/${f},"[0m
2026-08-29T15:10:23.1455788Z [36;1mdone[0m
2026-08-29T15:10:23.1456343Z [36;1m[0m
2026-08-29T15:10:23.1456674Z [36;1mnpm run cy:run-ci -- --spec "${specs%,}"[0m
2026-08-29T15:10:23.1480193Z shell: /usr/bin/bash -e {0}
2026-08-29T15:10:23.1480616Z env:
2026-08-29T15:10:23.1480937Z   JAVA_VERSION: 26
2026-08-29T15:10:23.1481271Z   JAVA_DISTRIBUTION: corretto
2026-08-29T15:10:23.1481853Z   JAVA_HOME: /opt/hostedtoolcache/Java_Corretto_jdk/26.0.2-11.1/x64
2026-08-29T15:10:23.1482421Z   JAVA_HOME_26_X64: /opt/hostedtoolcache/Java_Corretto_jdk/26.0.2-11.1/x64
2026-08-29T15:10:23.1482877Z   MAVEN_ARGS: -ntp
2026-08-29T15:10:23.1483183Z ##[endgroup]
2026-08-29T15:10:23.2607453Z 
2026-08-29T15:10:23.2624644Z > @tafel/admin@0.0.1 cy:run-ci
2026-08-29T15:10:23.2627333Z > wait-on -l -d 10000 tcp:8080 && cypress run --browser chrome --config baseUrl=http://localhost:8080/ --spec cypress/e2e/scanner.cy.ts,cypress/e2e/statistics-children.cy.ts,cypress/e2e/statistics-general.cy.ts,cypress/e2e/support-request.cy.ts,cypress/e2e/ticket-screen.cy.ts
2026-08-29T15:10:23.2629071Z 
2026-08-29T15:10:23.5957563Z waiting for 1 resources: tcp:8080
2026-08-29T15:10:24.6334594Z 
2026-08-29T15:10:24.6357234Z   .   ____          _            __ _ _
2026-08-29T15:10:24.6358144Z  /\\ / ___'_ __ _ _(_)_ __  __ _ \ \ \ \
2026-08-29T15:10:24.6358968Z ( ( )\___ | '_ | '_| | '_ \/ _` | \ \ \ \
2026-08-29T15:10:24.6359589Z  \\/  ___)| |_)| | | | | || (_| |  ) ) ) )
2026-08-29T15:10:24.6360197Z   '  |____| .__|_| |_|_| |_\__, | / / / /
2026-08-29T15:10:24.6360765Z  =========|_|==============|___/=/_/_/_/
2026-08-29T15:10:24.6361106Z 
2026-08-29T15:10:24.6361454Z  :: Spring Boot ::                (v4.1.1)
2026-08-29T15:10:24.6361926Z 
2026-08-29T15:10:24.7449299Z 2026-08-29T15:10:24.740Z  INFO 2745 --- [           main] a.w.t.a.b.AdminBackendApplicationKt      : Starting AdminBackendApplicationKt v0.0.1-SNAPSHOT using Java 26.0.2.1 with PID 2745 (/home/runner/work/admin/admin/artifact/admin-backend.jar started by runner in /home/runner/work/admin/admin)
2026-08-29T15:10:24.7468104Z 2026-08-29T15:10:24.745Z  INFO 2745 --- [           main] a.w.t.a.b.AdminBackendApplicationKt      : The following 1 profile is active: "e2e"
2026-08-29T15:10:26.0556800Z 2026-08-29T15:10:26.055Z  INFO 2745 --- [           main] .s.d.r.c.RepositoryConfigurationDelegate : Bootstrapping Spring Data JPA repositories in DEFAULT mode.
2026-08-29T15:10:26.1833168Z 2026-08-29T15:10:26.182Z  INFO 2745 --- [           main] .s.d.r.c.RepositoryConfigurationDelegate : Finished Spring Data repository scanning in 115 ms. Found 31 JPA repository interfaces.
2026-08-29T15:10:27.3030233Z 2026-08-29T15:10:27.302Z  INFO 2745 --- [           main] o.s.cloud.context.scope.GenericScope     : BeanFactory id=95195ff2-dbd8-37c7-babd-ec9af047d4f7
2026-08-29T15:10:28.1339594Z 2026-08-29T15:10:28.133Z  INFO 2745 --- [           main] o.s.boot.tomcat.TomcatWebServer          : Tomcat initialized with port 8080 (http)
2026-08-29T15:10:28.1904225Z 2026-08-29T15:10:28.189Z  INFO 2745 --- [           main] b.w.c.s.WebApplicationContextInitializer : Root WebApplicationContext: initialization completed in 3374 ms
2026-08-29T15:10:28.6713106Z 2026-08-29T15:10:28.670Z  INFO 2745 --- [           main] com.zaxxer.hikari.HikariDataSource       : HikariPool-1 - Starting...
2026-08-29T15:10:28.8717800Z 2026-08-29T15:10:28.871Z  INFO 2745 --- [           main] com.zaxxer.hikari.pool.HikariPool        : HikariPool-1 - Added connection org.postgresql.jdbc.PgConnection@7095b688
2026-08-29T15:10:28.8743557Z 2026-08-29T15:10:28.874Z  INFO 2745 --- [           main] com.zaxxer.hikari.HikariDataSource       : HikariPool-1 - Start completed.
2026-08-29T15:10:28.8968494Z 2026-08-29T15:10:28.894Z  INFO 2745 --- [           main] org.flywaydb.core.FlywayExecutor         : Database: jdbc:postgresql://localhost:5432/tafeladmin (PostgreSQL 18.6)
2026-08-29T15:10:28.9125273Z 2026-08-29T15:10:28.912Z  INFO 2745 --- [           main] o.f.c.i.resource.ResourceNameValidator   : 1 SQL migrations were detected but not run because they did not follow the filename convention.
2026-08-29T15:10:28.9147989Z 2026-08-29T15:10:28.912Z  INFO 2745 --- [           main] o.f.c.i.resource.ResourceNameValidator   : Set 'validateMigrationNaming' to true to fail fast and see a list of the invalid file names.
2026-08-29T15:10:28.9708929Z 2026-08-29T15:10:28.969Z  WARN 2745 --- [           main] o.f.core.internal.util.DeprecationUtils  : 'createSchema' callback is deprecated and will be removed in a future release.Please use beforeCreateSchema instead
2026-08-29T15:10:29.0113033Z 2026-08-29T15:10:29.010Z  INFO 2745 --- [           main] o.f.c.i.s.JdbcTableSchemaHistory         : Schema history table "public"."flyway_schema_history" does not exist yet
2026-08-29T15:10:29.0140068Z 2026-08-29T15:10:29.012Z  INFO 2745 --- [           main] o.f.c.i.command.clean.CleanExecutor      : Successfully dropped pre-schema database level objects (execution time 00:00.000s)
2026-08-29T15:10:29.0326727Z 2026-08-29T15:10:29.030Z  INFO 2745 --- [           main] o.f.c.i.command.clean.CleanExecutor      : Successfully cleaned schema "public" (execution time 00:00.016s)
2026-08-29T15:10:29.0418523Z 2026-08-29T15:10:29.041Z  INFO 2745 --- [           main] o.f.c.i.command.clean.CleanExecutor      : Successfully cleaned schema "public" (execution time 00:00.010s)
2026-08-29T15:10:29.0427896Z 2026-08-29T15:10:29.042Z  INFO 2745 --- [           main] o.f.c.i.command.clean.CleanExecutor      : Successfully dropped post-schema database level objects (execution time 00:00.000s)
2026-08-29T15:10:29.0630463Z 2026-08-29T15:10:29.061Z  INFO 2745 --- [           main] org.flywaydb.core.FlywayExecutor         : Database: jdbc:postgresql://localhost:5432/tafeladmin (PostgreSQL 18.6)
2026-08-29T15:10:29.0760683Z 2026-08-29T15:10:29.074Z  INFO 2745 --- [           main] o.f.c.i.resource.ResourceNameValidator   : 1 SQL migrations were detected but not run because they did not follow the filename convention.
2026-08-29T15:10:29.0793280Z 2026-08-29T15:10:29.075Z  INFO 2745 --- [           main] o.f.c.i.resource.ResourceNameValidator   : Set 'validateMigrationNaming' to true to fail fast and see a list of the invalid file names.
2026-08-29T15:10:29.0829908Z 2026-08-29T15:10:29.082Z  WARN 2745 --- [           main] o.f.core.internal.util.DeprecationUtils  : 'createSchema' callback is deprecated and will be removed in a future release.Please use beforeCreateSchema instead
2026-08-29T15:10:29.2034991Z 2026-08-29T15:10:29.202Z  INFO 2745 --- [           main] o.f.c.i.s.JdbcTableSchemaHistory         : Schema history table "public"."flyway_schema_history" does not exist yet
2026-08-29T15:10:29.2087460Z 2026-08-29T15:10:29.207Z  INFO 2745 --- [           main] o.f.core.internal.command.DbValidate     : Successfully validated 116 migrations (execution time 00:00.117s)
2026-08-29T15:10:29.2168458Z 2026-08-29T15:10:29.216Z  INFO 2745 --- [           main] org.flywaydb.core.Flyway                 : All configured schemas are empty; a baseline marker will not be added to Flyway's schema history table. A baseline or migration script with a lower version than the baseline version may execute if available. Check the Schemas parameter if this is not intended. See https://help.red-gate.com/help/flyway-cli12/help_4.aspx?topic=baseline-on-migrate for more info
2026-08-29T15:10:29.2215422Z 2026-08-29T15:10:29.220Z  INFO 2745 --- [           main] o.f.c.i.s.JdbcTableSchemaHistory         : Creating Schema History table "public"."flyway_schema_history" ...
2026-08-29T15:10:29.3728321Z 2026-08-29T15:10:29.369Z  INFO 2745 --- [           main] o.f.core.internal.command.DbMigrate      : Current version of schema "public": << Empty Schema >>
2026-08-29T15:10:29.5188578Z 2026-08-29T15:10:29.518Z  INFO 2745 --- [           main] o.f.core.internal.command.DbMigrate      : Migrating schema "public" with repeatable migration "00000 maintenance"
2026-08-29T15:10:29.5294167Z 2026-08-29T15:10:29.528Z  INFO 2745 --- [           main] o.f.core.internal.command.DbMigrate      : Migrating schema "public" with repeatable migration "00001 user tables"
2026-08-29T15:10:29.5468034Z 2026-08-29T15:10:29.546Z  INFO 2745 --- [           main] o.f.core.internal.command.DbMigrate      : Migrating schema "public" with repeatable migration "00002 countries"
2026-08-29T15:10:29.6448821Z 2026-08-29T15:10:29.643Z  INFO 2745 --- [           main] o.f.core.internal.command.DbMigrate      : Migrating schema "public" with repeatable migration "00003 static values"
2026-08-29T15:10:29.6538070Z 2026-08-29T15:10:29.652Z  INFO 2745 --- [           main] o.f.core.internal.command.DbMigrate      : Migrating schema "public" with repeatable migration "00004 customer tables"
2026-08-29T15:10:29.6648927Z 2026-08-29T15:10:29.664Z  INFO 2745 --- [           main] o.f.core.internal.command.DbMigrate      : Migrating schema "public" with repeatable migration "00005 create hibernate sequence"
2026-08-29T15:10:29.6673352Z 2026-08-29T15:10:29.666Z  INFO 2745 --- [           main] o.f.c.i.s.DefaultSqlScriptExecutor       : DB: sequence "hibernate_sequence" does not exist, skipping
2026-08-29T15:10:29.6771631Z 2026-08-29T15:10:29.676Z  INFO 2745 --- [           main] o.f.core.internal.command.DbMigrate      : Migrating schema "public" with repeatable migration "00006 customer telephoneNumber to string"
2026-08-29T15:10:29.6851786Z 2026-08-29T15:10:29.684Z  INFO 2745 --- [           main] o.f.core.internal.command.DbMigrate      : Migrating schema "public" with repeatable migration "00007 addpersons add country"
2026-08-29T15:10:29.6894441Z 2026-08-29T15:10:29.689Z  INFO 2745 --- [           main] o.f.core.internal.command.DbMigrate      : Migrating schema "public" with repeatable migration "00008 static values 2022"
2026-08-29T15:10:29.6969286Z 2026-08-29T15:10:29.696Z  INFO 2745 --- [           main] o.f.core.internal.command.DbMigrate      : Migrating schema "public" with repeatable migration "00009 distribution event table"
2026-08-29T15:10:29.7027959Z 2026-08-29T15:10:29.701Z  INFO 2745 --- [           main] o.f.core.internal.command.DbMigrate      : Migrating schema "public" with repeatable migration "00010 add more fields to distribution table"
2026-08-29T15:10:29.7048476Z 2026-08-29T15:10:29.704Z  INFO 2745 --- [           main] o.f.core.internal.command.DbMigrate      : Migrating schema "public" with repeatable migration "00011 add employer for addpersons"
2026-08-29T15:10:29.7077085Z 2026-08-29T15:10:29.707Z  INFO 2745 --- [           main] o.f.core.internal.command.DbMigrate      : Migrating schema "public" with repeatable migration "00012 add customer notes"
2026-08-29T15:10:29.7112367Z 2026-08-29T15:10:29.710Z  INFO 2745 --- [           main] o.f.core.internal.command.DbMigrate      : Migrating schema "public" with repeatable migration "00013 add customer distribution"
2026-08-29T15:10:29.7154523Z 2026-08-29T15:10:29.715Z  INFO 2745 --- [           main] o.f.core.internal.command.DbMigrate      : Migrating schema "public" with repeatable migration "00014 renamed authority"
2026-08-29T15:10:29.7184984Z 2026-08-29T15:10:29.718Z  INFO 2745 --- [           main] o.f.core.internal.command.DbMigrate      : Migrating schema "public" with repeatable migration "00015 add uniqueindex ticketnumber"
2026-08-29T15:10:29.7192544Z 2026-08-29T15:10:29.719Z  INFO 2745 --- [           main] o.f.c.i.s.DefaultSqlScriptExecutor       : DB: constraint "uc_ticketnumber" of relation "distributions_customers" does not exist, skipping
2026-08-29T15:10:29.7218409Z 2026-08-29T15:10:29.721Z  INFO 2745 --- [           main] o.f.core.internal.command.DbMigrate      : Migrating schema "public" with repeatable migration "00016 distribution add processed flag"
2026-08-29T15:10:29.7255720Z 2026-08-29T15:10:29.725Z  INFO 2745 --- [           main] o.f.core.internal.command.DbMigrate      : Migrating schema "public" with repeatable migration "00017 fix uniqueindex ticketnumber"
2026-08-29T15:10:29.7283376Z 2026-08-29T15:10:29.728Z  INFO 2745 --- [           main] o.f.core.internal.command.DbMigrate      : Migrating schema "public" with repeatable migration "00018 add customer lock"
2026-08-29T15:10:29.7316613Z 2026-08-29T15:10:29.731Z  INFO 2745 --- [           main] o.f.core.internal.command.DbMigrate      : Migrating schema "public" with repeatable migration "00019 add household exclusion"
2026-08-29T15:10:29.7346784Z 2026-08-29T15:10:29.734Z  INFO 2745 --- [           main] o.f.core.internal.command.DbMigrate      : Migrating schema "public" with repeatable migration "00020 migration adaptions"
2026-08-29T15:10:29.7416792Z 2026-08-29T15:10:29.741Z  INFO 2745 --- [           main] o.f.core.internal.command.DbMigrate      : Migrating schema "public" with repeatable migration "00021 cleanup data"
2026-08-29T15:10:29.7450681Z 2026-08-29T15:10:29.744Z  INFO 2745 --- [           main] o.f.core.internal.command.DbMigrate      : Migrating schema "public" with repeatable migration "00022 add familybonus field"
2026-08-29T15:10:29.7477631Z 2026-08-29T15:10:29.747Z  INFO 2745 --- [           main] o.f.core.internal.command.DbMigrate      : Migrating schema "public" with repeatable migration "00023 drop distribution state"
2026-08-29T15:10:29.7503979Z 2026-08-29T15:10:29.750Z  INFO 2745 --- [           main] o.f.core.internal.command.DbMigrate      : Migrating schema "public" with repeatable migration "00024 add distributions statistics table"
2026-08-29T15:10:29.7539041Z 2026-08-29T15:10:29.753Z  INFO 2745 --- [           main] o.f.core.internal.command.DbMigrate      : Migrating schema "public" with repeatable migration "00025 add prolonged date customer"
2026-08-29T15:10:29.7562267Z 2026-08-29T15:10:29.755Z  INFO 2745 --- [           main] o.f.core.internal.command.DbMigrate      : Migrating schema "public" with repeatable migration "00026 enhance distributions statistics table"
2026-08-29T15:10:29.7592176Z 2026-08-29T15:10:29.758Z  INFO 2745 --- [           main] o.f.core.internal.command.DbMigrate      : Migrating schema "public" with repeatable migration "00027 user distributions fk cascade"
2026-08-29T15:10:29.7647326Z 2026-08-29T15:10:29.764Z  INFO 2745 --- [           main] o.f.core.internal.command.DbMigrate      : Migrating schema "public" with repeatable migration "00028 delete dashboard permissions"
2026-08-29T15:10:29.7670609Z 2026-08-29T15:10:29.766Z  INFO 2745 --- [           main] o.f.core.internal.command.DbMigrate      : Migrating schema "public" with repeatable migration "00029 add gender"
2026-08-29T15:10:29.7756594Z 2026-08-29T15:10:29.772Z  INFO 2745 --- [           main] o.f.core.internal.command.DbMigrate      : Migrating schema "public" with repeatable migration "00030 cleanup datamigration"
2026-08-29T15:10:29.7788277Z 2026-08-29T15:10:29.778Z  INFO 2745 --- [           main] o.f.core.internal.command.DbMigrate      : Migrating schema "public" with repeatable migration "00031 duplication detection"
2026-08-29T15:10:29.7835682Z 2026-08-29T15:10:29.783Z  INFO 2745 --- [           main] o.f.core.internal.command.DbMigrate      : Migrating schema "public" with repeatable migration "00032 add employees"
2026-08-29T15:10:29.7875368Z 2026-08-29T15:10:29.787Z  INFO 2745 --- [           main] o.f.core.internal.command.DbMigrate      : Migrating schema "public" with repeatable migration "00033 cleanup users"
2026-08-29T15:10:29.7912424Z 2026-08-29T15:10:29.790Z  INFO 2745 --- [           main] o.f.core.internal.command.DbMigrate      : Migrating schema "public" with repeatable migration "00034 customers employee"
2026-08-29T15:10:29.7943939Z 2026-08-29T15:10:29.793Z  INFO 2745 --- [           main] o.f.core.internal.command.DbMigrate      : Migrating schema "public" with repeatable migration "00035 customers notes employee"
2026-08-29T15:10:29.7970318Z 2026-08-29T15:10:29.796Z  INFO 2745 --- [           main] o.f.core.internal.command.DbMigrate      : Migrating schema "public" with repeatable migration "00036 cleanup customers user id"
2026-08-29T15:10:29.7997635Z 2026-08-29T15:10:29.799Z  INFO 2745 --- [           main] o.f.core.internal.command.DbMigrate      : Migrating schema "public" with repeatable migration "00037 add shops table"
2026-08-29T15:10:29.8165742Z 2026-08-29T15:10:29.802Z  INFO 2745 --- [           main] o.f.core.internal.command.DbMigrate      : Migrating schema "public" with repeatable migration "00038 add routes"
2026-08-29T15:10:29.8188936Z 2026-08-29T15:10:29.807Z  INFO 2745 --- [           main] o.f.core.internal.command.DbMigrate      : Migrating schema "public" with repeatable migration "00039 add food categories"
2026-08-29T15:10:29.8191017Z 2026-08-29T15:10:29.810Z  INFO 2745 --- [           main] o.f.core.internal.command.DbMigrate      : Migrating schema "public" with repeatable migration "00040 add food collections"
2026-08-29T15:10:29.8198653Z 2026-08-29T15:10:29.819Z  INFO 2745 --- [           main] o.f.core.internal.command.DbMigrate      : Migrating schema "public" with repeatable migration "00041 extend food categories"
2026-08-29T15:10:29.8245692Z 2026-08-29T15:10:29.824Z  INFO 2745 --- [           main] o.f.core.internal.command.DbMigrate      : Migrating schema "public" with repeatable migration "00042 extend statistics"
2026-08-29T15:10:29.8297327Z 2026-08-29T15:10:29.827Z  INFO 2745 --- [           main] o.f.core.internal.command.DbMigrate      : Migrating schema "public" with repeatable migration "00043 add food unit"
2026-08-29T15:10:29.8308095Z 2026-08-29T15:10:29.830Z  INFO 2745 --- [           main] o.f.core.internal.command.DbMigrate      : Migrating schema "public" with repeatable migration "00044 extend distribution and statistic"
2026-08-29T15:10:29.8344338Z 2026-08-29T15:10:29.834Z  INFO 2745 --- [           main] o.f.core.internal.command.DbMigrate      : Migrating schema "public" with repeatable migration "00045 add car table"
2026-08-29T15:10:29.8377711Z 2026-08-29T15:10:29.837Z  INFO 2745 --- [           main] o.f.core.internal.command.DbMigrate      : Migrating schema "public" with repeatable migration "00046 cleanup food collections"
2026-08-29T15:10:29.8402777Z 2026-08-29T15:10:29.840Z  INFO 2745 --- [           main] o.f.core.internal.command.DbMigrate      : Migrating schema "public" with repeatable migration "00047 extend food categories"
2026-08-29T15:10:29.8423617Z 2026-08-29T15:10:29.842Z  INFO 2745 --- [           main] o.f.core.internal.command.DbMigrate      : Migrating schema "public" with repeatable migration "00048 add shelters"
2026-08-29T15:10:29.8481376Z 2026-08-29T15:10:29.847Z  INFO 2745 --- [           main] o.f.core.internal.command.DbMigrate      : Migrating schema "public" with repeatable migration "00049 cleanup distributions"
2026-08-29T15:10:29.8508147Z 2026-08-29T15:10:29.850Z  INFO 2745 --- [           main] o.f.core.internal.command.DbMigrate      : Migrating schema "public" with repeatable migration "00050 adapt statistics"
2026-08-29T15:10:29.8582155Z 2026-08-29T15:10:29.857Z  INFO 2745 --- [           main] o.f.core.internal.command.DbMigrate      : Migrating schema "public" with repeatable migration "00051 adapt shelters contacts"
2026-08-29T15:10:29.8603750Z 2026-08-29T15:10:29.860Z  INFO 2745 --- [           main] o.f.core.internal.command.DbMigrate      : Migrating schema "public" with repeatable migration "00052 adapt shelters"
2026-08-29T15:10:29.8625348Z 2026-08-29T15:10:29.862Z  INFO 2745 --- [           main] o.f.core.internal.command.DbMigrate      : Migrating schema "public" with repeatable migration "00053 adapted categories"
2026-08-29T15:10:29.8649373Z 2026-08-29T15:10:29.864Z  INFO 2745 --- [           main] o.f.core.internal.command.DbMigrate      : Migrating schema "public" with repeatable migration "00054 add notes to distribution"
2026-08-29T15:10:29.8676488Z 2026-08-29T15:10:29.867Z  INFO 2745 --- [           main] o.f.core.internal.command.DbMigrate      : Migrating schema "public" with repeatable migration "00055 add mail addresses"
2026-08-29T15:10:29.8712567Z 2026-08-29T15:10:29.870Z  INFO 2745 --- [           main] o.f.core.internal.command.DbMigrate      : Migrating schema "public" with repeatable migration "00056 rework income limits"
2026-08-29T15:10:29.8766595Z 2026-08-29T15:10:29.876Z  INFO 2745 --- [           main] o.f.core.internal.command.DbMigrate      : Migrating schema "public" with repeatable migration "00057 added notification procedure"
2026-08-29T15:10:29.8813006Z 2026-08-29T15:10:29.881Z  INFO 2745 --- [           main] o.f.core.internal.command.DbMigrate      : Migrating schema "public" with repeatable migration "00058 add scanner registration"
2026-08-29T15:10:29.8850179Z 2026-08-29T15:10:29.884Z  INFO 2745 --- [           main] o.f.core.internal.command.DbMigrate      : Migrating schema "public" with repeatable migration "00059 dashboard add notification trigger"
2026-08-29T15:10:29.8905147Z 2026-08-29T15:10:29.890Z  INFO 2745 --- [           main] o.f.core.internal.command.DbMigrate      : Migrating schema "public" with repeatable migration "00060 cost contribution"
2026-08-29T15:10:29.8939187Z 2026-08-29T15:10:29.893Z  INFO 2745 --- [           main] o.f.core.internal.command.DbMigrate      : Migrating schema "public" with repeatable migration "00061 food collections nullable"
2026-08-29T15:10:29.8963603Z 2026-08-29T15:10:29.896Z  INFO 2745 --- [           main] o.f.core.internal.command.DbMigrate      : Migrating schema "public" with repeatable migration "00062 extend food categories sortorder"
2026-08-29T15:10:29.8988134Z 2026-08-29T15:10:29.898Z  INFO 2745 --- [           main] o.f.core.internal.command.DbMigrate      : Migrating schema "public" with repeatable migration "00063 statistics query function"
2026-08-29T15:10:29.9016855Z 2026-08-29T15:10:29.901Z  INFO 2745 --- [           main] o.f.core.internal.command.DbMigrate      : Migrating schema "public" with repeatable migration "00064 shelters enabled"
2026-08-29T15:10:29.9039808Z 2026-08-29T15:10:29.903Z  INFO 2745 --- [           main] o.f.core.internal.command.DbMigrate      : Migrating schema "public" with repeatable migration "00065 remove unique from shelters contacts"
2026-08-29T15:10:29.9068947Z 2026-08-29T15:10:29.906Z  INFO 2745 --- [           main] o.f.core.internal.command.DbMigrate      : Migrating schema "public" with repeatable migration "00066 statistics performance indexes"
2026-08-29T15:10:29.9077242Z 2026-08-29T15:10:29.907Z  INFO 2745 --- [           main] o.f.c.i.s.DefaultSqlScriptExecutor       : DB: index "idx_customers_valid_until" does not exist, skipping
2026-08-29T15:10:29.9081169Z 2026-08-29T15:10:29.907Z  INFO 2745 --- [           main] o.f.c.i.s.DefaultSqlScriptExecutor       : DB: index "idx_customers_addpersons_customer_id" does not exist, skipping
2026-08-29T15:10:29.9111758Z 2026-08-29T15:10:29.910Z  INFO 2745 --- [           main] o.f.core.internal.command.DbMigrate      : Migrating schema "public" with repeatable migration "00067 household person refactor"
2026-08-29T15:10:29.9181905Z 2026-08-29T15:10:29.917Z  INFO 2745 --- [           main] o.f.c.i.s.DefaultSqlScriptExecutor       : DB: constraint "fk_households_main_person" of relation "households" does not exist, skipping
2026-08-29T15:10:29.9242401Z 2026-08-29T15:10:29.923Z  INFO 2745 --- [           main] o.f.c.i.s.DefaultSqlScriptExecutor       : DB: constraint "fk_household_notes_household" of relation "household_notes" does not exist, skipping
2026-08-29T15:10:29.9293056Z 2026-08-29T15:10:29.929Z  INFO 2745 --- [           main] o.f.c.i.s.DefaultSqlScriptExecutor       : DB: constraint "fk_distributions_households_household" of relation "distributions_households" does not exist, skipping
2026-08-29T15:10:29.9308290Z 2026-08-29T15:10:29.930Z  INFO 2745 --- [           main] o.f.c.i.s.DefaultSqlScriptExecutor       : DB: constraint "uq_distributions_households_distribution_household" of relation "distributions_households" does not exist, skipping
2026-08-29T15:10:29.9338009Z 2026-08-29T15:10:29.933Z  INFO 2745 --- [           main] o.f.core.internal.command.DbMigrate      : Migrating schema "public" with repeatable migration "00068 household person cleanup"
2026-08-29T15:10:29.9393278Z 2026-08-29T15:10:29.939Z  INFO 2745 --- [           main] o.f.core.internal.command.DbMigrate      : Migrating schema "public" with repeatable migration "00069 login attempts"
2026-08-29T15:10:29.9431737Z 2026-08-29T15:10:29.942Z  INFO 2745 --- [           main] o.f.core.internal.command.DbMigrate      : Migrating schema "public" with repeatable migration "00070 migrate id sequences"
2026-08-29T15:10:29.9510668Z 2026-08-29T15:10:29.950Z  INFO 2745 --- [           main] o.f.core.internal.command.DbMigrate      : Migrating schema "public" with repeatable migration "00071 food categories enabled"
2026-08-29T15:10:29.9536346Z 2026-08-29T15:10:29.953Z  INFO 2745 --- [           main] o.f.core.internal.command.DbMigrate      : Migrating schema "public" with repeatable migration "00072 renumber food categories sortorder"
2026-08-29T15:10:29.9560319Z 2026-08-29T15:10:29.955Z  INFO 2745 --- [           main] o.f.core.internal.command.DbMigrate      : Migrating schema "public" with repeatable migration "00073 shelters sortorder"
2026-08-29T15:10:29.9585656Z 2026-08-29T15:10:29.958Z  INFO 2745 --- [           main] o.f.core.internal.command.DbMigrate      : Migrating schema "public" with repeatable migration "00074 distribution statistics shelters sortorder"
2026-08-29T15:10:29.9610673Z 2026-08-29T15:10:29.960Z  INFO 2745 --- [           main] o.f.core.internal.command.DbMigrate      : Migrating schema "public" with repeatable migration "00075 rename familybonus to familyallowance"
2026-08-29T15:10:29.9654440Z 2026-08-29T15:10:29.965Z  INFO 2745 --- [           main] o.f.core.internal.command.DbMigrate      : Migrating schema "public" with repeatable migration "00076 household single parent"
2026-08-29T15:10:29.9673225Z 2026-08-29T15:10:29.967Z  INFO 2745 --- [           main] o.f.core.internal.command.DbMigrate      : Migrating schema "public" with repeatable migration "00077 backfill household single parent"
2026-08-29T15:10:29.9695769Z 2026-08-29T15:10:29.969Z  INFO 2745 --- [           main] o.f.core.internal.command.DbMigrate      : Migrating schema "public" with repeatable migration "00078 distribution statistics single parent"
2026-08-29T15:10:29.9722111Z 2026-08-29T15:10:29.971Z  INFO 2745 --- [           main] o.f.core.internal.command.DbMigrate      : Migrating schema "public" with repeatable migration "00079 cars enabled sortorder"
2026-08-29T15:10:29.9749625Z 2026-08-29T15:10:29.974Z  INFO 2745 --- [           main] o.f.core.internal.command.DbMigrate      : Migrating schema "public" with repeatable migration "00080 household documents"
2026-08-29T15:10:29.9787708Z 2026-08-29T15:10:29.978Z  INFO 2745 --- [           main] o.f.core.internal.command.DbMigrate      : Migrating schema "public" with repeatable migration "00081 push subscriptions"
2026-08-29T15:10:29.9835207Z 2026-08-29T15:10:29.983Z  INFO 2745 --- [           main] o.f.core.internal.command.DbMigrate      : Migrating schema "public" with repeatable migration "00082 push notification preferences"
2026-08-29T15:10:29.9884967Z 2026-08-29T15:10:29.988Z  INFO 2745 --- [           main] o.f.core.internal.command.DbMigrate      : Migrating schema "public" with repeatable migration "00083 food collection return items"
2026-08-29T15:10:29.9967599Z 2026-08-29T15:10:29.994Z  INFO 2745 --- [           main] o.f.core.internal.command.DbMigrate      : Migrating schema "public" with repeatable migration "00084 food return categories"
2026-08-29T15:10:30.0006414Z 2026-08-29T15:10:30.000Z  INFO 2745 --- [           main] o.f.core.internal.command.DbMigrate      : Migrating schema "public" with repeatable migration "00085 routes shops enabled"
2026-08-29T15:10:30.0041550Z 2026-08-29T15:10:30.003Z  INFO 2745 --- [           main] o.f.core.internal.command.DbMigrate      : Migrating schema "public" with repeatable migration "00085 statistics households index"
2026-08-29T15:10:30.0063844Z 2026-08-29T15:10:30.006Z  INFO 2745 --- [           main] o.f.core.internal.command.DbMigrate      : Migrating schema "public" with repeatable migration "00086 food collection item weight"
2026-08-29T15:10:30.0096346Z 2026-08-29T15:10:30.009Z  INFO 2745 --- [           main] o.f.core.internal.command.DbMigrate      : Migrating schema "public" with repeatable migration "00087 drop persons in shelter count"
2026-08-29T15:10:30.0117481Z 2026-08-29T15:10:30.011Z  INFO 2745 --- [           main] o.f.core.internal.command.DbMigrate      : Migrating schema "public" with repeatable migration "00088 fulltext search"
2026-08-29T15:10:30.0185561Z 2026-08-29T15:10:30.018Z  INFO 2745 --- [           main] o.f.c.i.s.DefaultSqlScriptExecutor       : DB: trigger "households_search_text_trigger" for relation "households" does not exist, skipping
2026-08-29T15:10:30.0209260Z 2026-08-29T15:10:30.019Z  INFO 2745 --- [           main] o.f.c.i.s.DefaultSqlScriptExecutor       : DB: trigger "persons_search_text_trigger" for relation "persons" does not exist, skipping
2026-08-29T15:10:30.0229298Z 2026-08-29T15:10:30.022Z  INFO 2745 --- [           main] o.f.c.i.s.DefaultSqlScriptExecutor       : DB: trigger "users_search_text_trigger" for relation "users" does not exist, skipping
2026-08-29T15:10:30.0257885Z 2026-08-29T15:10:30.023Z  INFO 2745 --- [           main] o.f.c.i.s.DefaultSqlScriptExecutor       : DB: trigger "employees_search_text_trigger" for relation "employees" does not exist, skipping
2026-08-29T15:10:30.0268071Z 2026-08-29T15:10:30.026Z  INFO 2745 --- [           main] o.f.core.internal.command.DbMigrate      : Migrating schema "public" with repeatable migration "00089 distribution phase timestamps"
2026-08-29T15:10:30.0294798Z 2026-08-29T15:10:30.029Z  INFO 2745 --- [           main] o.f.core.internal.command.DbMigrate      : Migrating schema "public" with repeatable migration "00090 drop migrated flags"
2026-08-29T15:10:30.0323966Z 2026-08-29T15:10:30.032Z  INFO 2745 --- [           main] o.f.core.internal.command.DbMigrate      : Migrating schema "public" with repeatable migration "00091 household single parent not null"
2026-08-29T15:10:30.0348407Z 2026-08-29T15:10:30.034Z  INFO 2745 --- [           main] o.f.core.internal.command.DbMigrate      : Migrating schema "public" with repeatable migration "00092 change tracking actor"
2026-08-29T15:10:30.0416135Z 2026-08-29T15:10:30.041Z  INFO 2745 --- [           main] o.f.core.internal.command.DbMigrate      : Migrating schema "public" with repeatable migration "00093 audit log"
2026-08-29T15:10:30.0462863Z 2026-08-29T15:10:30.046Z  INFO 2745 --- [           main] o.f.core.internal.command.DbMigrate      : Migrating schema "public" with repeatable migration "00094 audit log actor name"
2026-08-29T15:10:30.0484476Z 2026-08-29T15:10:30.048Z  INFO 2745 --- [           main] o.f.core.internal.command.DbMigrate      : Migrating schema "public" with repeatable migration "00095 mail outbox"
2026-08-29T15:10:30.0520934Z 2026-08-29T15:10:30.051Z  INFO 2745 --- [           main] o.f.core.internal.command.DbMigrate      : Migrating schema "public" with repeatable migration "00096 route stop completions"
2026-08-29T15:10:30.0557991Z 2026-08-29T15:10:30.055Z  INFO 2745 --- [           main] o.f.core.internal.command.DbMigrate      : Migrating schema "public" with repeatable migration "00097 dashboard route progress trigger"
2026-08-29T15:10:30.0580667Z 2026-08-29T15:10:30.057Z  INFO 2745 --- [           main] o.f.core.internal.command.DbMigrate      : Migrating schema "public" with repeatable migration "00098 route last stop notified"
2026-08-29T15:10:30.0614184Z 2026-08-29T15:10:30.061Z  INFO 2745 --- [           main] o.f.core.internal.command.DbMigrate      : Migrating schema "public" with repeatable migration "00099 dashboard notify every change"
2026-08-29T15:10:30.0651454Z 2026-08-29T15:10:30.064Z  INFO 2745 --- [           main] o.f.core.internal.command.DbMigrate      : Migrating schema "public" with repeatable migration "00100 shedlock"
2026-08-29T15:10:30.0688633Z 2026-08-29T15:10:30.068Z  INFO 2745 --- [           main] o.f.core.internal.command.DbMigrate      : Migrating schema "public" with repeatable migration "00101 statistics timeline bounds"
2026-08-29T15:10:30.0716165Z 2026-08-29T15:10:30.071Z  INFO 2745 --- [           main] o.f.core.internal.command.DbMigrate      : Migrating schema "public" with repeatable migration "00102 household duplicate dismissals"
2026-08-29T15:10:30.0787768Z 2026-08-29T15:10:30.077Z  INFO 2745 --- [           main] o.f.core.internal.command.DbMigrate      : Migrating schema "public" with repeatable migration "00103 remove route stops of disabled shops"
2026-08-29T15:10:30.0808063Z 2026-08-29T15:10:30.080Z  INFO 2745 --- [           main] o.f.core.internal.command.DbMigrate      : Migrating schema "public" with repeatable migration "00104 dashboard persons trigger"
2026-08-29T15:10:30.0832960Z 2026-08-29T15:10:30.083Z  INFO 2745 --- [           main] o.f.core.internal.command.DbMigrate      : Migrating schema "public" with repeatable migration "00105 users last login"
2026-08-29T15:10:30.0857444Z 2026-08-29T15:10:30.085Z  INFO 2745 --- [           main] o.f.core.internal.command.DbMigrate      : Migrating schema "public" with repeatable migration "00106 employee delete set null"
2026-08-29T15:10:30.0933065Z 2026-08-29T15:10:30.093Z  INFO 2745 --- [           main] o.f.core.internal.command.DbMigrate      : Migrating schema "public" with repeatable migration "00107 customer documents permission"
2026-08-29T15:10:30.0960372Z 2026-08-29T15:10:30.095Z  INFO 2745 --- [           main] o.f.core.internal.command.DbMigrate      : Migrating schema "public" with repeatable migration "00108 food collections snapshot route shop category"
2026-08-29T15:10:30.1006855Z 2026-08-29T15:10:30.100Z  INFO 2745 --- [           main] o.f.core.internal.command.DbMigrate      : Migrating schema "public" with repeatable migration "00109 users token invalidation"
2026-08-29T15:10:30.1029977Z 2026-08-29T15:10:30.102Z  INFO 2745 --- [           main] o.f.core.internal.command.DbMigrate      : Migrating schema "public" with repeatable migration "00110 household duplicate dismissals fk"
2026-08-29T15:10:30.1072940Z 2026-08-29T15:10:30.107Z  INFO 2745 --- [           main] o.f.core.internal.command.DbMigrate      : Migrating schema "public" with repeatable migration "00111 change tracking actor user fk"
2026-08-29T15:10:30.1437596Z 2026-08-29T15:10:30.143Z  INFO 2745 --- [           main] o.f.core.internal.command.DbMigrate      : Migrating schema "public" with repeatable migration "00112 login attempts ip"
2026-08-29T15:10:30.1487043Z 2026-08-29T15:10:30.148Z  INFO 2745 --- [           main] o.f.core.internal.command.DbMigrate      : Migrating schema "public" with repeatable migration "00113 household documents retention period at upload"
2026-08-29T15:10:30.1513934Z 2026-08-29T15:10:30.151Z  INFO 2745 --- [           main] o.f.core.internal.command.DbMigrate      : Migrating schema "public" with repeatable migration "00114 mail outbox mail type"
2026-08-29T15:10:30.1651160Z 2026-08-29T15:10:30.164Z  INFO 2745 --- [           main] o.f.core.internal.command.DbMigrate      : Successfully applied 116 migrations to schema "public" (execution time 00:00.440s)
2026-08-29T15:10:30.1707764Z 2026-08-29T15:10:30.170Z  INFO 2745 --- [           main] w.t.a.b.d.c.FlywayImportTestdataCallback : Importing testdata ...
2026-08-29T15:10:31.3428273Z 2026-08-29T15:10:31.342Z  INFO 2745 --- [           main] w.t.a.b.d.c.FlywayImportTestdataCallback : Importing testdata finished!
2026-08-29T15:10:31.4314252Z 2026-08-29T15:10:31.431Z  INFO 2745 --- [           main] org.hibernate.orm.jpa                    : HHH008540: Processing PersistenceUnitInfo [name: default]
2026-08-29T15:10:31.4791213Z 2026-08-29T15:10:31.478Z  INFO 2745 --- [           main] org.hibernate.orm.core                   : HHH000001: Hibernate ORM core version 7.4.5.Final
2026-08-29T15:10:32.0161111Z 2026-08-29T15:10:32.015Z  INFO 2745 --- [           main] o.s.o.j.p.SpringPersistenceUnitInfo      : No LoadTimeWeaver setup: ignoring JPA class transformer
2026-08-29T15:10:32.0938699Z 2026-08-29T15:10:32.093Z  INFO 2745 --- [           main] org.hibernate.orm.connections.pooling    : HHH10001005: Database info:
2026-08-29T15:10:32.0939418Z 	Database JDBC URL [jdbc:postgresql://localhost:5432/tafeladmin]
2026-08-29T15:10:32.0939826Z 	Database driver: PostgreSQL JDBC Driver
2026-08-29T15:10:32.0940152Z 	Database dialect: PostgreSQLDialect
2026-08-29T15:10:32.0940434Z 	Database version: 18.6
2026-08-29T15:10:32.0940723Z 	Default catalog/schema: tafeladmin/public
2026-08-29T15:10:32.0941052Z 	Autocommit mode: undefined/unknown
2026-08-29T15:10:32.0941445Z 	Isolation level: READ_COMMITTED [default READ_COMMITTED]
2026-08-29T15:10:32.0941771Z 	JDBC fetch size: none
2026-08-29T15:10:32.0942037Z 	Pool: DataSourceConnectionProvider
2026-08-29T15:10:32.0942346Z 	Minimum pool size: undefined/unknown
2026-08-29T15:10:32.0942652Z 	Maximum pool size: undefined/unknown
2026-08-29T15:10:33.2438585Z 2026-08-29T15:10:33.238Z  WARN 2745 --- [           main] org.hibernate.orm.core                   : HHH000305: Could not create proxy factory for:at.wrk.tafel.admin.backend.database.model.logistics.FoodCollectionEntity
2026-08-29T15:10:33.2439698Z 
2026-08-29T15:10:33.2440669Z org.hibernate.HibernateException: Getter methods of lazy classes cannot be final: at.wrk.tafel.admin.backend.database.model.logistics.FoodCollectionEntity#getRoute
2026-08-29T15:10:33.2442765Z 	at org.hibernate.metamodel.internal.EntityRepresentationStrategyPojoStandard.validateGetterSetterMethodProxyability(EntityRepresentationStrategyPojoStandard.java:391) ~[hibernate-core-7.4.5.Final.jar!/:7.4.5.Final]
2026-08-29T15:10:33.2445246Z 	at org.hibernate.metamodel.internal.EntityRepresentationStrategyPojoStandard.createProxyFactory(EntityRepresentationStrategyPojoStandard.java:203) ~[hibernate-core-7.4.5.Final.jar!/:7.4.5.Final]
2026-08-29T15:10:33.2447542Z 	at org.hibernate.metamodel.internal.EntityRepresentationStrategyPojoStandard.resolveProxyFactory(EntityRepresentationStrategyPojoStandard.java:150) ~[hibernate-core-7.4.5.Final.jar!/:7.4.5.Final]
2026-08-29T15:10:33.2449550Z 	at org.hibernate.metamodel.internal.EntityRepresentationStrategyPojoStandard.<init>(EntityRepresentationStrategyPojoStandard.java:113) ~[hibernate-core-7.4.5.Final.jar!/:7.4.5.Final]
2026-08-29T15:10:33.2451800Z 	at org.hibernate.metamodel.internal.ManagedTypeRepresentationResolverStandard.resolveStrategy(ManagedTypeRepresentationResolverStandard.java:46) ~[hibernate-core-7.4.5.Final.jar!/:7.4.5.Final]
2026-08-29T15:10:33.2453668Z 	at org.hibernate.persister.entity.AbstractEntityPersister.<init>(AbstractEntityPersister.java:530) ~[hibernate-core-7.4.5.Final.jar!/:7.4.5.Final]
2026-08-29T15:10:33.2455387Z 	at org.hibernate.persister.entity.SingleTableEntityPersister.<init>(SingleTableEntityPersister.java:123) ~[hibernate-core-7.4.5.Final.jar!/:7.4.5.Final]
2026-08-29T15:10:33.2457224Z 	at org.hibernate.persister.entity.SingleTableEntityPersister.<init>(SingleTableEntityPersister.java:113) ~[hibernate-core-7.4.5.Final.jar!/:7.4.5.Final]
2026-08-29T15:10:33.2458699Z 	at java.base/jdk.internal.reflect.DirectConstructorHandleAccessor.newInstance(DirectConstructorHandleAccessor.java:62) ~[na:na]
2026-08-29T15:10:33.2459969Z 	at java.base/java.lang.reflect.Constructor.newInstanceWithCaller(Constructor.java:499) ~[na:na]
2026-08-29T15:10:33.2461000Z 	at java.base/java.lang.reflect.Constructor.newInstance(Constructor.java:483) ~[na:na]
2026-08-29T15:10:33.2462529Z 	at org.hibernate.persister.internal.PersisterFactoryImpl.createEntityPersister(PersisterFactoryImpl.java:70) ~[hibernate-core-7.4.5.Final.jar!/:7.4.5.Final]
2026-08-29T15:10:33.2464867Z 	at org.hibernate.metamodel.model.domain.internal.MappingMetamodelImpl.processBootEntities(MappingMetamodelImpl.java:211) ~[hibernate-core-7.4.5.Final.jar!/:7.4.5.Final]
2026-08-29T15:10:33.2497709Z 	at org.hibernate.metamodel.model.domain.internal.MappingMetamodelImpl.finishInitialization(MappingMetamodelImpl.java:150) ~[hibernate-core-7.4.5.Final.jar!/:7.4.5.Final]
2026-08-29T15:10:33.2499392Z 	at org.hibernate.internal.SessionFactoryImpl.<init>(SessionFactoryImpl.java:287) ~[hibernate-core-7.4.5.Final.jar!/:7.4.5.Final]
2026-08-29T15:10:33.2500905Z 	at org.hibernate.internal.SessionFactoryRegistry.instantiateSessionFactory(SessionFactoryRegistry.java:64) ~[hibernate-core-7.4.5.Final.jar!/:7.4.5.Final]
2026-08-29T15:10:33.2502405Z 	at org.hibernate.boot.internal.SessionFactoryBuilderImpl.build(SessionFactoryBuilderImpl.java:458) ~[hibernate-core-7.4.5.Final.jar!/:7.4.5.Final]
2026-08-29T15:10:33.2503711Z 	at org.hibernate.jpa.boot.internal.EntityManagerFactoryBuilderImpl.build(EntityManagerFactoryBuilderImpl.java:1452) ~[hibernate-core-7.4.5.Final.jar!/:7.4.5.Final]
2026-08-29T15:10:33.2505596Z 	at org.springframework.orm.jpa.vendor.SpringHibernateJpaPersistenceProvider.createContainerEntityManagerFactory(SpringHibernateJpaPersistenceProvider.java:93) ~[spring-orm-7.0.9.jar!/:7.0.9]
2026-08-29T15:10:33.2508057Z 	at org.springframework.orm.jpa.LocalContainerEntityManagerFactoryBean.createNativeEntityManagerFactory(LocalContainerEntityManagerFactoryBean.java:443) ~[spring-orm-7.0.9.jar!/:7.0.9]
2026-08-29T15:10:33.2510358Z 	at org.springframework.orm.jpa.AbstractEntityManagerFactoryBean.buildNativeEntityManagerFactory(AbstractEntityManagerFactoryBean.java:436) ~[spring-orm-7.0.9.jar!/:7.0.9]
2026-08-29T15:10:33.2512473Z 	at org.springframework.orm.jpa.AbstractEntityManagerFactoryBean.afterPropertiesSet(AbstractEntityManagerFactoryBean.java:411) ~[spring-orm-7.0.9.jar!/:7.0.9]
2026-08-29T15:10:33.2514572Z 	at org.springframework.orm.jpa.LocalContainerEntityManagerFactoryBean.afterPropertiesSet(LocalContainerEntityManagerFactoryBean.java:419) ~[spring-orm-7.0.9.jar!/:7.0.9]
2026-08-29T15:10:33.2517042Z 	at org.springframework.beans.factory.support.AbstractAutowireCapableBeanFactory.invokeInitMethods(AbstractAutowireCapableBeanFactory.java:1862) ~[spring-beans-7.0.9.jar!/:7.0.9]
2026-08-29T15:10:33.2519375Z 	at org.springframework.beans.factory.support.AbstractAutowireCapableBeanFactory.initializeBean(AbstractAutowireCapableBeanFactory.java:1811) ~[spring-beans-7.0.9.jar!/:7.0.9]
2026-08-29T15:10:33.2521566Z 	at org.springframework.beans.factory.support.AbstractAutowireCapableBeanFactory.doCreateBean(AbstractAutowireCapableBeanFactory.java:603) ~[spring-beans-7.0.9.jar!/:7.0.9]
2026-08-29T15:10:33.2523681Z 	at org.springframework.beans.factory.support.AbstractAutowireCapableBeanFactory.createBean(AbstractAutowireCapableBeanFactory.java:525) ~[spring-beans-7.0.9.jar!/:7.0.9]
2026-08-29T15:10:33.2525665Z 	at org.springframework.beans.factory.support.AbstractBeanFactory.lambda$doGetBean$0(AbstractBeanFactory.java:333) ~[spring-beans-7.0.9.jar!/:7.0.9]
2026-08-29T15:10:33.2557999Z 	at org.springframework.beans.factory.support.DefaultSingletonBeanRegistry.getSingleton(DefaultSingletonBeanRegistry.java:371) ~[spring-beans-7.0.9.jar!/:7.0.9]
2026-08-29T15:10:33.2559908Z 	at org.springframework.beans.factory.support.AbstractBeanFactory.doGetBean(AbstractBeanFactory.java:331) ~[spring-beans-7.0.9.jar!/:7.0.9]
2026-08-29T15:10:33.2561466Z 	at org.springframework.beans.factory.support.AbstractBeanFactory.getBean(AbstractBeanFactory.java:201) ~[spring-beans-7.0.9.jar!/:7.0.9]
2026-08-29T15:10:33.2563308Z 	at org.springframework.context.support.AbstractApplicationContext.finishBeanFactoryInitialization(AbstractApplicationContext.java:977) ~[spring-context-7.0.9.jar!/:7.0.9]
2026-08-29T15:10:33.2565308Z 	at org.springframework.context.support.AbstractApplicationContext.refresh(AbstractApplicationContext.java:621) ~[spring-context-7.0.9.jar!/:7.0.9]
2026-08-29T15:10:33.2567700Z 	at org.springframework.boot.web.server.servlet.context.ServletWebServerApplicationContext.refresh(ServletWebServerApplicationContext.java:143) ~[spring-boot-web-server-4.1.1.jar!/:4.1.1]
2026-08-29T15:10:33.2569942Z 	at org.springframework.boot.SpringApplication.refresh(SpringApplication.java:756) ~[spring-boot-4.1.1.jar!/:4.1.1]
2026-08-29T15:10:33.2571570Z 	at org.springframework.boot.SpringApplication.refreshContext(SpringApplication.java:445) ~[spring-boot-4.1.1.jar!/:4.1.1]
2026-08-29T15:10:33.2572950Z 	at org.springframework.boot.SpringApplication.run(SpringApplication.java:321) ~[spring-boot-4.1.1.jar!/:4.1.1]
2026-08-29T15:10:33.2574263Z 	at org.springframework.boot.SpringApplication.run(SpringApplication.java:1365) ~[spring-boot-4.1.1.jar!/:4.1.1]
2026-08-29T15:10:33.2575598Z 	at org.springframework.boot.SpringApplication.run(SpringApplication.java:1354) ~[spring-boot-4.1.1.jar!/:4.1.1]
2026-08-29T15:10:33.2577060Z 	at at.wrk.tafel.admin.backend.AdminBackendApplicationKt.main(AdminBackendApplication.kt:21) ~[!/:0.0.1-SNAPSHOT]
2026-08-29T15:10:33.2578476Z 	at java.base/jdk.internal.reflect.DirectMethodHandleAccessor.invoke(DirectMethodHandleAccessor.java:104) ~[na:na]
2026-08-29T15:10:33.2579616Z 	at java.base/java.lang.reflect.Method.invoke(Method.java:565) ~[na:na]
2026-08-29T15:10:33.2580667Z 	at org.springframework.boot.loader.launch.Launcher.launch(Launcher.java:106) ~[admin-backend.jar:0.0.1-SNAPSHOT]
2026-08-29T15:10:33.2581886Z 	at org.springframework.boot.loader.launch.Launcher.launch(Launcher.java:64) ~[admin-backend.jar:0.0.1-SNAPSHOT]
2026-08-29T15:10:33.2583130Z 	at org.springframework.boot.loader.launch.JarLauncher.main(JarLauncher.java:40) ~[admin-backend.jar:0.0.1-SNAPSHOT]
2026-08-29T15:10:33.2583835Z 
2026-08-29T15:10:33.7707242Z 2026-08-29T15:10:33.770Z  INFO 2745 --- [           main] org.hibernate.orm.core                   : HHH000489: No JTA platform available (set 'hibernate.transaction.jta.platform' to enable JTA platform integration)
2026-08-29T15:10:33.7808058Z 2026-08-29T15:10:33.778Z  INFO 2745 --- [           main] j.LocalContainerEntityManagerFactoryBean : Initialized JPA EntityManagerFactory for persistence unit 'default'
2026-08-29T15:10:33.8748815Z 2026-08-29T15:10:33.873Z  INFO 2745 --- [           main] o.s.d.j.r.query.QueryEnhancerFactories   : Hibernate is in classpath; If applicable, HQL parser will be used.
2026-08-29T15:10:36.0409346Z 2026-08-29T15:10:36.039Z  INFO 2745 --- [           main] a.w.t.a.b.d.c.a.AuditListenerRegistrar   : Audit trail listener registered for: AuditLogQuery, DistributionHouseholdList, Document, Employee, Household, HouseholdDuplicates, HouseholdMergePreview, HouseholdNote, HouseholdsAboveLimit, HouseholdsOverview, MailRecipient, Person, ScannerFile, StaticValue, User, UserAuthority, UserLogin
2026-08-29T15:10:37.0699066Z 2026-08-29T15:10:37.069Z  INFO 2745 --- [           main] eAuthenticationProviderManagerConfigurer : Found 2 AuthenticationProvider beans, with names [tafelLoginProvider, tafelJwtAuthProvider]. Global Authentication Manager will not be configured with AuthenticationProviders. Consider publishing a single AuthenticationProvider bean, or wiring your Providers directly using the DSL.
2026-08-29T15:10:37.0734025Z 2026-08-29T15:10:37.073Z  INFO 2745 --- [           main] r$InitializeUserDetailsManagerConfigurer : Global AuthenticationManager configured with UserDetailsService bean with name tafelUserDetailsManager
2026-08-29T15:10:37.6744065Z 2026-08-29T15:10:37.673Z  INFO 2745 --- [           main] o.s.b.w.a.WelcomePageHandlerMapping      : Adding welcome page: URL [file:/home/runner/work/admin/admin/static/index.html]
2026-08-29T15:10:38.1557588Z 2026-08-29T15:10:38.153Z  INFO 2745 --- [           main] o.s.boot.tomcat.TomcatWebServer          : Tomcat started on port 8080 (http) with context path '/'
2026-08-29T15:10:38.2168062Z 2026-08-29T15:10:38.216Z  INFO 2745 --- [           main] o.s.boot.tomcat.TomcatWebServer          : Tomcat initialized with port 8081 (http)
2026-08-29T15:10:38.2227979Z 2026-08-29T15:10:38.220Z  INFO 2745 --- [           main] b.w.c.s.WebApplicationContextInitializer : Root WebApplicationContext: initialization completed in 63 ms
2026-08-29T15:10:38.2333014Z 2026-08-29T15:10:38.233Z  INFO 2745 --- [           main] o.s.b.a.e.web.EndpointLinksResolver      : Exposing 2 endpoints beneath base path '/actuator'
2026-08-29T15:10:38.2656504Z 2026-08-29T15:10:38.263Z  INFO 2745 --- [           main] o.s.boot.tomcat.TomcatWebServer          : Tomcat started on port 8081 (http) with context path '/'
2026-08-29T15:10:38.2777773Z 2026-08-29T15:10:38.276Z  INFO 2745 --- [           main] a.w.t.a.b.AdminBackendApplicationKt      : Started AdminBackendApplicationKt in 14.244 seconds (process running for 15.121)
2026-08-29T15:10:38.3914655Z wait-on(2779) complete
2026-08-29T15:10:38.7497463Z It looks like this is your first time using Cypress: 15.21.0
2026-08-29T15:10:38.7526609Z 
2026-08-29T15:10:38.7528308Z [33m[STARTED][39m [2m[15:10:38][22m  Verifying Cypress can run /home/runner/.cache/Cypress/15.21.0/Cypress
2026-08-29T15:10:39.8245464Z [32m[COMPLETED][39m [2m[15:10:39][22m  Verified Cypress!       /home/runner/.cache/Cypress/15.21.0/Cypress
2026-08-29T15:10:39.8246659Z 
2026-08-29T15:10:39.8247698Z Opening Cypress...
2026-08-29T15:10:42.1984535Z 
2026-08-29T15:10:42.2072042Z [90m====================================================================================================[39m
2026-08-29T15:10:42.2072390Z 
2026-08-29T15:10:42.2074154Z [0m  ([4m[1mRun Starting[22m[24m)[0m
2026-08-29T15:10:42.2074380Z 
2026-08-29T15:10:42.2138804Z [90m  ┌[39m[90m─[39m[90m─[39m[90m─[39m[90m─[39m[90m─[39m[90m─[39m[90m─[39m[90m─[39m[90m─[39m[90m─[39m[90m─[39m[90m─[39m[90m─[39m[90m─[39m[90m─[39m[90m─[39m[90m─[39m[90m─[39m[90m─[39m[90m─[39m[90m─[39m[90m─[39m[90m─[39m[90m─[39m[90m─[39m[90m─[39m[90m─[39m[90m─[39m[90m─[39m[90m─[39m[90m─[39m[90m─[39m[90m─[39m[90m─[39m[90m─[39m[90m─[39m[90m─[39m[90m─[39m[90m─[39m[90m─[39m[90m─[39m[90m─[39m[90m─[39m[90m─[39m[90m─[39m[90m─[39m[90m─[39m[90m─[39m[90m─[39m[90m─[39m[90m─[39m[90m─[39m[90m─[39m[90m─[39m[90m─[39m[90m─[39m[90m─[39m[90m─[39m[90m─[39m[90m─[39m[90m─[39m[90m─[39m[90m─[39m[90m─[39m[90m─[39m[90m─[39m[90m─[39m[90m─[39m[90m─[39m[90m─[39m[90m─[39m[90m─[39m[90m─[39m[90m─[39m[90m─[39m[90m─[39m[90m─[39m[90m─[39m[90m─[39m[90m─[39m[90m─[39m[90m─[39m[90m─[39m[90m─[39m[90m─[39m[90m─[39m[90m─[39m[90m─[39m[90m─[39m[90m─[39m[90m─[39m[90m─[39m[90m─[39m[90m─[39m[90m─[39m[90m─[39m[90m┐[39m
2026-08-29T15:10:42.2143428Z [90m  │[39m [90mCypress:[39m        15.21.0                                                                        [90m│[39m
2026-08-29T15:10:42.2144747Z [90m  │[39m [90mBrowser:[39m        Chrome 151 [90m(headless)[39m                                                          [90m│[39m
2026-08-29T15:10:42.2146414Z [90m  │[39m [90mNode Version:[39m   [0mv26.5.0 [90m(/opt/hostedtoolcache/node/26.5.0/x64/bin/node)[39m[0m                        [90m│[39m
2026-08-29T15:10:42.2148011Z [90m  │[39m [90mSpecs:[39m          [0m5 found (scanner.cy.ts, statistics-children.cy.ts, statistics-general.cy.ts, s[0m [90m│[39m
2026-08-29T15:10:42.2149418Z [90m  │[39m                 [0mupport-request.cy.ts, ticket-screen.cy.ts)[0m                                     [90m│[39m
2026-08-29T15:10:42.2150868Z [90m  │[39m [90mSearched:[39m       [0mcypress/e2e/scanner.cy.ts, cypress/e2e/statistics-children.cy.ts, cypress/e2e/[0m [90m│[39m
2026-08-29T15:10:42.2152258Z [90m  │[39m                 [0mstatistics-general.cy.ts, cypress/e2e/support-request.cy.ts, cypress/e2e/ticke[0m [90m│[39m
2026-08-29T15:10:42.2153525Z [90m  │[39m                 [0mt-screen.cy.ts[0m                                                                 [90m│[39m
2026-08-29T15:10:42.2154768Z [90m  │[39m [90mExperiments:[39m    experimentalRunAllSpecs=true                                                   [90m│[39m
2026-08-29T15:10:42.2167583Z [90m  └[39m[90m─[39m[90m─[39m[90m─[39m[90m─[39m[90m─[39m[90m─[39m[90m─[39m[90m─[39m[90m─[39m[90m─[39m[90m─[39m[90m─[39m[90m─[39m[90m─[39m[90m─[39m[90m─[39m[90m─[39m[90m─[39m[90m─[39m[90m─[39m[90m─[39m[90m─[39m[90m─[39m[90m─[39m[90m─[39m[90m─[39m[90m─[39m[90m─[39m[90m─[39m[90m─[39m[90m─[39m[90m─[39m[90m─[39m[90m─[39m[90m─[39m[90m─[39m[90m─[39m[90m─[39m[90m─[39m[90m─[39m[90m─[39m[90m─[39m[90m─[39m[90m─[39m[90m─[39m[90m─[39m[90m─[39m[90m─[39m[90m─[39m[90m─[39m[90m─[39m[90m─[39m[90m─[39m[90m─[39m[90m─[39m[90m─[39m[90m─[39m[90m─[39m[90m─[39m[90m─[39m[90m─[39m[90m─[39m[90m─[39m[90m─[39m[90m─[39m[90m─[39m[90m─[39m[90m─[39m[90m─[39m[90m─[39m[90m─[39m[90m─[39m[90m─[39m[90m─[39m[90m─[39m[90m─[39m[90m─[39m[90m─[39m[90m─[39m[90m─[39m[90m─[39m[90m─[39m[90m─[39m[90m─[39m[90m─[39m[90m─[39m[90m─[39m[90m─[39m[90m─[39m[90m─[39m[90m─[39m[90m─[39m[90m─[39m[90m─[39m[90m─[39m[90m─[39m[90m┘[39m
2026-08-29T15:10:42.2171319Z 
2026-08-29T15:10:42.2171347Z 
2026-08-29T15:10:42.2177173Z [90m─[39m[90m─[39m[90m─[39m[90m─[39m[90m─[39m[90m─[39m[90m─[39m[90m─[39m[90m─[39m[90m─[39m[90m─[39m[90m─[39m[90m─[39m[90m─[39m[90m─[39m[90m─[39m[90m─[39m[90m─[39m[90m─[39m[90m─[39m[90m─[39m[90m─[39m[90m─[39m[90m─[39m[90m─[39m[90m─[39m[90m─[39m[90m─[39m[90m─[39m[90m─[39m[90m─[39m[90m─[39m[90m─[39m[90m─[39m[90m─[39m[90m─[39m[90m─[39m[90m─[39m[90m─[39m[90m─[39m[90m─[39m[90m─[39m[90m─[39m[90m─[39m[90m─[39m[90m─[39m[90m─[39m[90m─[39m[90m─[39m[90m─[39m[90m─[39m[90m─[39m[90m─[39m[90m─[39m[90m─[39m[90m─[39m[90m─[39m[90m─[39m[90m─[39m[90m─[39m[90m─[39m[90m─[39m[90m─[39m[90m─[39m[90m─[39m[90m─[39m[90m─[39m[90m─[39m[90m─[39m[90m─[39m[90m─[39m[90m─[39m[90m─[39m[90m─[39m[90m─[39m[90m─[39m[90m─[39m[90m─[39m[90m─[39m[90m─[39m[90m─[39m[90m─[39m[90m─[39m[90m─[39m[90m─[39m[90m─[39m[90m─[39m[90m─[39m[90m─[39m[90m─[39m[90m─[39m[90m─[39m[90m─[39m[90m─[39m[90m─[39m[90m─[39m[90m─[39m[90m─[39m[90m─[39m[90m─[39m
2026-08-29T15:10:42.2181413Z                                                                                                     
2026-08-29T15:10:42.2182405Z   Running:  [90mscanner.cy.ts[39m                                                                   [90m(1 of 5)[39m
2026-08-29T15:10:46.4006574Z 
2026-08-29T15:10:46.4013362Z [0m[0m
2026-08-29T15:10:46.4015466Z [0m  Scanner[0m
2026-08-29T15:10:46.4637860Z 2026-08-29T15:10:46.462Z  INFO 2745 --- [nio-8080-exec-6] o.s.web.servlet.DispatcherServlet        : Initializing Servlet 'dispatcherServlet'
2026-08-29T15:10:46.4657082Z 2026-08-29T15:10:46.464Z  INFO 2745 --- [nio-8080-exec-6] o.s.web.servlet.DispatcherServlet        : Completed initialization in 1 ms
2026-08-29T15:10:47.0932266Z 2026-08-29T15:10:47.092Z  INFO 2745 --- [nio-8080-exec-6] a.w.t.a.b.c.a.c.TafelLoginProvider       : Login successful for user 'e2etest'
2026-08-29T15:10:47.1680980Z 2026-08-29T15:10:47.167Z  INFO 2745 --- [nio-8080-exec-6] a.w.t.a.b.c.a.c.TafelLoginFilter         : Login successful via user 'e2etest' on 'http://localhost:8080/api/login' (password-change required: false)
2026-08-29T15:10:48.7269294Z 2026-08-29T15:10:48.726Z  INFO 2745 --- [nio-8080-exec-9] a.w.t.a.b.m.c.internal.ScannerService    : Registered new scanner with id: 1
2026-08-29T15:10:48.9237590Z 2026-08-29T15:10:48.923Z  INFO 2745 --- [nio-8080-exec-4] a.w.t.a.b.m.checkin.ScannerController    : Relayed scan result from scanner 1: 12345
2026-08-29T15:10:48.9509051Z   [32m  ✓[0m[90m pairing phase shows the scanner number huge, then hands over to the scanning phase once the camera is ready[0m[90m (2522ms)[0m
2026-08-29T15:10:49.0592174Z 2026-08-29T15:10:49.056Z  WARN 2745 --- [nio-8080-exec-3] a.wrk.tafel.admin.backend.CLIENT_ERROR   : Client-Fehler von Benutzer 'e2etest' auf Seite 'http://localhost:8080/anmeldung/scanner' (Mozilla/5.0 (X11; Linux x86_64) AppleWebKit/537.36 (KHTML, like Gecko) HeadlessChrome/151.0.0.0 Safari/537.36): SSE connection error {"isTrusted":true}
2026-08-29T15:10:49.4275998Z 2026-08-29T15:10:49.427Z  INFO 2745 --- [nio-8080-exec-2] a.w.t.a.b.c.a.c.TafelLoginProvider       : Login successful for user 'e2etest'
2026-08-29T15:10:49.4287190Z 2026-08-29T15:10:49.428Z  INFO 2745 --- [nio-8080-exec-2] a.w.t.a.b.c.a.c.TafelLoginFilter         : Login successful via user 'e2etest' on 'http://localhost:8080/api/login' (password-change required: false)
2026-08-29T15:10:49.6886569Z 2026-08-29T15:10:49.686Z  INFO 2745 --- [nio-8080-exec-4] a.w.t.a.b.m.c.internal.ScannerService    : Registered new scanner with id: 2
2026-08-29T15:10:49.8241970Z 2026-08-29T15:10:49.823Z  INFO 2745 --- [io-8080-exec-10] a.w.t.a.b.m.checkin.ScannerController    : Relayed scan result from scanner 2: 12345
2026-08-29T15:10:53.0130017Z   [32m  ✓[0m[90m QR code scanned from webcam is decoded, sent to the backend and confirmed with full-screen feedback[0m[90m (4019ms)[0m
2026-08-29T15:10:53.0420265Z 2026-08-29T15:10:53.039Z  WARN 2745 --- [nio-8080-exec-5] a.wrk.tafel.admin.backend.CLIENT_ERROR   : Client-Fehler von Benutzer 'e2etest' auf Seite 'http://localhost:8080/anmeldung/scanner' (Mozilla/5.0 (X11; Linux x86_64) AppleWebKit/537.36 (KHTML, like Gecko) HeadlessChrome/151.0.0.0 Safari/537.36): SSE connection error {"isTrusted":true}
2026-08-29T15:10:54.2382444Z 2026-08-29T15:10:54.237Z  INFO 2745 --- [nio-8080-exec-1] a.w.t.a.b.c.a.c.TafelLoginProvider       : Login successful for user 'e2etest'
2026-08-29T15:10:54.2392702Z 2026-08-29T15:10:54.238Z  INFO 2745 --- [nio-8080-exec-1] a.w.t.a.b.c.a.c.TafelLoginFilter         : Login successful via user 'e2etest' on 'http://localhost:8080/api/login' (password-change required: false)
2026-08-29T15:10:54.5153860Z 2026-08-29T15:10:54.510Z  WARN 2745 --- [nio-8080-exec-1] a.wrk.tafel.admin.backend.CLIENT_ERROR   : Client-Fehler von Benutzer 'e2etest' auf Seite 'http://localhost:8080/anmeldung/scanner' (Mozilla/5.0 (X11; Linux x86_64) AppleWebKit/537.36 (KHTML, like Gecko) HeadlessChrome/151.0.0.0 Safari/537.36): HTTP 500 - POST http://localhost:8080/api/scanners/register: Interner Serverfehler!
2026-08-29T15:10:54.8017503Z 2026-08-29T15:10:54.801Z  INFO 2745 --- [nio-8080-exec-8] a.w.t.a.b.m.checkin.ScannerController    : Relayed scan result from scanner 4242: 12345
2026-08-29T15:10:54.8384868Z   [32m  ✓[0m[90m a failed scanner registration surfaces a connection-lost overlay that a retry can clear[0m[90m (1786ms)[0m
2026-08-29T15:10:54.8869216Z 2026-08-29T15:10:54.885Z  WARN 2745 --- [nio-8080-exec-7] a.wrk.tafel.admin.backend.CLIENT_ERROR   : Client-Fehler von Benutzer 'e2etest' auf Seite 'http://localhost:8080/anmeldung/scanner' (Mozilla/5.0 (X11; Linux x86_64) AppleWebKit/537.36 (KHTML, like Gecko) HeadlessChrome/151.0.0.0 Safari/537.36): SSE connection error {"isTrusted":true}
2026-08-29T15:10:55.2795523Z 2026-08-29T15:10:55.279Z  INFO 2745 --- [nio-8080-exec-6] a.w.t.a.b.c.a.c.TafelLoginProvider       : Login successful for user 'e2etest'
2026-08-29T15:10:55.2805392Z 2026-08-29T15:10:55.280Z  INFO 2745 --- [nio-8080-exec-6] a.w.t.a.b.c.a.c.TafelLoginFilter         : Login successful via user 'e2etest' on 'http://localhost:8080/api/login' (password-change required: false)
2026-08-29T15:10:55.5353077Z 2026-08-29T15:10:55.530Z  INFO 2745 --- [nio-8080-exec-8] a.w.t.a.b.m.c.internal.ScannerService    : Registered new scanner with id: 3
2026-08-29T15:10:55.6527626Z 2026-08-29T15:10:55.651Z  INFO 2745 --- [nio-8080-exec-9] a.w.t.a.b.m.checkin.ScannerController    : Relayed scan result from scanner 3: 12345
2026-08-29T15:10:55.8789165Z 2026-08-29T15:10:55.876Z  INFO 2745 --- [nio-8080-exec-6] a.w.t.a.b.m.c.internal.ScannerService    : Registered existing scanner with id: 3
2026-08-29T15:10:55.9789526Z 2026-08-29T15:10:55.978Z  INFO 2745 --- [nio-8080-exec-9] a.w.t.a.b.m.checkin.ScannerController    : Relayed scan result from scanner 3: 12345
2026-08-29T15:10:55.9875596Z   [32m  ✓[0m[90m remains usable on mobile viewports[0m[90m (1089ms)[0m
2026-08-29T15:10:56.0088087Z 2026-08-29T15:10:56.008Z  WARN 2745 --- [nio-8080-exec-4] a.wrk.tafel.admin.backend.CLIENT_ERROR   : Client-Fehler von Benutzer 'e2etest' auf Seite 'http://localhost:8080/anmeldung/scanner' (Mozilla/5.0 (X11; Linux x86_64) AppleWebKit/537.36 (KHTML, like Gecko) HeadlessChrome/151.0.0.0 Safari/537.36): SSE connection error {"isTrusted":true}
2026-08-29T15:10:56.0108030Z [0m    accessibility[0m
2026-08-29T15:10:56.4081913Z 2026-08-29T15:10:56.407Z  INFO 2745 --- [nio-8080-exec-3] a.w.t.a.b.c.a.c.TafelLoginProvider       : Login successful for user 'e2etest'
2026-08-29T15:10:56.4090934Z 2026-08-29T15:10:56.408Z  INFO 2745 --- [nio-8080-exec-3] a.w.t.a.b.c.a.c.TafelLoginFilter         : Login successful via user 'e2etest' on 'http://localhost:8080/api/login' (password-change required: false)
2026-08-29T15:10:56.6206518Z 2026-08-29T15:10:56.616Z  INFO 2745 --- [nio-8080-exec-4] a.w.t.a.b.m.c.internal.ScannerService    : Registered new scanner with id: 4
2026-08-29T15:10:56.7927918Z 2026-08-29T15:10:56.789Z  INFO 2745 --- [io-8080-exec-10] a.w.t.a.b.m.checkin.ScannerController    : Relayed scan result from scanner 4: 12345
2026-08-29T15:10:56.9809366Z     [32m  ✓[0m[90m has no violations in the pairing phase[0m[90m (947ms)[0m
2026-08-29T15:10:57.0071965Z 2026-08-29T15:10:57.003Z  WARN 2745 --- [nio-8080-exec-5] a.wrk.tafel.admin.backend.CLIENT_ERROR   : Client-Fehler von Benutzer 'e2etest' auf Seite 'http://localhost:8080/anmeldung/scanner' (Mozilla/5.0 (X11; Linux x86_64) AppleWebKit/537.36 (KHTML, like Gecko) HeadlessChrome/151.0.0.0 Safari/537.36): SSE connection error {"isTrusted":true}
2026-08-29T15:10:57.3869866Z 2026-08-29T15:10:57.386Z  INFO 2745 --- [nio-8080-exec-7] a.w.t.a.b.c.a.c.TafelLoginProvider       : Login successful for user 'e2etest'
2026-08-29T15:10:57.3877681Z 2026-08-29T15:10:57.387Z  INFO 2745 --- [nio-8080-exec-7] a.w.t.a.b.c.a.c.TafelLoginFilter         : Login successful via user 'e2etest' on 'http://localhost:8080/api/login' (password-change required: false)
2026-08-29T15:10:57.6087358Z 2026-08-29T15:10:57.606Z  INFO 2745 --- [io-8080-exec-10] a.w.t.a.b.m.c.internal.ScannerService    : Registered new scanner with id: 5
2026-08-29T15:10:57.7498238Z 2026-08-29T15:10:57.746Z  INFO 2745 --- [nio-8080-exec-1] a.w.t.a.b.m.checkin.ScannerController    : Relayed scan result from scanner 5: 12345
2026-08-29T15:10:57.8826923Z     [32m  ✓[0m[90m has no violations in the scanning phase[0m[90m (883ms)[0m
2026-08-29T15:10:57.8828805Z 
2026-08-29T15:10:57.9067204Z 
2026-08-29T15:10:57.9069498Z [92m [0m[32m 6 passing[0m[90m (12s)[0m
2026-08-29T15:10:57.9070134Z 
2026-08-29T15:10:57.9129550Z 2026-08-29T15:10:57.912Z  WARN 2745 --- [nio-8080-exec-8] a.wrk.tafel.admin.backend.CLIENT_ERROR   : Client-Fehler von Benutzer 'e2etest' auf Seite 'http://localhost:8080/anmeldung/scanner' (Mozilla/5.0 (X11; Linux x86_64) AppleWebKit/537.36 (KHTML, like Gecko) HeadlessChrome/151.0.0.0 Safari/537.36): SSE connection error {"isTrusted":true}
2026-08-29T15:10:58.9279879Z 
2026-08-29T15:10:58.9281164Z [32m  ([4m[1mResults[22m[24m)[39m
2026-08-29T15:10:58.9285366Z 
2026-08-29T15:10:58.9299964Z [90m  ┌[39m[90m─[39m[90m─[39m[90m─[39m[90m─[39m[90m─[39m[90m─[39m[90m─[39m[90m─[39m[90m─[39m[90m─[39m[90m─[39m[90m─[39m[90m─[39m[90m─[39m[90m─[39m[90m─[39m[90m─[39m[90m─[39m[90m─[39m[90m─[39m[90m─[39m[90m─[39m[90m─[39m[90m─[39m[90m─[39m[90m─[39m[90m─[39m[90m─[39m[90m─[39m[90m─[39m[90m─[39m[90m─[39m[90m─[39m[90m─[39m[90m─[39m[90m─[39m[90m─[39m[90m─[39m[90m─[39m[90m─[39m[90m─[39m[90m─[39m[90m─[39m[90m─[39m[90m─[39m[90m─[39m[90m─[39m[90m─[39m[90m─[39m[90m─[39m[90m─[39m[90m─[39m[90m─[39m[90m─[39m[90m─[39m[90m─[39m[90m─[39m[90m─[39m[90m─[39m[90m─[39m[90m─[39m[90m─[39m[90m─[39m[90m─[39m[90m─[39m[90m─[39m[90m─[39m[90m─[39m[90m─[39m[90m─[39m[90m─[39m[90m─[39m[90m─[39m[90m─[39m[90m─[39m[90m─[39m[90m─[39m[90m─[39m[90m─[39m[90m─[39m[90m─[39m[90m─[39m[90m─[39m[90m─[39m[90m─[39m[90m─[39m[90m─[39m[90m─[39m[90m─[39m[90m─[39m[90m─[39m[90m─[39m[90m─[39m[90m─[39m[90m─[39m[90m─[39m[90m┐[39m
2026-08-29T15:10:58.9304081Z [90m  │[39m [90mTests:[39m        [32m6[39m                                                                                [90m│[39m
2026-08-29T15:10:58.9305139Z [90m  │[39m [90mPassing:[39m      [32m6[39m                                                                                [90m│[39m
2026-08-29T15:10:58.9306385Z [90m  │[39m [90mFailing:[39m      [32m0[39m                                                                                [90m│[39m
2026-08-29T15:10:58.9307183Z [90m  │[39m [90mPending:[39m      [32m0[39m                                                                                [90m│[39m
2026-08-29T15:10:58.9308050Z [90m  │[39m [90mSkipped:[39m      [32m0[39m                                                                                [90m│[39m
2026-08-29T15:10:58.9309179Z [90m  │[39m [90mScreenshots:[39m  [32m0[39m                                                                                [90m│[39m
2026-08-29T15:10:58.9309986Z [90m  │[39m [90mVideo:[39m        [32mtrue[39m                                                                             [90m│[39m
2026-08-29T15:10:58.9310772Z [90m  │[39m [90mDuration:[39m     [32m11 seconds[39m                                                                       [90m│[39m
2026-08-29T15:10:58.9311623Z [90m  │[39m [90mSpec Ran:[39m     [32m[32mscanner.cy.ts[32m[39m                                                                    [90m│[39m
2026-08-29T15:10:58.9316536Z [90m  └[39m[90m─[39m[90m─[39m[90m─[39m[90m─[39m[90m─[39m[90m─[39m[90m─[39m[90m─[39m[90m─[39m[90m─[39m[90m─[39m[90m─[39m[90m─[39m[90m─[39m[90m─[39m[90m─[39m[90m─[39m[90m─[39m[90m─[39m[90m─[39m[90m─[39m[90m─[39m[90m─[39m[90m─[39m[90m─[39m[90m─[39m[90m─[39m[90m─[39m[90m─[39m[90m─[39m[90m─[39m[90m─[39m[90m─[39m[90m─[39m[90m─[39m[90m─[39m[90m─[39m[90m─[39m[90m─[39m[90m─[39m[90m─[39m[90m─[39m[90m─[39m[90m─[39m[90m─[39m[90m─[39m[90m─[39m[90m─[39m[90m─[39m[90m─[39m[90m─[39m[90m─[39m[90m─[39m[90m─[39m[90m─[39m[90m─[39m[90m─[39m[90m─[39m[90m─[39m[90m─[39m[90m─[39m[90m─[39m[90m─[39m[90m─[39m[90m─[39m[90m─[39m[90m─[39m[90m─[39m[90m─[39m[90m─[39m[90m─[39m[90m─[39m[90m─[39m[90m─[39m[90m─[39m[90m─[39m[90m─[39m[90m─[39m[90m─[39m[90m─[39m[90m─[39m[90m─[39m[90m─[39m[90m─[39m[90m─[39m[90m─[39m[90m─[39m[90m─[39m[90m─[39m[90m─[39m[90m─[39m[90m─[39m[90m─[39m[90m─[39m[90m─[39m[90m─[39m[90m┘[39m
2026-08-29T15:10:58.9319807Z 
2026-08-29T15:10:59.0028241Z 
2026-08-29T15:10:59.0029340Z [36m  ([4m[1mVideo[22m[24m)[39m
2026-08-29T15:10:59.0037541Z 
2026-08-29T15:10:59.0038761Z   -  Video output: [36m/home/runner/work/admin/admin/frontend/src/main/webapp/cypress/videos/scanner.cy.ts.mp4[39m
2026-08-29T15:10:59.0039393Z 
2026-08-29T15:10:59.0039416Z 
2026-08-29T15:10:59.0050769Z [90m─[39m[90m─[39m[90m─[39m[90m─[39m[90m─[39m[90m─[39m[90m─[39m[90m─[39m[90m─[39m[90m─[39m[90m─[39m[90m─[39m[90m─[39m[90m─[39m[90m─[39m[90m─[39m[90m─[39m[90m─[39m[90m─[39m[90m─[39m[90m─[39m[90m─[39m[90m─[39m[90m─[39m[90m─[39m[90m─[39m[90m─[39m[90m─[39m[90m─[39m[90m─[39m[90m─[39m[90m─[39m[90m─[39m[90m─[39m[90m─[39m[90m─[39m[90m─[39m[90m─[39m[90m─[39m[90m─[39m[90m─[39m[90m─[39m[90m─[39m[90m─[39m[90m─[39m[90m─[39m[90m─[39m[90m─[39m[90m─[39m[90m─[39m[90m─[39m[90m─[39m[90m─[39m[90m─[39m[90m─[39m[90m─[39m[90m─[39m[90m─[39m[90m─[39m[90m─[39m[90m─[39m[90m─[39m[90m─[39m[90m─[39m[90m─[39m[90m─[39m[90m─[39m[90m─[39m[90m─[39m[90m─[39m[90m─[39m[90m─[39m[90m─[39m[90m─[39m[90m─[39m[90m─[39m[90m─[39m[90m─[39m[90m─[39m[90m─[39m[90m─[39m[90m─[39m[90m─[39m[90m─[39m[90m─[39m[90m─[39m[90m─[39m[90m─[39m[90m─[39m[90m─[39m[90m─[39m[90m─[39m[90m─[39m[90m─[39m[90m─[39m[90m─[39m[90m─[39m[90m─[39m[90m─[39m[90m─[39m
2026-08-29T15:10:59.0055364Z                                                                                                     
2026-08-29T15:10:59.0056828Z   Running:  [90mstatistics-children.cy.ts[39m                                                       [90m(2 of 5)[39m
2026-08-29T15:11:00.9469496Z 
2026-08-29T15:11:00.9481635Z [0m[0m
2026-08-29T15:11:00.9482244Z [0m  Statistics Children[0m
2026-08-29T15:11:01.3427750Z 2026-08-29T15:11:01.342Z  INFO 2745 --- [nio-8080-exec-2] a.w.t.a.b.c.a.c.TafelLoginProvider       : Login successful for user 'e2etest'
2026-08-29T15:11:01.3438055Z 2026-08-29T15:11:01.343Z  INFO 2745 --- [nio-8080-exec-2] a.w.t.a.b.c.a.c.TafelLoginFilter         : Login successful via user 'e2etest' on 'http://localhost:8080/api/login' (password-change required: false)
2026-08-29T15:11:01.6167912Z 2026-08-29T15:11:01.615Z  INFO 2745 --- [nio-8080-exec-6] a.w.t.a.b.m.h.internal.HouseholdService  : Created household 10000
2026-08-29T15:11:03.3738394Z   [32m  ✓[0m[90m lists a household member within the default age range[0m[90m (2420ms)[0m
2026-08-29T15:11:03.4069235Z 2026-08-29T15:11:03.405Z  WARN 2745 --- [nio-8080-exec-5] a.wrk.tafel.admin.backend.CLIENT_ERROR   : Client-Fehler von Benutzer 'e2etest' auf Seite 'http://localhost:8080/statistiken/auswertung-kinder' (Mozilla/5.0 (X11; Linux x86_64) AppleWebKit/537.36 (KHTML, like Gecko) HeadlessChrome/151.0.0.0 Safari/537.36): SSE connection error {"isTrusted":true}
2026-08-29T15:11:03.8278991Z 2026-08-29T15:11:03.827Z  INFO 2745 --- [nio-8080-exec-8] a.w.t.a.b.c.a.c.TafelLoginProvider       : Login successful for user 'e2etest'
2026-08-29T15:11:03.8287865Z 2026-08-29T15:11:03.828Z  INFO 2745 --- [nio-8080-exec-8] a.w.t.a.b.c.a.c.TafelLoginFilter         : Login successful via user 'e2etest' on 'http://localhost:8080/api/login' (password-change required: false)
2026-08-29T15:11:03.8780397Z 2026-08-29T15:11:03.877Z  INFO 2745 --- [io-8080-exec-10] a.w.t.a.b.m.h.internal.HouseholdService  : Created household 10001
2026-08-29T15:11:04.3251466Z   [32m  ✓[0m[90m leads with the children count and describes the export[0m[90m (901ms)[0m
2026-08-29T15:11:04.3594329Z 2026-08-29T15:11:04.358Z  WARN 2745 --- [nio-8080-exec-2] a.wrk.tafel.admin.backend.CLIENT_ERROR   : Client-Fehler von Benutzer 'e2etest' auf Seite 'http://localhost:8080/statistiken/auswertung-kinder' (Mozilla/5.0 (X11; Linux x86_64) AppleWebKit/537.36 (KHTML, like Gecko) HeadlessChrome/151.0.0.0 Safari/537.36): SSE connection error {"isTrusted":true}
2026-08-29T15:11:04.8030203Z 2026-08-29T15:11:04.802Z  INFO 2745 --- [nio-8080-exec-9] a.w.t.a.b.c.a.c.TafelLoginProvider       : Login successful for user 'e2etest'
2026-08-29T15:11:04.8037623Z 2026-08-29T15:11:04.803Z  INFO 2745 --- [nio-8080-exec-9] a.w.t.a.b.c.a.c.TafelLoginFilter         : Login successful via user 'e2etest' on 'http://localhost:8080/api/login' (password-change required: false)
2026-08-29T15:11:04.8588033Z 2026-08-29T15:11:04.855Z  INFO 2745 --- [nio-8080-exec-3] a.w.t.a.b.m.h.internal.HouseholdService  : Created household 10002
2026-08-29T15:11:04.9563626Z   [32m  ✓[0m[90m excludes a household member outside the given age range[0m[90m (587ms)[0m
2026-08-29T15:11:05.3821145Z 2026-08-29T15:11:05.380Z  INFO 2745 --- [nio-8080-exec-8] a.w.t.a.b.c.a.c.TafelLoginProvider       : Login successful for user 'e2etest'
2026-08-29T15:11:05.3825329Z 2026-08-29T15:11:05.381Z  INFO 2745 --- [nio-8080-exec-8] a.w.t.a.b.c.a.c.TafelLoginFilter         : Login successful via user 'e2etest' on 'http://localhost:8080/api/login' (password-change required: false)
2026-08-29T15:11:05.4242184Z 2026-08-29T15:11:05.423Z  INFO 2745 --- [nio-8080-exec-7] a.w.t.a.b.m.h.internal.HouseholdService  : Created household 10003
2026-08-29T15:11:06.5537910Z   [32m  ✓[0m[90m reloads the list when the age range changes[0m[90m (1556ms)[0m
2026-08-29T15:11:06.5780555Z 2026-08-29T15:11:06.574Z  WARN 2745 --- [nio-8080-exec-8] a.wrk.tafel.admin.backend.CLIENT_ERROR   : Client-Fehler von Benutzer 'e2etest' auf Seite 'http://localhost:8080/statistiken/auswertung-kinder' (Mozilla/5.0 (X11; Linux x86_64) AppleWebKit/537.36 (KHTML, like Gecko) HeadlessChrome/151.0.0.0 Safari/537.36): SSE connection permanently closed, trying to reconnect...
2026-08-29T15:11:06.5837724Z 2026-08-29T15:11:06.583Z  WARN 2745 --- [nio-8080-exec-3] a.wrk.tafel.admin.backend.CLIENT_ERROR   : Client-Fehler von Benutzer 'e2etest' auf Seite 'http://localhost:8080/statistiken/auswertung-kinder' (Mozilla/5.0 (X11; Linux x86_64) AppleWebKit/537.36 (KHTML, like Gecko) HeadlessChrome/151.0.0.0 Safari/537.36): SSE connection error {"isTrusted":true}
2026-08-29T15:11:07.0537362Z 2026-08-29T15:11:07.053Z  INFO 2745 --- [nio-8080-exec-5] a.w.t.a.b.c.a.c.TafelLoginProvider       : Login successful for user 'e2etest'
2026-08-29T15:11:07.0548028Z 2026-08-29T15:11:07.054Z  INFO 2745 --- [nio-8080-exec-5] a.w.t.a.b.c.a.c.TafelLoginFilter         : Login successful via user 'e2etest' on 'http://localhost:8080/api/login' (password-change required: false)
2026-08-29T15:11:07.1052804Z 2026-08-29T15:11:07.104Z  INFO 2745 --- [nio-8080-exec-7] a.w.t.a.b.m.h.internal.HouseholdService  : Created household 10004
2026-08-29T15:11:07.8145193Z   [32m  ✓[0m[90m applies the school age preset[0m[90m (1219ms)[0m
2026-08-29T15:11:08.3957677Z 2026-08-29T15:11:08.393Z  INFO 2745 --- [io-8080-exec-10] a.w.t.a.b.c.a.c.TafelLoginProvider       : Login successful for user 'e2etest'
2026-08-29T15:11:08.3988123Z 2026-08-29T15:11:08.394Z  INFO 2745 --- [io-8080-exec-10] a.w.t.a.b.c.a.c.TafelLoginFilter         : Login successful via user 'e2etest' on 'http://localhost:8080/api/login' (password-change required: false)
2026-08-29T15:11:09.6521675Z   [32m  ✓[0m[90m rejects an inverted age range instead of querying it[0m[90m (1801ms)[0m
2026-08-29T15:11:09.6886075Z 2026-08-29T15:11:09.685Z  WARN 2745 --- [nio-8080-exec-9] a.wrk.tafel.admin.backend.CLIENT_ERROR   : Client-Fehler von Benutzer 'e2etest' auf Seite 'http://localhost:8080/statistiken/auswertung-kinder' (Mozilla/5.0 (X11; Linux x86_64) AppleWebKit/537.36 (KHTML, like Gecko) HeadlessChrome/151.0.0.0 Safari/537.36): SSE connection error {"isTrusted":true}
2026-08-29T15:11:10.1572747Z 2026-08-29T15:11:10.156Z  INFO 2745 --- [nio-8080-exec-2] a.w.t.a.b.c.a.c.TafelLoginProvider       : Login successful for user 'e2etest'
2026-08-29T15:11:10.1581559Z 2026-08-29T15:11:10.157Z  INFO 2745 --- [nio-8080-exec-2] a.w.t.a.b.c.a.c.TafelLoginFilter         : Login successful via user 'e2etest' on 'http://localhost:8080/api/login' (password-change required: false)
2026-08-29T15:11:10.2074576Z 2026-08-29T15:11:10.206Z  INFO 2745 --- [nio-8080-exec-5] a.w.t.a.b.m.h.internal.HouseholdService  : Created household 10005
2026-08-29T15:11:11.4637585Z   [32m  ✓[0m[90m counts a child by its age on the chosen reference date[0m[90m (1759ms)[0m
2026-08-29T15:11:11.4853611Z 2026-08-29T15:11:11.483Z  WARN 2745 --- [nio-8080-exec-2] a.wrk.tafel.admin.backend.CLIENT_ERROR   : Client-Fehler von Benutzer 'e2etest' auf Seite 'http://localhost:8080/statistiken/auswertung-kinder' (Mozilla/5.0 (X11; Linux x86_64) AppleWebKit/537.36 (KHTML, like Gecko) HeadlessChrome/151.0.0.0 Safari/537.36): SSE connection permanently closed, trying to reconnect...
2026-08-29T15:11:11.9545028Z 2026-08-29T15:11:11.954Z  INFO 2745 --- [nio-8080-exec-5] a.w.t.a.b.c.a.c.TafelLoginProvider       : Login successful for user 'e2etest'
2026-08-29T15:11:11.9551447Z 2026-08-29T15:11:11.954Z  INFO 2745 --- [nio-8080-exec-5] a.w.t.a.b.c.a.c.TafelLoginFilter         : Login successful via user 'e2etest' on 'http://localhost:8080/api/login' (password-change required: false)
2026-08-29T15:11:11.9940483Z 2026-08-29T15:11:11.993Z  WARN 2745 --- [nio-8080-exec-9] a.w.t.a.b.m.b.e.GenericExceptionHandler  : POST uri=/api/households answered with 400 (BusinessRuleException): 400 BAD_REQUEST, ProblemDetail[type='null', title='Bad Request', status=400, detail='Person (ID: 1) gehört nicht zu diesem Kunden!', instance='null', properties='null']
2026-08-29T15:11:12.1935761Z   [31m  1) shows a household number once for its siblings[0m
2026-08-29T15:11:12.6822885Z 2026-08-29T15:11:12.681Z  INFO 2745 --- [nio-8080-exec-7] a.w.t.a.b.c.a.c.TafelLoginProvider       : Login successful for user 'e2etest'
2026-08-29T15:11:12.6854959Z 2026-08-29T15:11:12.682Z  INFO 2745 --- [nio-8080-exec-7] a.w.t.a.b.c.a.c.TafelLoginFilter         : Login successful via user 'e2etest' on 'http://localhost:8080/api/login' (password-change required: false)
2026-08-29T15:11:13.4199794Z   [32m  ✓[0m[90m exports the children report as csv[0m[90m (1163ms)[0m
2026-08-29T15:11:13.4378688Z 2026-08-29T15:11:13.437Z  WARN 2745 --- [nio-8080-exec-4] a.wrk.tafel.admin.backend.CLIENT_ERROR   : Client-Fehler von Benutzer 'e2etest' auf Seite 'http://localhost:8080/statistiken/auswertung-kinder' (Mozilla/5.0 (X11; Linux x86_64) AppleWebKit/537.36 (KHTML, like Gecko) HeadlessChrome/151.0.0.0 Safari/537.36): SSE connection error {"isTrusted":true}
2026-08-29T15:11:13.8720548Z 2026-08-29T15:11:13.871Z  INFO 2745 --- [nio-8080-exec-8] a.w.t.a.b.c.a.c.TafelLoginProvider       : Login successful for user 'e2etest'
2026-08-29T15:11:13.8727916Z 2026-08-29T15:11:13.872Z  INFO 2745 --- [nio-8080-exec-8] a.w.t.a.b.c.a.c.TafelLoginFilter         : Login successful via user 'e2etest' on 'http://localhost:8080/api/login' (password-change required: false)
2026-08-29T15:11:13.9113555Z 2026-08-29T15:11:13.910Z  INFO 2745 --- [io-8080-exec-10] a.w.t.a.b.m.h.internal.HouseholdService  : Created household 10007
2026-08-29T15:11:14.4967954Z   [32m  ✓[0m[90m renders as a card list on phone and stays usable[0m[90m (1039ms)[0m
2026-08-29T15:11:14.9113640Z 2026-08-29T15:11:14.910Z  INFO 2745 --- [nio-8080-exec-9] a.w.t.a.b.c.a.c.TafelLoginProvider       : Login successful for user 'e2etest'
2026-08-29T15:11:14.9122149Z 2026-08-29T15:11:14.911Z  INFO 2745 --- [nio-8080-exec-9] a.w.t.a.b.c.a.c.TafelLoginFilter         : Login successful via user 'e2etest' on 'http://localhost:8080/api/login' (password-change required: false)
2026-08-29T15:11:14.9529758Z 2026-08-29T15:11:14.952Z  INFO 2745 --- [nio-8080-exec-5] a.w.t.a.b.m.h.internal.HouseholdService  : Created household 10008
2026-08-29T15:11:15.3058431Z   [32m  ✓[0m[90m renders as a table at tablet breakpoint[0m[90m (737ms)[0m
2026-08-29T15:11:15.3086629Z 
2026-08-29T15:11:15.3416790Z 
2026-08-29T15:11:15.3477382Z [92m [0m[32m 10 passing[0m[90m (14s)[0m
2026-08-29T15:11:15.3478297Z [31m  1 failing[0m
2026-08-29T15:11:15.3497618Z 
2026-08-29T15:11:15.3498813Z [0m  1) Statistics Children
2026-08-29T15:11:15.3499545Z        shows a household number once for its siblings:
2026-08-29T15:11:15.3501668Z [0m[31m     Error: cy.request() to POST /api/households?force=true failed with status 400: {"detail":"Person (ID: 1) gehört nicht zu diesem Kunden!","instance":"/api/households","status":400,"title":"Ungültige Aktion"}[0m[90m
2026-08-29T15:11:15.3527103Z       at Context.eval (webpack://@tafel/admin/./cypress/support/commands.ts:125:14)
2026-08-29T15:11:15.3557260Z       at getRet (http://localhost:8080/__cypress/runner/cypress_runner.js:121394:20)
2026-08-29T15:11:15.3586262Z       at tryCatcher (http://localhost:8080/__cypress/runner/cypress_runner.js:1780:23)
2026-08-29T15:11:15.3589698Z       at Promise.attempt.Promise.try (http://localhost:8080/__cypress/runner/cypress_runner.js:4288:29)
2026-08-29T15:11:15.3590523Z       at Context.thenFn (http://localhost:8080/__cypress/runner/cypress_runner.js:121405:66)
2026-08-29T15:11:15.3591094Z       at Context.then (http://localhost:8080/__cypress/runner/cypress_runner.js:121656:21)
2026-08-29T15:11:15.3591633Z       at wrapped (http://localhost:8080/__cypress/runner/cypress_runner.js:146597:19)
2026-08-29T15:11:15.3592160Z       at <unknown> (http://localhost:8080/__cypress/runner/cypress_runner.js:152738:15)
2026-08-29T15:11:15.3592713Z       at tryCatcher (http://localhost:8080/__cypress/runner/cypress_runner.js:1780:23)
2026-08-29T15:11:15.3593196Z [0m
2026-08-29T15:11:15.3593316Z 
2026-08-29T15:11:15.3593324Z 
2026-08-29T15:11:15.3594614Z 2026-08-29T15:11:15.340Z  WARN 2745 --- [nio-8080-exec-6] a.wrk.tafel.admin.backend.CLIENT_ERROR   : Client-Fehler von Benutzer 'e2etest' auf Seite 'http://localhost:8080/statistiken/auswertung-kinder' (Mozilla/5.0 (X11; Linux x86_64) AppleWebKit/537.36 (KHTML, like Gecko) HeadlessChrome/151.0.0.0 Safari/537.36): SSE connection error {"isTrusted":true}
2026-08-29T15:11:16.3533487Z 
2026-08-29T15:11:16.3537892Z [31m  ([4m[1mResults[22m[24m)[39m
2026-08-29T15:11:16.3538337Z 
2026-08-29T15:11:16.3549017Z [90m  ┌[39m[90m─[39m[90m─[39m[90m─[39m[90m─[39m[90m─[39m[90m─[39m[90m─[39m[90m─[39m[90m─[39m[90m─[39m[90m─[39m[90m─[39m[90m─[39m[90m─[39m[90m─[39m[90m─[39m[90m─[39m[90m─[39m[90m─[39m[90m─[39m[90m─[39m[90m─[39m[90m─[39m[90m─[39m[90m─[39m[90m─[39m[90m─[39m[90m─[39m[90m─[39m[90m─[39m[90m─[39m[90m─[39m[90m─[39m[90m─[39m[90m─[39m[90m─[39m[90m─[39m[90m─[39m[90m─[39m[90m─[39m[90m─[39m[90m─[39m[90m─[39m[90m─[39m[90m─[39m[90m─[39m[90m─[39m[90m─[39m[90m─[39m[90m─[39m[90m─[39m[90m─[39m[90m─[39m[90m─[39m[90m─[39m[90m─[39m[90m─[39m[90m─[39m[90m─[39m[90m─[39m[90m─[39m[90m─[39m[90m─[39m[90m─[39m[90m─[39m[90m─[39m[90m─[39m[90m─[39m[90m─[39m[90m─[39m[90m─[39m[90m─[39m[90m─[39m[90m─[39m[90m─[39m[90m─[39m[90m─[39m[90m─[39m[90m─[39m[90m─[39m[90m─[39m[90m─[39m[90m─[39m[90m─[39m[90m─[39m[90m─[39m[90m─[39m[90m─[39m[90m─[39m[90m─[39m[90m─[39m[90m─[39m[90m─[39m[90m─[39m[90m─[39m[90m─[39m[90m┐[39m
2026-08-29T15:11:16.3552563Z [90m  │[39m [90mTests:[39m        [31m11[39m                                                                               [90m│[39m
2026-08-29T15:11:16.3553366Z [90m  │[39m [90mPassing:[39m      [31m10[39m                                                                               [90m│[39m
2026-08-29T15:11:16.3554179Z [90m  │[39m [90mFailing:[39m      [31m1[39m                                                                                [90m│[39m
2026-08-29T15:11:16.3555201Z [90m  │[39m [90mPending:[39m      [31m0[39m                                                                                [90m│[39m
2026-08-29T15:11:16.3556369Z [90m  │[39m [90mSkipped:[39m      [31m0[39m                                                                                [90m│[39m
2026-08-29T15:11:16.3557424Z [90m  │[39m [90mScreenshots:[39m  [31m1[39m                                                                                [90m│[39m
2026-08-29T15:11:16.3558468Z [90m  │[39m [90mVideo:[39m        [31mtrue[39m                                                                             [90m│[39m
2026-08-29T15:11:16.3559776Z [90m  │[39m [90mDuration:[39m     [31m14 seconds[39m                                                                       [90m│[39m
2026-08-29T15:11:16.3561100Z [90m  │[39m [90mSpec Ran:[39m     [31m[31mstatistics-children.cy.ts[31m[39m                                                        [90m│[39m
2026-08-29T15:11:16.3567177Z [90m  └[39m[90m─[39m[90m─[39m[90m─[39m[90m─[39m[90m─[39m[90m─[39m[90m─[39m[90m─[39m[90m─[39m[90m─[39m[90m─[39m[90m─[39m[90m─[39m[90m─[39m[90m─[39m[90m─[39m[90m─[39m[90m─[39m[90m─[39m[90m─[39m[90m─[39m[90m─[39m[90m─[39m[90m─[39m[90m─[39m[90m─[39m[90m─[39m[90m─[39m[90m─[39m[90m─[39m[90m─[39m[90m─[39m[90m─[39m[90m─[39m[90m─[39m[90m─[39m[90m─[39m[90m─[39m[90m─[39m[90m─[39m[90m─[39m[90m─[39m[90m─[39m[90m─[39m[90m─[39m[90m─[39m[90m─[39m[90m─[39m[90m─[39m[90m─[39m[90m─[39m[90m─[39m[90m─[39m[90m─[39m[90m─[39m[90m─[39m[90m─[39m[90m─[39m[90m─[39m[90m─[39m[90m─[39m[90m─[39m[90m─[39m[90m─[39m[90m─[39m[90m─[39m[90m─[39m[90m─[39m[90m─[39m[90m─[39m[90m─[39m[90m─[39m[90m─[39m[90m─[39m[90m─[39m[90m─[39m[90m─[39m[90m─[39m[90m─[39m[90m─[39m[90m─[39m[90m─[39m[90m─[39m[90m─[39m[90m─[39m[90m─[39m[90m─[39m[90m─[39m[90m─[39m[90m─[39m[90m─[39m[90m─[39m[90m─[39m[90m─[39m[90m─[39m[90m─[39m[90m┘[39m
2026-08-29T15:11:16.3570561Z 
2026-08-29T15:11:16.3570575Z 
2026-08-29T15:11:16.3570938Z [33m  ([4m[1mScreenshots[22m[24m)[39m
2026-08-29T15:11:16.3571219Z 
2026-08-29T15:11:16.3572505Z [90m [39m -  [0m/home/runner/work/admin/admin/frontend/src/main/webapp/cypress/screenshots/stati[0m     [90m[90m(1280x633)[90m[39m
2026-08-29T15:11:16.3573912Z [90m [39m    [0mstics-children.cy.ts/Statistics Children -- shows a household number once for it[0m               
2026-08-29T15:11:16.3575198Z [90m [39m    [0ms siblings (failed).png[0m                                                                        
2026-08-29T15:11:16.3575671Z 
2026-08-29T15:11:16.4121519Z 
2026-08-29T15:11:16.4122603Z [36m  ([4m[1mVideo[22m[24m)[39m
2026-08-29T15:11:16.4123128Z 
2026-08-29T15:11:16.4124120Z   -  Video output: [36m/home/runner/work/admin/admin/frontend/src/main/webapp/cypress/videos/statistics-children.cy.ts.mp4[39m
2026-08-29T15:11:16.4124908Z 
2026-08-29T15:11:16.4125030Z 
2026-08-29T15:11:16.4131588Z [90m─[39m[90m─[39m[90m─[39m[90m─[39m[90m─[39m[90m─[39m[90m─[39m[90m─[39m[90m─[39m[90m─[39m[90m─[39m[90m─[39m[90m─[39m[90m─[39m[90m─[39m[90m─[39m[90m─[39m[90m─[39m[90m─[39m[90m─[39m[90m─[39m[90m─[39m[90m─[39m[90m─[39m[90m─[39m[90m─[39m[90m─[39m[90m─[39m[90m─[39m[90m─[39m[90m─[39m[90m─[39m[90m─[39m[90m─[39m[90m─[39m[90m─[39m[90m─[39m[90m─[39m[90m─[39m[90m─[39m[90m─[39m[90m─[39m[90m─[39m[90m─[39m[90m─[39m[90m─[39m[90m─[39m[90m─[39m[90m─[39m[90m─[39m[90m─[39m[90m─[39m[90m─[39m[90m─[39m[90m─[39m[90m─[39m[90m─[39m[90m─[39m[90m─[39m[90m─[39m[90m─[39m[90m─[39m[90m─[39m[90m─[39m[90m─[39m[90m─[39m[90m─[39m[90m─[39m[90m─[39m[90m─[39m[90m─[39m[90m─[39m[90m─[39m[90m─[39m[90m─[39m[90m─[39m[90m─[39m[90m─[39m[90m─[39m[90m─[39m[90m─[39m[90m─[39m[90m─[39m[90m─[39m[90m─[39m[90m─[39m[90m─[39m[90m─[39m[90m─[39m[90m─[39m[90m─[39m[90m─[39m[90m─[39m[90m─[39m[90m─[39m[90m─[39m[90m─[39m[90m─[39m[90m─[39m[90m─[39m
2026-08-29T15:11:16.4136982Z                                                                                                     
2026-08-29T15:11:16.4139129Z   Running:  [90mstatistics-general.cy.ts[39m                                                        [90m(3 of 5)[39m
2026-08-29T15:11:18.4307661Z 
2026-08-29T15:11:18.4318866Z [0m[0m
2026-08-29T15:11:18.4320271Z [0m  Statistics General[0m
2026-08-29T15:11:18.8164804Z 2026-08-29T15:11:18.816Z  INFO 2745 --- [nio-8080-exec-8] a.w.t.a.b.c.a.c.TafelLoginProvider       : Login successful for user 'e2etest'
2026-08-29T15:11:18.8174096Z 2026-08-29T15:11:18.817Z  INFO 2745 --- [nio-8080-exec-8] a.w.t.a.b.c.a.c.TafelLoginFilter         : Login successful via user 'e2etest' on 'http://localhost:8080/api/login' (password-change required: false)
2026-08-29T15:11:19.9627945Z   [32m  ✓[0m[90m defaults to the running year and shows the aggregated data[0m[90m (1369ms)[0m
2026-08-29T15:11:20.3510329Z 2026-08-29T15:11:20.350Z  INFO 2745 --- [nio-8080-exec-2] a.w.t.a.b.c.a.c.TafelLoginProvider       : Login successful for user 'e2etest'
2026-08-29T15:11:20.3518405Z 2026-08-29T15:11:20.351Z  INFO 2745 --- [nio-8080-exec-2] a.w.t.a.b.c.a.c.TafelLoginFilter         : Login successful via user 'e2etest' on 'http://localhost:8080/api/login' (password-change required: false)
2026-08-29T15:11:20.9488718Z   [32m  ✓[0m[90m compares every key figure with the same period of the year before[0m[90m (946ms)[0m
2026-08-29T15:11:20.9707889Z 2026-08-29T15:11:20.970Z  WARN 2745 --- [nio-8080-exec-5] a.wrk.tafel.admin.backend.CLIENT_ERROR   : Client-Fehler von Benutzer 'e2etest' auf Seite 'http://localhost:8080/statistiken/allgemein' (Mozilla/5.0 (X11; Linux x86_64) AppleWebKit/537.36 (KHTML, like Gecko) HeadlessChrome/151.0.0.0 Safari/537.36): SSE connection error {"isTrusted":true}
2026-08-29T15:11:21.3563773Z 2026-08-29T15:11:21.356Z  INFO 2745 --- [nio-8080-exec-7] a.w.t.a.b.c.a.c.TafelLoginProvider       : Login successful for user 'e2etest'
2026-08-29T15:11:21.3571672Z 2026-08-29T15:11:21.356Z  INFO 2745 --- [nio-8080-exec-7] a.w.t.a.b.c.a.c.TafelLoginFilter         : Login successful via user 'e2etest' on 'http://localhost:8080/api/login' (password-change required: false)
2026-08-29T15:11:21.8587176Z   [32m  ✓[0m[90m states a real change per key figure, not a flat zero[0m[90m (854ms)[0m
2026-08-29T15:11:22.2438394Z 2026-08-29T15:11:22.241Z  INFO 2745 --- [nio-8080-exec-8] a.w.t.a.b.c.a.c.TafelLoginProvider       : Login successful for user 'e2etest'
2026-08-29T15:11:22.2440315Z 2026-08-29T15:11:22.242Z  INFO 2745 --- [nio-8080-exec-8] a.w.t.a.b.c.a.c.TafelLoginFilter         : Login successful via user 'e2etest' on 'http://localhost:8080/api/login' (password-change required: false)
2026-08-29T15:11:23.8790506Z   [32m  ✓[0m[90m shows a placeholder on the cards while the numbers are loading[0m[90m (1949ms)[0m
2026-08-29T15:11:23.9142831Z 2026-08-29T15:11:23.912Z  WARN 2745 --- [nio-8080-exec-5] a.wrk.tafel.admin.backend.CLIENT_ERROR   : Client-Fehler von Benutzer 'e2etest' auf Seite 'http://localhost:8080/statistiken/allgemein' (Mozilla/5.0 (X11; Linux x86_64) AppleWebKit/537.36 (KHTML, like Gecko) HeadlessChrome/151.0.0.0 Safari/537.36): SSE connection error {"isTrusted":true}
2026-08-29T15:11:24.2990150Z 2026-08-29T15:11:24.298Z  INFO 2745 --- [nio-8080-exec-4] a.w.t.a.b.c.a.c.TafelLoginProvider       : Login successful for user 'e2etest'
2026-08-29T15:11:24.2997485Z 2026-08-29T15:11:24.299Z  INFO 2745 --- [nio-8080-exec-4] a.w.t.a.b.c.a.c.TafelLoginFilter         : Login successful via user 'e2etest' on 'http://localhost:8080/api/login' (password-change required: false)
2026-08-29T15:11:25.6003159Z   [32m  ✓[0m[90m opens the enlarged chart of a key figure[0m[90m (1680ms)[0m
2026-08-29T15:11:25.6220842Z 2026-08-29T15:11:25.621Z  WARN 2745 --- [io-8080-exec-10] a.wrk.tafel.admin.backend.CLIENT_ERROR   : Client-Fehler von Benutzer 'e2etest' auf Seite 'http://localhost:8080/statistiken/allgemein' (Mozilla/5.0 (X11; Linux x86_64) AppleWebKit/537.36 (KHTML, like Gecko) HeadlessChrome/151.0.0.0 Safari/537.36): SSE connection error {"isTrusted":true}
2026-08-29T15:11:25.6281826Z 2026-08-29T15:11:25.624Z  WARN 2745 --- [nio-8080-exec-3] a.wrk.tafel.admin.backend.CLIENT_ERROR   : Client-Fehler von Benutzer 'e2etest' auf Seite 'http://localhost:8080/statistiken/allgemein' (Mozilla/5.0 (X11; Linux x86_64) AppleWebKit/537.36 (KHTML, like Gecko) HeadlessChrome/151.0.0.0 Safari/537.36): SSE connection permanently closed, trying to reconnect...
2026-08-29T15:11:26.0347648Z 2026-08-29T15:11:26.034Z  INFO 2745 --- [nio-8080-exec-9] a.w.t.a.b.c.a.c.TafelLoginProvider       : Login successful for user 'e2etest'
2026-08-29T15:11:26.0354351Z 2026-08-29T15:11:26.035Z  INFO 2745 --- [nio-8080-exec-9] a.w.t.a.b.c.a.c.TafelLoginFilter         : Login successful via user 'e2etest' on 'http://localhost:8080/api/login' (password-change required: false)
2026-08-29T15:11:26.8260085Z   [32m  ✓[0m[90m gives the enlarged chart the phone screen it needs[0m[90m (1173ms)[0m
2026-08-29T15:11:27.3065337Z 2026-08-29T15:11:27.306Z  INFO 2745 --- [nio-8080-exec-7] a.w.t.a.b.c.a.c.TafelLoginProvider       : Login successful for user 'e2etest'
2026-08-29T15:11:27.3073751Z 2026-08-29T15:11:27.307Z  INFO 2745 --- [nio-8080-exec-7] a.w.t.a.b.c.a.c.TafelLoginFilter         : Login successful via user 'e2etest' on 'http://localhost:8080/api/login' (password-change required: false)
2026-08-29T15:11:28.1106830Z   [32m  ✓[0m[90m switches to current month mode and updates the shown range[0m[90m (1200ms)[0m
2026-08-29T15:11:28.1308974Z 2026-08-29T15:11:28.128Z  WARN 2745 --- [nio-8080-exec-1] a.wrk.tafel.admin.backend.CLIENT_ERROR   : Client-Fehler von Benutzer 'e2etest' auf Seite 'http://localhost:8080/statistiken/allgemein' (Mozilla/5.0 (X11; Linux x86_64) AppleWebKit/537.36 (KHTML, like Gecko) HeadlessChrome/151.0.0.0 Safari/537.36): SSE connection error {"isTrusted":true}
2026-08-29T15:11:28.5192746Z 2026-08-29T15:11:28.518Z  INFO 2745 --- [nio-8080-exec-3] a.w.t.a.b.c.a.c.TafelLoginProvider       : Login successful for user 'e2etest'
2026-08-29T15:11:28.5200134Z 2026-08-29T15:11:28.519Z  INFO 2745 --- [nio-8080-exec-3] a.w.t.a.b.c.a.c.TafelLoginFilter         : Login successful via user 'e2etest' on 'http://localhost:8080/api/login' (password-change required: false)
2026-08-29T15:11:29.5233385Z   [32m  ✓[0m[90m picks a specific year through the year mode[0m[90m (1362ms)[0m
2026-08-29T15:11:29.5443170Z 2026-08-29T15:11:29.542Z  WARN 2745 --- [nio-8080-exec-5] a.wrk.tafel.admin.backend.CLIENT_ERROR   : Client-Fehler von Benutzer 'e2etest' auf Seite 'http://localhost:8080/statistiken/allgemein' (Mozilla/5.0 (X11; Linux x86_64) AppleWebKit/537.36 (KHTML, like Gecko) HeadlessChrome/151.0.0.0 Safari/537.36): SSE connection error {"isTrusted":true}
2026-08-29T15:11:29.9543453Z 2026-08-29T15:11:29.954Z  INFO 2745 --- [nio-8080-exec-8] a.w.t.a.b.c.a.c.TafelLoginProvider       : Login successful for user 'e2etest'
2026-08-29T15:11:29.9551570Z 2026-08-29T15:11:29.954Z  INFO 2745 --- [nio-8080-exec-8] a.w.t.a.b.c.a.c.TafelLoginFilter         : Login successful via user 'e2etest' on 'http://localhost:8080/api/login' (password-change required: false)
2026-08-29T15:11:30.7491175Z   [32m  ✓[0m[90m switches to the previous year in one click[0m[90m (1177ms)[0m
2026-08-29T15:11:31.1513517Z 2026-08-29T15:11:31.151Z  INFO 2745 --- [nio-8080-exec-4] a.w.t.a.b.c.a.c.TafelLoginProvider       : Login successful for user 'e2etest'
2026-08-29T15:11:31.1520169Z 2026-08-29T15:11:31.151Z  INFO 2745 --- [nio-8080-exec-4] a.w.t.a.b.c.a.c.TafelLoginFilter         : Login successful via user 'e2etest' on 'http://localhost:8080/api/login' (password-change required: false)
2026-08-29T15:11:32.6637154Z   [32m  ✓[0m[90m switches to a custom date range and updates the shown range[0m[90m (1881ms)[0m
2026-08-29T15:11:32.6818965Z 2026-08-29T15:11:32.679Z  WARN 2745 --- [nio-8080-exec-4] a.wrk.tafel.admin.backend.CLIENT_ERROR   : Client-Fehler von Benutzer 'e2etest' auf Seite 'http://localhost:8080/statistiken/allgemein' (Mozilla/5.0 (X11; Linux x86_64) AppleWebKit/537.36 (KHTML, like Gecko) HeadlessChrome/151.0.0.0 Safari/537.36): SSE connection error {"isTrusted":true}
2026-08-29T15:11:33.0712944Z 2026-08-29T15:11:33.071Z  INFO 2745 --- [io-8080-exec-10] a.w.t.a.b.c.a.c.TafelLoginProvider       : Login successful for user 'e2etest'
2026-08-29T15:11:33.0718815Z 2026-08-29T15:11:33.071Z  INFO 2745 --- [io-8080-exec-10] a.w.t.a.b.c.a.c.TafelLoginFilter         : Login successful via user 'e2etest' on 'http://localhost:8080/api/login' (password-change required: false)
2026-08-29T15:11:34.8181186Z   [32m  ✓[0m[90m rejects a custom range that ends before it starts[0m[90m (2115ms)[0m
2026-08-29T15:11:34.8470417Z 2026-08-29T15:11:34.839Z  WARN 2745 --- [nio-8080-exec-6] a.wrk.tafel.admin.backend.CLIENT_ERROR   : Client-Fehler von Benutzer 'e2etest' auf Seite 'http://localhost:8080/statistiken/allgemein' (Mozilla/5.0 (X11; Linux x86_64) AppleWebKit/537.36 (KHTML, like Gecko) HeadlessChrome/151.0.0.0 Safari/537.36): SSE connection error {"isTrusted":true}
2026-08-29T15:11:34.8842701Z 2026-08-29T15:11:34.883Z  WARN 2745 --- [nio-8080-exec-1] a.wrk.tafel.admin.backend.CLIENT_ERROR   : Client-Fehler von Benutzer 'e2etest' auf Seite 'http://localhost:8080/statistiken/allgemein' (Mozilla/5.0 (X11; Linux x86_64) AppleWebKit/537.36 (KHTML, like Gecko) HeadlessChrome/151.0.0.0 Safari/537.36): SSE connection permanently closed, trying to reconnect...
2026-08-29T15:11:35.3019425Z 2026-08-29T15:11:35.301Z  INFO 2745 --- [io-8080-exec-10] a.w.t.a.b.c.a.c.TafelLoginProvider       : Login successful for user 'e2etest'
2026-08-29T15:11:35.3030594Z 2026-08-29T15:11:35.302Z  INFO 2745 --- [io-8080-exec-10] a.w.t.a.b.c.a.c.TafelLoginFilter         : Login successful via user 'e2etest' on 'http://localhost:8080/api/login' (password-change required: false)
2026-08-29T15:11:36.7982589Z   [32m  ✓[0m[90m says outright when the range holds no distribution[0m[90m (1941ms)[0m
2026-08-29T15:11:36.8119167Z 2026-08-29T15:11:36.810Z  WARN 2745 --- [nio-8080-exec-9] a.wrk.tafel.admin.backend.CLIENT_ERROR   : Client-Fehler von Benutzer 'e2etest' auf Seite 'http://localhost:8080/statistiken/allgemein' (Mozilla/5.0 (X11; Linux x86_64) AppleWebKit/537.36 (KHTML, like Gecko) HeadlessChrome/151.0.0.0 Safari/537.36): SSE connection error {"isTrusted":true}
2026-08-29T15:11:37.1864383Z 2026-08-29T15:11:37.186Z  INFO 2745 --- [nio-8080-exec-4] a.w.t.a.b.c.a.c.TafelLoginProvider       : Login successful for user 'e2etest'
2026-08-29T15:11:37.1870816Z 2026-08-29T15:11:37.186Z  INFO 2745 --- [nio-8080-exec-4] a.w.t.a.b.c.a.c.TafelLoginFilter         : Login successful via user 'e2etest' on 'http://localhost:8080/api/login' (password-change required: false)
2026-08-29T15:11:37.2643486Z 2026-08-29T15:11:37.260Z  WARN 2745 --- [nio-8080-exec-7] a.w.t.a.b.c.a.c.TafelAccessDeniedHandler : Access denied for user 'anonymous' on POST /api/distributions/new - resolved authorities: [none] - InvalidCsrfTokenException (CSRF, not an authorization failure - principal/authorities above are empty because CsrfFilter runs before authentication): X-XSRF-TOKEN header present, XSRF-TOKEN cookie present
2026-08-29T15:11:37.3393039Z 2026-08-29T15:11:37.337Z  INFO 2745 --- [nio-8080-exec-3] a.w.t.a.b.m.d.i.DistributionService      : Started distribution: ID 9951 (started by: e2etest, at: 2026-08-29T15:11:37.321882244)
2026-08-29T15:11:37.3662323Z 2026-08-29T15:11:37.364Z  INFO 2745 --- [ taskExecutor-1] a.w.t.a.b.m.p.i.PushBroadcastService     : Broadcast DISTRIBUTION_STARTED finished: 0 sent, 0 failed, 0 expired, 0 not-configured
2026-08-29T15:11:37.4922288Z 2026-08-29T15:11:37.488Z  INFO 2745 --- [nio-8080-exec-4] a.w.t.a.b.m.d.i.DistributionService      : Closed distribution: ID 9951 (started at: 2026-08-29T15:11:37.321882, ended at: 2026-08-29T15:11:37.48252315)
2026-08-29T15:11:37.6057681Z 2026-08-29T15:11:37.603Z  INFO 2745 --- [ taskExecutor-2] a.b.m.d.i.s.DistributionStatisticService : Created statistic entry for distribution id: 9951, end-date: 29.08.2026
2026-08-29T15:11:37.6343128Z 2026-08-29T15:11:37.629Z  INFO 2745 --- [ taskExecutor-2] a.w.t.a.b.m.p.i.PushBroadcastService     : Broadcast DISTRIBUTION_CLOSED finished: 0 sent, 0 failed, 0 expired, 0 not-configured
2026-08-29T15:11:37.6534664Z 2026-08-29T15:11:37.652Z  WARN 2745 --- [ taskExecutor-2] .b.m.r.i.DistributionClosedEventListener : Skipped daily report because there are no customers registered!
2026-08-29T15:11:38.3328469Z 2026-08-29T15:11:38.332Z  INFO 2745 --- [ taskExecutor-2] .b.m.r.i.DistributionClosedEventListener : Mail with statistic files 'TÖ Tafel 1030 - Statistiken vom 29.08.2026' queued!
2026-08-29T15:11:38.4006406Z 2026-08-29T15:11:38.399Z  INFO 2745 --- [ taskExecutor-2] .b.m.r.i.DistributionClosedEventListener : Mail for return boxes 'TÖ Tafel 1030 - Retourkisten vom 29.08.2026' queued!
2026-08-29T15:11:38.8936846Z   [32m  ✓[0m[90m drives the date range from a selected past distribution[0m[90m (2023ms)[0m
2026-08-29T15:11:39.2669485Z 2026-08-29T15:11:39.266Z  INFO 2745 --- [io-8080-exec-13] a.w.t.a.b.c.a.c.TafelLoginProvider       : Login successful for user 'e2etest'
2026-08-29T15:11:39.2681789Z 2026-08-29T15:11:39.267Z  INFO 2745 --- [io-8080-exec-13] a.w.t.a.b.c.a.c.TafelLoginFilter         : Login successful via user 'e2etest' on 'http://localhost:8080/api/login' (password-change required: false)
2026-08-29T15:11:39.9510662Z   [32m  ✓[0m[90m exports the statistics as csv for the selected range[0m[90m (1017ms)[0m
2026-08-29T15:11:39.9622591Z 2026-08-29T15:11:39.960Z  WARN 2745 --- [io-8080-exec-16] a.wrk.tafel.admin.backend.CLIENT_ERROR   : Client-Fehler von Benutzer 'e2etest' auf Seite 'http://localhost:8080/statistiken/allgemein' (Mozilla/5.0 (X11; Linux x86_64) AppleWebKit/537.36 (KHTML, like Gecko) HeadlessChrome/151.0.0.0 Safari/537.36): SSE connection error {"isTrusted":true}
2026-08-29T15:11:40.2991006Z 2026-08-29T15:11:40.298Z  INFO 2745 --- [io-8080-exec-24] a.w.t.a.b.c.a.c.TafelLoginProvider       : Login successful for user 'e2etest'
2026-08-29T15:11:40.2998364Z 2026-08-29T15:11:40.299Z  INFO 2745 --- [io-8080-exec-24] a.w.t.a.b.c.a.c.TafelLoginFilter         : Login successful via user 'e2etest' on 'http://localhost:8080/api/login' (password-change required: false)
2026-08-29T15:11:41.9248124Z   [32m  ✓[0m[90m switches to a custom date range and updates the shown range on phone[0m[90m (1926ms)[0m
2026-08-29T15:11:42.2699860Z 2026-08-29T15:11:42.269Z  INFO 2745 --- [nio-8080-exec-4] a.w.t.a.b.c.a.c.TafelLoginProvider       : Login successful for user 'e2etest'
2026-08-29T15:11:42.2706838Z 2026-08-29T15:11:42.270Z  INFO 2745 --- [nio-8080-exec-4] a.w.t.a.b.c.a.c.TafelLoginFilter         : Login successful via user 'e2etest' on 'http://localhost:8080/api/login' (password-change required: false)
2026-08-29T15:11:42.5677882Z   [32m  ✓[0m[90m puts the export in the picker block's bottom right corner on a desktop[0m[90m (591ms)[0m
2026-08-29T15:11:42.9158829Z 2026-08-29T15:11:42.915Z  INFO 2745 --- [io-8080-exec-21] a.w.t.a.b.c.a.c.TafelLoginProvider       : Login successful for user 'e2etest'
2026-08-29T15:11:42.9165107Z 2026-08-29T15:11:42.916Z  INFO 2745 --- [io-8080-exec-21] a.w.t.a.b.c.a.c.TafelLoginFilter         : Login successful via user 'e2etest' on 'http://localhost:8080/api/login' (password-change required: false)
2026-08-29T15:11:43.2192508Z   [32m  ✓[0m[90m moves the export under the period picker at tablet width[0m[90m (608ms)[0m
2026-08-29T15:11:43.2446096Z [0m    accessibility[0m
2026-08-29T15:11:43.6043113Z 2026-08-29T15:11:43.603Z  INFO 2745 --- [io-8080-exec-25] a.w.t.a.b.c.a.c.TafelLoginProvider       : Login successful for user 'e2etest'
2026-08-29T15:11:43.6050057Z 2026-08-29T15:11:43.604Z  INFO 2745 --- [io-8080-exec-25] a.w.t.a.b.c.a.c.TafelLoginFilter         : Login successful via user 'e2etest' on 'http://localhost:8080/api/login' (password-change required: false)
2026-08-29T15:11:45.5167304Z     [32m  ✓[0m[90m has no violations in any of the date range modes[0m[90m (2259ms)[0m
2026-08-29T15:11:45.5172039Z 
2026-08-29T15:11:45.5389883Z 
2026-08-29T15:11:45.5395506Z [92m [0m[32m 18 passing[0m[90m (27s)[0m
2026-08-29T15:11:45.5396045Z 
2026-08-29T15:11:46.5604001Z 
2026-08-29T15:11:46.5605287Z [32m  ([4m[1mResults[22m[24m)[39m
2026-08-29T15:11:46.5608285Z 
2026-08-29T15:11:46.5618523Z [90m  ┌[39m[90m─[39m[90m─[39m[90m─[39m[90m─[39m[90m─[39m[90m─[39m[90m─[39m[90m─[39m[90m─[39m[90m─[39m[90m─[39m[90m─[39m[90m─[39m[90m─[39m[90m─[39m[90m─[39m[90m─[39m[90m─[39m[90m─[39m[90m─[39m[90m─[39m[90m─[39m[90m─[39m[90m─[39m[90m─[39m[90m─[39m[90m─[39m[90m─[39m[90m─[39m[90m─[39m[90m─[39m[90m─[39m[90m─[39m[90m─[39m[90m─[39m[90m─[39m[90m─[39m[90m─[39m[90m─[39m[90m─[39m[90m─[39m[90m─[39m[90m─[39m[90m─[39m[90m─[39m[90m─[39m[90m─[39m[90m─[39m[90m─[39m[90m─[39m[90m─[39m[90m─[39m[90m─[39m[90m─[39m[90m─[39m[90m─[39m[90m─[39m[90m─[39m[90m─[39m[90m─[39m[90m─[39m[90m─[39m[90m─[39m[90m─[39m[90m─[39m[90m─[39m[90m─[39m[90m─[39m[90m─[39m[90m─[39m[90m─[39m[90m─[39m[90m─[39m[90m─[39m[90m─[39m[90m─[39m[90m─[39m[90m─[39m[90m─[39m[90m─[39m[90m─[39m[90m─[39m[90m─[39m[90m─[39m[90m─[39m[90m─[39m[90m─[39m[90m─[39m[90m─[39m[90m─[39m[90m─[39m[90m─[39m[90m─[39m[90m─[39m[90m─[39m[90m─[39m[90m┐[39m
2026-08-29T15:11:46.5622114Z [90m  │[39m [90mTests:[39m        [32m18[39m                                                                               [90m│[39m
2026-08-29T15:11:46.5623232Z [90m  │[39m [90mPassing:[39m      [32m18[39m                                                                               [90m│[39m
2026-08-29T15:11:46.5624046Z [90m  │[39m [90mFailing:[39m      [32m0[39m                                                                                [90m│[39m
2026-08-29T15:11:46.5624830Z [90m  │[39m [90mPending:[39m      [32m0[39m                                                                                [90m│[39m
2026-08-29T15:11:46.5625603Z [90m  │[39m [90mSkipped:[39m      [32m0[39m                                                                                [90m│[39m
2026-08-29T15:11:46.5626591Z [90m  │[39m [90mScreenshots:[39m  [32m0[39m                                                                                [90m│[39m
2026-08-29T15:11:46.5627375Z [90m  │[39m [90mVideo:[39m        [32mtrue[39m                                                                             [90m│[39m
2026-08-29T15:11:46.5628162Z [90m  │[39m [90mDuration:[39m     [32m27 seconds[39m                                                                       [90m│[39m
2026-08-29T15:11:46.5629129Z [90m  │[39m [90mSpec Ran:[39m     [32m[32mstatistics-general.cy.ts[32m[39m                                                         [90m│[39m
2026-08-29T15:11:46.5634758Z [90m  └[39m[90m─[39m[90m─[39m[90m─[39m[90m─[39m[90m─[39m[90m─[39m[90m─[39m[90m─[39m[90m─[39m[90m─[39m[90m─[39m[90m─[39m[90m─[39m[90m─[39m[90m─[39m[90m─[39m[90m─[39m[90m─[39m[90m─[39m[90m─[39m[90m─[39m[90m─[39m[90m─[39m[90m─[39m[90m─[39m[90m─[39m[90m─[39m[90m─[39m[90m─[39m[90m─[39m[90m─[39m[90m─[39m[90m─[39m[90m─[39m[90m─[39m[90m─[39m[90m─[39m[90m─[39m[90m─[39m[90m─[39m[90m─[39m[90m─[39m[90m─[39m[90m─[39m[90m─[39m[90m─[39m[90m─[39m[90m─[39m[90m─[39m[90m─[39m[90m─[39m[90m─[39m[90m─[39m[90m─[39m[90m─[39m[90m─[39m[90m─[39m[90m─[39m[90m─[39m[90m─[39m[90m─[39m[90m─[39m[90m─[39m[90m─[39m[90m─[39m[90m─[39m[90m─[39m[90m─[39m[90m─[39m[90m─[39m[90m─[39m[90m─[39m[90m─[39m[90m─[39m[90m─[39m[90m─[39m[90m─[39m[90m─[39m[90m─[39m[90m─[39m[90m─[39m[90m─[39m[90m─[39m[90m─[39m[90m─[39m[90m─[39m[90m─[39m[90m─[39m[90m─[39m[90m─[39m[90m─[39m[90m─[39m[90m─[39m[90m─[39m[90m─[39m[90m─[39m[90m┘[39m
2026-08-29T15:11:46.5638045Z 
2026-08-29T15:11:46.6273236Z 
2026-08-29T15:11:46.6277387Z [36m  ([4m[1mVideo[22m[24m)[39m
2026-08-29T15:11:46.6277738Z 
2026-08-29T15:11:46.6282801Z   -  Video output: [36m/home/runner/work/admin/admin/frontend/src/main/webapp/cypress/videos/statistics-general.cy.ts.mp4[39m
2026-08-29T15:11:46.6283252Z 
2026-08-29T15:11:46.6283261Z 
2026-08-29T15:11:46.6286791Z [90m─[39m[90m─[39m[90m─[39m[90m─[39m[90m─[39m[90m─[39m[90m─[39m[90m─[39m[90m─[39m[90m─[39m[90m─[39m[90m─[39m[90m─[39m[90m─[39m[90m─[39m[90m─[39m[90m─[39m[90m─[39m[90m─[39m[90m─[39m[90m─[39m[90m─[39m[90m─[39m[90m─[39m[90m─[39m[90m─[39m[90m─[39m[90m─[39m[90m─[39m[90m─[39m[90m─[39m[90m─[39m[90m─[39m[90m─[39m[90m─[39m[90m─[39m[90m─[39m[90m─[39m[90m─[39m[90m─[39m[90m─[39m[90m─[39m[90m─[39m[90m─[39m[90m─[39m[90m─[39m[90m─[39m[90m─[39m[90m─[39m[90m─[39m[90m─[39m[90m─[39m[90m─[39m[90m─[39m[90m─[39m[90m─[39m[90m─[39m[90m─[39m[90m─[39m[90m─[39m[90m─[39m[90m─[39m[90m─[39m[90m─[39m[90m─[39m[90m─[39m[90m─[39m[90m─[39m[90m─[39m[90m─[39m[90m─[39m[90m─[39m[90m─[39m[90m─[39m[90m─[39m[90m─[39m[90m─[39m[90m─[39m[90m─[39m[90m─[39m[90m─[39m[90m─[39m[90m─[39m[90m─[39m[90m─[39m[90m─[39m[90m─[39m[90m─[39m[90m─[39m[90m─[39m[90m─[39m[90m─[39m[90m─[39m[90m─[39m[90m─[39m[90m─[39m[90m─[39m[90m─[39m[90m─[39m[90m─[39m
2026-08-29T15:11:46.6289281Z                                                                                                     
2026-08-29T15:11:46.6289871Z   Running:  [90msupport-request.cy.ts[39m                                                           [90m(4 of 5)[39m
2026-08-29T15:11:47.9179195Z 
2026-08-29T15:11:47.9180412Z [0m[0m
2026-08-29T15:11:47.9185440Z [0m  Support request[0m
2026-08-29T15:11:48.3013129Z 2026-08-29T15:11:48.300Z  INFO 2745 --- [io-8080-exec-17] a.w.t.a.b.c.a.c.TafelLoginProvider       : Login successful for user 'e2etest'
2026-08-29T15:11:48.3021571Z 2026-08-29T15:11:48.301Z  INFO 2745 --- [io-8080-exec-17] a.w.t.a.b.c.a.c.TafelLoginFilter         : Login successful via user 'e2etest' on 'http://localhost:8080/api/login' (password-change required: false)
2026-08-29T15:11:51.4778454Z 2026-08-29T15:11:51.476Z  WARN 2745 --- [nio-8080-exec-7] o.h.v.i.m.a.CascadingMetaDataBuilder     : HV000271: Using `@Valid` on a container (java.util.List) is deprecated. You should apply the annotation on the type argument(s). Affected element: recentErrors
2026-08-29T15:11:51.5877903Z   [32m  ✓[0m[90m sends a support request with the technical context attached[0m[90m (3643ms)[0m
2026-08-29T15:11:51.9414884Z 2026-08-29T15:11:51.941Z  INFO 2745 --- [io-8080-exec-24] a.w.t.a.b.c.a.c.TafelLoginProvider       : Login successful for user 'e2etest'
2026-08-29T15:11:51.9423191Z 2026-08-29T15:11:51.942Z  INFO 2745 --- [io-8080-exec-24] a.w.t.a.b.c.a.c.TafelLoginFilter         : Login successful via user 'e2etest' on 'http://localhost:8080/api/login' (password-change required: false)
2026-08-29T15:11:54.9258118Z   [32m  ✓[0m[90m strips a search query string out of the reported page - it is, in practice, a customer name[0m[90m (3296ms)[0m
2026-08-29T15:11:54.9393631Z 2026-08-29T15:11:54.938Z  WARN 2745 --- [io-8080-exec-20] a.wrk.tafel.admin.backend.CLIENT_ERROR   : Client-Fehler von Benutzer 'e2etest' auf Seite 'http://localhost:8080/kunden/suchen' (Mozilla/5.0 (X11; Linux x86_64) AppleWebKit/537.36 (KHTML, like Gecko) HeadlessChrome/151.0.0.0 Safari/537.36): SSE connection error {"isTrusted":true}
2026-08-29T15:11:55.4313070Z 2026-08-29T15:11:55.430Z  INFO 2745 --- [io-8080-exec-21] a.w.t.a.b.c.a.c.TafelLoginProvider       : Login successful for user 'e2etest'
2026-08-29T15:11:55.4327209Z 2026-08-29T15:11:55.431Z  INFO 2745 --- [io-8080-exec-21] a.w.t.a.b.c.a.c.TafelLoginFilter         : Login successful via user 'e2etest' on 'http://localhost:8080/api/login' (password-change required: false)
2026-08-29T15:11:57.1231839Z   [32m  ✓[0m[90m sends nothing when the dialog is cancelled[0m[90m (2157ms)[0m
2026-08-29T15:11:57.1235194Z 
2026-08-29T15:11:57.1445809Z 2026-08-29T15:11:57.143Z  WARN 2745 --- [io-8080-exec-17] a.wrk.tafel.admin.backend.CLIENT_ERROR   : Client-Fehler von Benutzer 'e2etest' auf Seite 'http://localhost:8080/uebersicht' (Mozilla/5.0 (X11; Linux x86_64) AppleWebKit/537.36 (KHTML, like Gecko) HeadlessChrome/151.0.0.0 Safari/537.36): SSE connection error {"isTrusted":true}
2026-08-29T15:11:57.1475773Z 
2026-08-29T15:11:57.1477029Z [92m [0m[32m 3 passing[0m[90m (9s)[0m
2026-08-29T15:11:57.1477669Z 
2026-08-29T15:11:58.1729969Z 
2026-08-29T15:11:58.1731374Z [32m  ([4m[1mResults[22m[24m)[39m
2026-08-29T15:11:58.1733461Z 
2026-08-29T15:11:58.1743421Z [90m  ┌[39m[90m─[39m[90m─[39m[90m─[39m[90m─[39m[90m─[39m[90m─[39m[90m─[39m[90m─[39m[90m─[39m[90m─[39m[90m─[39m[90m─[39m[90m─[39m[90m─[39m[90m─[39m[90m─[39m[90m─[39m[90m─[39m[90m─[39m[90m─[39m[90m─[39m[90m─[39m[90m─[39m[90m─[39m[90m─[39m[90m─[39m[90m─[39m[90m─[39m[90m─[39m[90m─[39m[90m─[39m[90m─[39m[90m─[39m[90m─[39m[90m─[39m[90m─[39m[90m─[39m[90m─[39m[90m─[39m[90m─[39m[90m─[39m[90m─[39m[90m─[39m[90m─[39m[90m─[39m[90m─[39m[90m─[39m[90m─[39m[90m─[39m[90m─[39m[90m─[39m[90m─[39m[90m─[39m[90m─[39m[90m─[39m[90m─[39m[90m─[39m[90m─[39m[90m─[39m[90m─[39m[90m─[39m[90m─[39m[90m─[39m[90m─[39m[90m─[39m[90m─[39m[90m─[39m[90m─[39m[90m─[39m[90m─[39m[90m─[39m[90m─[39m[90m─[39m[90m─[39m[90m─[39m[90m─[39m[90m─[39m[90m─[39m[90m─[39m[90m─[39m[90m─[39m[90m─[39m[90m─[39m[90m─[39m[90m─[39m[90m─[39m[90m─[39m[90m─[39m[90m─[39m[90m─[39m[90m─[39m[90m─[39m[90m─[39m[90m─[39m[90m─[39m[90m─[39m[90m┐[39m
2026-08-29T15:11:58.1746452Z [90m  │[39m [90mTests:[39m        [32m3[39m                                                                                [90m│[39m
2026-08-29T15:11:58.1747528Z [90m  │[39m [90mPassing:[39m      [32m3[39m                                                                                [90m│[39m
2026-08-29T15:11:58.1748588Z [90m  │[39m [90mFailing:[39m      [32m0[39m                                                                                [90m│[39m
2026-08-29T15:11:58.1749277Z [90m  │[39m [90mPending:[39m      [32m0[39m                                                                                [90m│[39m
2026-08-29T15:11:58.1749944Z [90m  │[39m [90mSkipped:[39m      [32m0[39m                                                                                [90m│[39m
2026-08-29T15:11:58.1750635Z [90m  │[39m [90mScreenshots:[39m  [32m0[39m                                                                                [90m│[39m
2026-08-29T15:11:58.1751340Z [90m  │[39m [90mVideo:[39m        [32mtrue[39m                                                                             [90m│[39m
2026-08-29T15:11:58.1752041Z [90m  │[39m [90mDuration:[39m     [32m9 seconds[39m                                                                        [90m│[39m
2026-08-29T15:11:58.1752809Z [90m  │[39m [90mSpec Ran:[39m     [32m[32msupport-request.cy.ts[32m[39m                                                            [90m│[39m
2026-08-29T15:11:58.1758787Z [90m  └[39m[90m─[39m[90m─[39m[90m─[39m[90m─[39m[90m─[39m[90m─[39m[90m─[39m[90m─[39m[90m─[39m[90m─[39m[90m─[39m[90m─[39m[90m─[39m[90m─[39m[90m─[39m[90m─[39m[90m─[39m[90m─[39m[90m─[39m[90m─[39m[90m─[39m[90m─[39m[90m─[39m[90m─[39m[90m─[39m[90m─[39m[90m─[39m[90m─[39m[90m─[39m[90m─[39m[90m─[39m[90m─[39m[90m─[39m[90m─[39m[90m─[39m[90m─[39m[90m─[39m[90m─[39m[90m─[39m[90m─[39m[90m─[39m[90m─[39m[90m─[39m[90m─[39m[90m─[39m[90m─[39m[90m─[39m[90m─[39m[90m─[39m[90m─[39m[90m─[39m[90m─[39m[90m─[39m[90m─[39m[90m─[39m[90m─[39m[90m─[39m[90m─[39m[90m─[39m[90m─[39m[90m─[39m[90m─[39m[90m─[39m[90m─[39m[90m─[39m[90m─[39m[90m─[39m[90m─[39m[90m─[39m[90m─[39m[90m─[39m[90m─[39m[90m─[39m[90m─[39m[90m─[39m[90m─[39m[90m─[39m[90m─[39m[90m─[39m[90m─[39m[90m─[39m[90m─[39m[90m─[39m[90m─[39m[90m─[39m[90m─[39m[90m─[39m[90m─[39m[90m─[39m[90m─[39m[90m─[39m[90m─[39m[90m─[39m[90m─[39m[90m─[39m[90m─[39m[90m┘[39m
2026-08-29T15:11:58.1761637Z 
2026-08-29T15:11:58.2259262Z 
2026-08-29T15:11:58.2260234Z [36m  ([4m[1mVideo[22m[24m)[39m
2026-08-29T15:11:58.2262936Z 
2026-08-29T15:11:58.2264020Z   -  Video output: [36m/home/runner/work/admin/admin/frontend/src/main/webapp/cypress/videos/support-request.cy.ts.mp4[39m
2026-08-29T15:11:58.2264751Z 
2026-08-29T15:11:58.2264882Z 
2026-08-29T15:11:58.2275504Z [90m─[39m[90m─[39m[90m─[39m[90m─[39m[90m─[39m[90m─[39m[90m─[39m[90m─[39m[90m─[39m[90m─[39m[90m─[39m[90m─[39m[90m─[39m[90m─[39m[90m─[39m[90m─[39m[90m─[39m[90m─[39m[90m─[39m[90m─[39m[90m─[39m[90m─[39m[90m─[39m[90m─[39m[90m─[39m[90m─[39m[90m─[39m[90m─[39m[90m─[39m[90m─[39m[90m─[39m[90m─[39m[90m─[39m[90m─[39m[90m─[39m[90m─[39m[90m─[39m[90m─[39m[90m─[39m[90m─[39m[90m─[39m[90m─[39m[90m─[39m[90m─[39m[90m─[39m[90m─[39m[90m─[39m[90m─[39m[90m─[39m[90m─[39m[90m─[39m[90m─[39m[90m─[39m[90m─[39m[90m─[39m[90m─[39m[90m─[39m[90m─[39m[90m─[39m[90m─[39m[90m─[39m[90m─[39m[90m─[39m[90m─[39m[90m─[39m[90m─[39m[90m─[39m[90m─[39m[90m─[39m[90m─[39m[90m─[39m[90m─[39m[90m─[39m[90m─[39m[90m─[39m[90m─[39m[90m─[39m[90m─[39m[90m─[39m[90m─[39m[90m─[39m[90m─[39m[90m─[39m[90m─[39m[90m─[39m[90m─[39m[90m─[39m[90m─[39m[90m─[39m[90m─[39m[90m─[39m[90m─[39m[90m─[39m[90m─[39m[90m─[39m[90m─[39m[90m─[39m[90m─[39m[90m─[39m[90m─[39m
2026-08-29T15:11:58.2279467Z                                                                                                     
2026-08-29T15:11:58.2280191Z   Running:  [90mticket-screen.cy.ts[39m                                                             [90m(5 of 5)[39m
2026-08-29T15:11:59.6919540Z 
2026-08-29T15:11:59.6920430Z [0m[0m
2026-08-29T15:11:59.6920709Z [0m  TicketScreen[0m
2026-08-29T15:12:00.0402518Z 2026-08-29T15:12:00.039Z  INFO 2745 --- [nio-8080-exec-6] a.w.t.a.b.c.a.c.TafelLoginProvider       : Login successful for user 'e2etest'
2026-08-29T15:12:00.0413135Z 2026-08-29T15:12:00.040Z  INFO 2745 --- [nio-8080-exec-6] a.w.t.a.b.c.a.c.TafelLoginFilter         : Login successful via user 'e2etest' on 'http://localhost:8080/api/login' (password-change required: false)
2026-08-29T15:12:01.3451224Z   [32m  ✓[0m[90m start time set and shown correctly[0m[90m (1642ms)[0m
2026-08-29T15:12:01.3551549Z 2026-08-29T15:12:01.354Z  WARN 2745 --- [io-8080-exec-16] a.wrk.tafel.admin.backend.CLIENT_ERROR   : Client-Fehler von Benutzer 'e2etest' auf Seite 'http://localhost:8080/anmeldung/ticketmonitor-steuerung' (Mozilla/5.0 (X11; Linux x86_64) AppleWebKit/537.36 (KHTML, like Gecko) HeadlessChrome/151.0.0.0 Safari/537.36): SSE connection error {"isTrusted":true}
2026-08-29T15:12:01.7003699Z 2026-08-29T15:12:01.700Z  INFO 2745 --- [io-8080-exec-10] a.w.t.a.b.c.a.c.TafelLoginProvider       : Login successful for user 'e2etest'
2026-08-29T15:12:01.7010106Z 2026-08-29T15:12:01.700Z  INFO 2745 --- [io-8080-exec-10] a.w.t.a.b.c.a.c.TafelLoginFilter         : Login successful via user 'e2etest' on 'http://localhost:8080/api/login' (password-change required: false)
2026-08-29T15:12:02.5114167Z 2026-08-29T15:12:02.509Z  WARN 2745 --- [nio-8080-exec-2] a.wrk.tafel.admin.backend.CLIENT_ERROR   : Client-Fehler von Benutzer 'e2etest' auf Seite 'http://localhost:8080/anmeldung/ticketmonitor-steuerung' (Mozilla/5.0 (X11; Linux x86_64) AppleWebKit/537.36 (KHTML, like Gecko) HeadlessChrome/151.0.0.0 Safari/537.36): SSE connection error {"isTrusted":true}
2026-08-29T15:12:02.6418038Z 2026-08-29T15:12:02.641Z  WARN 2745 --- [io-8080-exec-25] a.wrk.tafel.admin.backend.CLIENT_ERROR   : Client-Fehler von Benutzer 'e2etest' auf Seite 'http://localhost:8080/anmeldung/ticketmonitor' (Mozilla/5.0 (X11; Linux x86_64) AppleWebKit/537.36 (KHTML, like Gecko) HeadlessChrome/151.0.0.0 Safari/537.36): SSE connection error {"isTrusted":true}
2026-08-29T15:12:02.8274580Z   [32m  ✓[0m[90m a start time set before the monitor is opened is what a fresh monitor connection shows[0m[90m (1448ms)[0m
2026-08-29T15:12:03.2067917Z 2026-08-29T15:12:03.206Z  INFO 2745 --- [nio-8080-exec-5] a.w.t.a.b.c.a.c.TafelLoginProvider       : Login successful for user 'e2etest'
2026-08-29T15:12:03.2074557Z 2026-08-29T15:12:03.207Z  INFO 2745 --- [nio-8080-exec-5] a.w.t.a.b.c.a.c.TafelLoginFilter         : Login successful via user 'e2etest' on 'http://localhost:8080/api/login' (password-change required: false)
2026-08-29T15:12:03.2269395Z 2026-08-29T15:12:03.226Z  INFO 2745 --- [io-8080-exec-13] a.w.t.a.b.m.d.i.DistributionService      : Started distribution: ID 9952 (started by: e2etest, at: 2026-08-29T15:12:03.225853221)
2026-08-29T15:12:03.2361965Z 2026-08-29T15:12:03.235Z  INFO 2745 --- [ taskExecutor-3] a.w.t.a.b.m.p.i.PushBroadcastService     : Broadcast DISTRIBUTION_STARTED finished: 0 sent, 0 failed, 0 expired, 0 not-configured
2026-08-29T15:12:03.3047878Z 2026-08-29T15:12:03.302Z  INFO 2745 --- [ taskExecutor-4] a.w.t.a.b.m.p.i.PushBroadcastService     : Broadcast CHECKIN_STARTED finished: 0 sent, 0 failed, 0 expired, 0 not-configured
2026-08-29T15:12:04.0484539Z 2026-08-29T15:12:04.048Z  INFO 2745 --- [io-8080-exec-16] a.w.t.a.b.m.d.i.DistributionService      : Processed ticket 1 (household: 100, distribution: ID 9952), next one: 2
2026-08-29T15:12:04.0583015Z 2026-08-29T15:12:04.057Z  INFO 2745 --- [ taskExecutor-5] a.w.t.a.b.m.p.i.PushBroadcastService     : Broadcast FOOD_HANDOUT_STARTED finished: 0 sent, 0 failed, 0 expired, 0 not-configured
2026-08-29T15:12:04.2112573Z 2026-08-29T15:12:04.210Z  INFO 2745 --- [io-8080-exec-21] a.w.t.a.b.m.d.i.DistributionService      : Reopened ticket 1 (household: 100, distribution: ID 9952)
2026-08-29T15:12:04.2879360Z 2026-08-29T15:12:04.287Z  INFO 2745 --- [nio-8080-exec-5] a.w.t.a.b.m.d.i.DistributionService      : Closed distribution: ID 9952 (started at: 2026-08-29T15:12:03.225853, ended at: 2026-08-29T15:12:04.285552839)
2026-08-29T15:12:04.3157010Z 2026-08-29T15:12:04.314Z  INFO 2745 --- [ taskExecutor-1] a.b.m.d.i.s.DistributionStatisticService : Created statistic entry for distribution id: 9952, end-date: 29.08.2026
2026-08-29T15:12:04.3274624Z   [32m  ✓[0m[90m "Monitor zeigt" segmented control mirrors the monitor's current mode[0m[90m (1464ms)[0m
2026-08-29T15:12:04.3306959Z 2026-08-29T15:12:04.329Z  INFO 2745 --- [ taskExecutor-1] a.w.t.a.b.m.p.i.PushBroadcastService     : Broadcast DISTRIBUTION_CLOSED finished: 0 sent, 0 failed, 0 expired, 0 not-configured
2026-08-29T15:12:04.3436787Z 2026-08-29T15:12:04.339Z  WARN 2745 --- [nio-8080-exec-7] a.wrk.tafel.admin.backend.CLIENT_ERROR   : Client-Fehler von Benutzer 'e2etest' auf Seite 'http://localhost:8080/anmeldung/ticketmonitor-steuerung' (Mozilla/5.0 (X11; Linux x86_64) AppleWebKit/537.36 (KHTML, like Gecko) HeadlessChrome/151.0.0.0 Safari/537.36): SSE connection error {"isTrusted":true}
2026-08-29T15:12:04.3527488Z 2026-08-29T15:12:04.349Z  WARN 2745 --- [nio-8080-exec-9] a.wrk.tafel.admin.backend.CLIENT_ERROR   : Client-Fehler von Benutzer 'e2etest' auf Seite 'http://localhost:8080/anmeldung/ticketmonitor-steuerung' (Mozilla/5.0 (X11; Linux x86_64) AppleWebKit/537.36 (KHTML, like Gecko) HeadlessChrome/151.0.0.0 Safari/537.36): SSE connection permanently closed, trying to reconnect...
2026-08-29T15:12:04.6659190Z 2026-08-29T15:12:04.665Z  INFO 2745 --- [ taskExecutor-1] .b.m.r.i.DistributionClosedEventListener : Mail with daily report 'TÖ Tafel 1030 - Tagesreport vom 29.08.2026' - file: 'tagesreport_29082026.pdf' queued!
2026-08-29T15:12:04.7887188Z 2026-08-29T15:12:04.785Z  INFO 2745 --- [ taskExecutor-1] .b.m.r.i.DistributionClosedEventListener : Mail with statistic files 'TÖ Tafel 1030 - Statistiken vom 29.08.2026' queued!
2026-08-29T15:12:04.8078078Z 2026-08-29T15:12:04.805Z  INFO 2745 --- [ taskExecutor-1] .b.m.r.i.DistributionClosedEventListener : Mail for return boxes 'TÖ Tafel 1030 - Retourkisten vom 29.08.2026' queued!
2026-08-29T15:12:04.8538682Z 2026-08-29T15:12:04.853Z  INFO 2745 --- [io-8080-exec-18] a.w.t.a.b.c.a.c.TafelLoginProvider       : Login successful for user 'e2etest'
2026-08-29T15:12:04.8544560Z 2026-08-29T15:12:04.854Z  INFO 2745 --- [io-8080-exec-18] a.w.t.a.b.c.a.c.TafelLoginFilter         : Login successful via user 'e2etest' on 'http://localhost:8080/api/login' (password-change required: false)
2026-08-29T15:12:05.4335405Z   [32m  ✓[0m[90m monitor opened correctly[0m[90m (1050ms)[0m
2026-08-29T15:12:06.1266671Z 2026-08-29T15:12:06.126Z  INFO 2745 --- [nio-8080-exec-5] a.w.t.a.b.c.a.c.TafelLoginProvider       : Login successful for user 'e2etest'
2026-08-29T15:12:06.1297926Z 2026-08-29T15:12:06.128Z  INFO 2745 --- [nio-8080-exec-5] a.w.t.a.b.c.a.c.TafelLoginFilter         : Login successful via user 'e2etest' on 'http://localhost:8080/api/login' (password-change required: false)
2026-08-29T15:12:06.4713034Z   [32m  ✓[0m[90m fullscreen kiosk display still loads at phone and tablet sizes[0m[90m (988ms)[0m
2026-08-29T15:12:06.9071709Z 2026-08-29T15:12:06.906Z  INFO 2745 --- [io-8080-exec-25] a.w.t.a.b.c.a.c.TafelLoginProvider       : Login successful for user 'e2etest'
2026-08-29T15:12:06.9087787Z 2026-08-29T15:12:06.907Z  INFO 2745 --- [io-8080-exec-25] a.w.t.a.b.c.a.c.TafelLoginFilter         : Login successful via user 'e2etest' on 'http://localhost:8080/api/login' (password-change required: false)
2026-08-29T15:12:07.0230419Z   [32m  ✓[0m[90m does not show the disconnected indicator while the SSE connection is up[0m[90m (507ms)[0m
2026-08-29T15:12:07.4134587Z 2026-08-29T15:12:07.413Z  INFO 2745 --- [io-8080-exec-16] a.w.t.a.b.c.a.c.TafelLoginProvider       : Login successful for user 'e2etest'
2026-08-29T15:12:07.4141216Z 2026-08-29T15:12:07.413Z  INFO 2745 --- [io-8080-exec-16] a.w.t.a.b.c.a.c.TafelLoginFilter         : Login successful via user 'e2etest' on 'http://localhost:8080/api/login' (password-change required: false)
2026-08-29T15:12:07.8328909Z 2026-08-29T15:12:07.831Z  WARN 2745 --- [io-8080-exec-13] a.wrk.tafel.admin.backend.CLIENT_ERROR   : Client-Fehler von Benutzer 'e2etest' auf Seite 'http://localhost:8080/anmeldung/ticketmonitor' (Mozilla/5.0 (X11; Linux x86_64) AppleWebKit/537.36 (KHTML, like Gecko) HeadlessChrome/151.0.0.0 Safari/537.36): Could not enter fullscreen TypeError: Permissions check failed
2026-08-29T15:12:07.8892752Z   [32m  ✓[0m[90m offers a one-click fullscreen entry that fades out once used[0m[90m (839ms)[0m
2026-08-29T15:12:07.9011062Z 2026-08-29T15:12:07.900Z  WARN 2745 --- [io-8080-exec-24] a.wrk.tafel.admin.backend.CLIENT_ERROR   : Client-Fehler von Benutzer 'e2etest' auf Seite 'http://localhost:8080/anmeldung/ticketmonitor' (Mozilla/5.0 (X11; Linux x86_64) AppleWebKit/537.36 (KHTML, like Gecko) HeadlessChrome/151.0.0.0 Safari/537.36): SSE connection error {"isTrusted":true}
2026-08-29T15:12:08.2793502Z 2026-08-29T15:12:08.278Z  INFO 2745 --- [io-8080-exec-20] a.w.t.a.b.c.a.c.TafelLoginProvider       : Login successful for user 'e2etest'
2026-08-29T15:12:08.2800102Z 2026-08-29T15:12:08.279Z  INFO 2745 --- [io-8080-exec-20] a.w.t.a.b.c.a.c.TafelLoginFilter         : Login successful via user 'e2etest' on 'http://localhost:8080/api/login' (password-change required: false)
2026-08-29T15:12:08.4617576Z 2026-08-29T15:12:08.460Z  WARN 2745 --- [io-8080-exec-23] a.wrk.tafel.admin.backend.CLIENT_ERROR   : Client-Fehler von Benutzer 'e2etest' auf Seite 'http://localhost:8080/anmeldung/ticketmonitor' (Mozilla/5.0 (X11; Linux x86_64) AppleWebKit/537.36 (KHTML, like Gecko) HeadlessChrome/151.0.0.0 Safari/537.36): SSE connection error {"isTrusted":false}
2026-08-29T15:12:08.4658996Z 2026-08-29T15:12:08.460Z  WARN 2745 --- [io-8080-exec-12] a.wrk.tafel.admin.backend.CLIENT_ERROR   : Client-Fehler von Benutzer 'e2etest' auf Seite 'http://localhost:8080/anmeldung/ticketmonitor' (Mozilla/5.0 (X11; Linux x86_64) AppleWebKit/537.36 (KHTML, like Gecko) HeadlessChrome/151.0.0.0 Safari/537.36): SSE connection permanently closed, trying to reconnect...
2026-08-29T15:12:09.5433317Z   [32m  ✓[0m[90m shows a large, centered disconnected state and recovers automatically once the stream comes back[0m[90m (1565ms)[0m
2026-08-29T15:12:09.5602840Z [0m    with distribution and tickets[0m
2026-08-29T15:12:09.9522461Z 2026-08-29T15:12:09.951Z  INFO 2745 --- [nio-8080-exec-2] a.w.t.a.b.c.a.c.TafelLoginProvider       : Login successful for user 'e2etest'
2026-08-29T15:12:09.9529879Z 2026-08-29T15:12:09.952Z  INFO 2745 --- [nio-8080-exec-2] a.w.t.a.b.c.a.c.TafelLoginFilter         : Login successful via user 'e2etest' on 'http://localhost:8080/api/login' (password-change required: false)
2026-08-29T15:12:09.9723301Z 2026-08-29T15:12:09.972Z  INFO 2745 --- [io-8080-exec-22] a.w.t.a.b.m.d.i.DistributionService      : Started distribution: ID 9953 (started by: e2etest, at: 2026-08-29T15:12:09.971368128)
2026-08-29T15:12:09.9831662Z 2026-08-29T15:12:09.982Z  INFO 2745 --- [ taskExecutor-2] a.w.t.a.b.m.p.i.PushBroadcastService     : Broadcast DISTRIBUTION_STARTED finished: 0 sent, 0 failed, 0 expired, 0 not-configured
2026-08-29T15:12:10.0113838Z 2026-08-29T15:12:10.011Z  INFO 2745 --- [ taskExecutor-3] a.w.t.a.b.m.p.i.PushBroadcastService     : Broadcast CHECKIN_STARTED finished: 0 sent, 0 failed, 0 expired, 0 not-configured
2026-08-29T15:12:10.6421584Z 2026-08-29T15:12:10.640Z  INFO 2745 --- [io-8080-exec-20] a.w.t.a.b.m.d.i.DistributionService      : Processed ticket 1 (household: 100, distribution: ID 9953), next one: 2
2026-08-29T15:12:10.6504746Z 2026-08-29T15:12:10.649Z  INFO 2745 --- [ taskExecutor-4] a.w.t.a.b.m.p.i.PushBroadcastService     : Broadcast FOOD_HANDOUT_STARTED finished: 0 sent, 0 failed, 0 expired, 0 not-configured
2026-08-29T15:12:10.7384003Z 2026-08-29T15:12:10.737Z  INFO 2745 --- [io-8080-exec-22] a.w.t.a.b.m.d.i.DistributionService      : Reopened ticket 1 (household: 100, distribution: ID 9953)
2026-08-29T15:12:10.8338897Z 2026-08-29T15:12:10.832Z  INFO 2745 --- [nio-8080-exec-3] a.w.t.a.b.m.d.i.DistributionService      : Processed ticket 1 (household: 100, distribution: ID 9953), next one: 2
2026-08-29T15:12:10.9045623Z 2026-08-29T15:12:10.904Z  INFO 2745 --- [io-8080-exec-17] a.w.t.a.b.m.d.i.DistributionService      : Processed ticket 2 (household: 101, distribution: ID 9953), next one: 3
2026-08-29T15:12:10.9812379Z 2026-08-29T15:12:10.980Z  INFO 2745 --- [nio-8080-exec-6] a.w.t.a.b.m.d.i.DistributionService      : Processed ticket 3 (household: 102, distribution: ID 9953), next one: null
2026-08-29T15:12:10.9896470Z 2026-08-29T15:12:10.988Z  INFO 2745 --- [ taskExecutor-5] a.w.t.a.b.m.p.i.PushBroadcastService     : Broadcast ALL_TICKETS_PROCESSED finished: 0 sent, 0 failed, 0 expired, 0 not-configured
2026-08-29T15:12:11.0687648Z 2026-08-29T15:12:11.068Z  INFO 2745 --- [nio-8080-exec-7] a.w.t.a.b.m.d.i.DistributionService      : Closed distribution: ID 9953 (started at: 2026-08-29T15:12:09.971368, ended at: 2026-08-29T15:12:11.065354044)
2026-08-29T15:12:11.0919273Z 2026-08-29T15:12:11.089Z  INFO 2745 --- [ taskExecutor-1] a.b.m.d.i.s.DistributionStatisticService : Created statistic entry for distribution id: 9953, end-date: 29.08.2026
2026-08-29T15:12:11.1026205Z 2026-08-29T15:12:11.102Z  INFO 2745 --- [ taskExecutor-1] a.w.t.a.b.m.p.i.PushBroadcastService     : Broadcast DISTRIBUTION_CLOSED finished: 0 sent, 0 failed, 0 expired, 0 not-configured
2026-08-29T15:12:11.1167532Z     [32m  ✓[0m[90m tickets switched successfully[0m[90m (1461ms)[0m
2026-08-29T15:12:11.1530656Z 2026-08-29T15:12:11.152Z  WARN 2745 --- [io-8080-exec-19] a.wrk.tafel.admin.backend.CLIENT_ERROR   : Client-Fehler von Benutzer 'e2etest' auf Seite 'http://localhost:8080/anmeldung/ticketmonitor-steuerung' (Mozilla/5.0 (X11; Linux x86_64) AppleWebKit/537.36 (KHTML, like Gecko) HeadlessChrome/151.0.0.0 Safari/537.36): SSE connection error {"isTrusted":true}
2026-08-29T15:12:11.2468565Z 2026-08-29T15:12:11.245Z  INFO 2745 --- [ taskExecutor-1] .b.m.r.i.DistributionClosedEventListener : Mail with daily report 'TÖ Tafel 1030 - Tagesreport vom 29.08.2026' - file: 'tagesreport_29082026.pdf' queued!
2026-08-29T15:12:11.3535101Z 2026-08-29T15:12:11.353Z  INFO 2745 --- [ taskExecutor-1] .b.m.r.i.DistributionClosedEventListener : Mail with statistic files 'TÖ Tafel 1030 - Statistiken vom 29.08.2026' queued!
2026-08-29T15:12:11.3778386Z 2026-08-29T15:12:11.377Z  INFO 2745 --- [ taskExecutor-1] .b.m.r.i.DistributionClosedEventListener : Mail for return boxes 'TÖ Tafel 1030 - Retourkisten vom 29.08.2026' queued!
2026-08-29T15:12:11.6853192Z 2026-08-29T15:12:11.684Z  INFO 2745 --- [io-8080-exec-16] a.w.t.a.b.c.a.c.TafelLoginProvider       : Login successful for user 'e2etest'
2026-08-29T15:12:11.6859429Z 2026-08-29T15:12:11.685Z  INFO 2745 --- [io-8080-exec-16] a.w.t.a.b.c.a.c.TafelLoginFilter         : Login successful via user 'e2etest' on 'http://localhost:8080/api/login' (password-change required: false)
2026-08-29T15:12:11.7027856Z 2026-08-29T15:12:11.702Z  INFO 2745 --- [io-8080-exec-21] a.w.t.a.b.m.d.i.DistributionService      : Started distribution: ID 9954 (started by: e2etest, at: 2026-08-29T15:12:11.701829236)
2026-08-29T15:12:11.7109071Z 2026-08-29T15:12:11.710Z  INFO 2745 --- [ taskExecutor-2] a.w.t.a.b.m.p.i.PushBroadcastService     : Broadcast DISTRIBUTION_STARTED finished: 0 sent, 0 failed, 0 expired, 0 not-configured
2026-08-29T15:12:11.7313627Z 2026-08-29T15:12:11.731Z  INFO 2745 --- [ taskExecutor-3] a.w.t.a.b.m.p.i.PushBroadcastService     : Broadcast CHECKIN_STARTED finished: 0 sent, 0 failed, 0 expired, 0 not-configured
2026-08-29T15:12:12.3379330Z 2026-08-29T15:12:12.337Z  INFO 2745 --- [nio-8080-exec-3] a.w.t.a.b.m.d.i.DistributionService      : Processed ticket 1 (household: 100, distribution: ID 9954), next one: 2
2026-08-29T15:12:12.3455017Z 2026-08-29T15:12:12.344Z  INFO 2745 --- [ taskExecutor-4] a.w.t.a.b.m.p.i.PushBroadcastService     : Broadcast FOOD_HANDOUT_STARTED finished: 0 sent, 0 failed, 0 expired, 0 not-configured
2026-08-29T15:12:12.4189200Z 2026-08-29T15:12:12.418Z  INFO 2745 --- [nio-8080-exec-6] a.w.t.a.b.m.d.i.DistributionService      : Reopened ticket 1 (household: 100, distribution: ID 9954)
2026-08-29T15:12:12.4948345Z 2026-08-29T15:12:12.494Z  INFO 2745 --- [io-8080-exec-25] a.w.t.a.b.m.d.i.DistributionService      : Processed ticket 1 (household: 100, distribution: ID 9954), next one: 2
2026-08-29T15:12:12.5837246Z 2026-08-29T15:12:12.583Z  INFO 2745 --- [nio-8080-exec-9] a.w.t.a.b.m.d.i.DistributionService      : Closed distribution: ID 9954 (started at: 2026-08-29T15:12:11.701829, ended at: 2026-08-29T15:12:12.580324597)
2026-08-29T15:12:12.5994852Z 2026-08-29T15:12:12.598Z  INFO 2745 --- [ taskExecutor-5] a.b.m.d.i.s.DistributionStatisticService : Created statistic entry for distribution id: 9954, end-date: 29.08.2026
2026-08-29T15:12:12.6090179Z 2026-08-29T15:12:12.608Z  INFO 2745 --- [ taskExecutor-5] a.w.t.a.b.m.p.i.PushBroadcastService     : Broadcast DISTRIBUTION_CLOSED finished: 0 sent, 0 failed, 0 expired, 0 not-configured
2026-08-29T15:12:12.6313301Z     [32m  ✓[0m[90m the forward arrow only re-advances over tickets the back arrow reopened[0m[90m (1376ms)[0m
2026-08-29T15:12:12.6538413Z 2026-08-29T15:12:12.650Z  WARN 2745 --- [io-8080-exec-19] a.wrk.tafel.admin.backend.CLIENT_ERROR   : Client-Fehler von Benutzer 'e2etest' auf Seite 'http://localhost:8080/anmeldung/ticketmonitor-steuerung' (Mozilla/5.0 (X11; Linux x86_64) AppleWebKit/537.36 (KHTML, like Gecko) HeadlessChrome/151.0.0.0 Safari/537.36): SSE connection error {"isTrusted":true}
2026-08-29T15:12:12.7769367Z 2026-08-29T15:12:12.774Z  INFO 2745 --- [ taskExecutor-5] .b.m.r.i.DistributionClosedEventListener : Mail with daily report 'TÖ Tafel 1030 - Tagesreport vom 29.08.2026' - file: 'tagesreport_29082026.pdf' queued!
2026-08-29T15:12:12.8908359Z 2026-08-29T15:12:12.888Z  INFO 2745 --- [ taskExecutor-5] .b.m.r.i.DistributionClosedEventListener : Mail with statistic files 'TÖ Tafel 1030 - Statistiken vom 29.08.2026' queued!
2026-08-29T15:12:12.9198167Z 2026-08-29T15:12:12.916Z  INFO 2745 --- [ taskExecutor-5] .b.m.r.i.DistributionClosedEventListener : Mail for return boxes 'TÖ Tafel 1030 - Retourkisten vom 29.08.2026' queued!
2026-08-29T15:12:13.1291662Z 2026-08-29T15:12:13.128Z  INFO 2745 --- [io-8080-exec-16] a.w.t.a.b.c.a.c.TafelLoginProvider       : Login successful for user 'e2etest'
2026-08-29T15:12:13.1297672Z 2026-08-29T15:12:13.129Z  INFO 2745 --- [io-8080-exec-16] a.w.t.a.b.c.a.c.TafelLoginFilter         : Login successful via user 'e2etest' on 'http://localhost:8080/api/login' (password-change required: false)
2026-08-29T15:12:13.1472980Z 2026-08-29T15:12:13.147Z  INFO 2745 --- [io-8080-exec-21] a.w.t.a.b.m.d.i.DistributionService      : Started distribution: ID 9955 (started by: e2etest, at: 2026-08-29T15:12:13.146423064)
2026-08-29T15:12:13.1548728Z 2026-08-29T15:12:13.154Z  INFO 2745 --- [ taskExecutor-1] a.w.t.a.b.m.p.i.PushBroadcastService     : Broadcast DISTRIBUTION_STARTED finished: 0 sent, 0 failed, 0 expired, 0 not-configured
2026-08-29T15:12:13.1781405Z 2026-08-29T15:12:13.177Z  INFO 2745 --- [ taskExecutor-2] a.w.t.a.b.m.p.i.PushBroadcastService     : Broadcast CHECKIN_STARTED finished: 0 sent, 0 failed, 0 expired, 0 not-configured
2026-08-29T15:12:13.7828114Z 2026-08-29T15:12:13.782Z  INFO 2745 --- [nio-8080-exec-3] a.w.t.a.b.m.d.i.DistributionService      : Processed ticket 1 (household: 100, distribution: ID 9955), next one: 2
2026-08-29T15:12:13.7896139Z 2026-08-29T15:12:13.789Z  INFO 2745 --- [ taskExecutor-3] a.w.t.a.b.m.p.i.PushBroadcastService     : Broadcast FOOD_HANDOUT_STARTED finished: 0 sent, 0 failed, 0 expired, 0 not-configured
2026-08-29T15:12:13.8610108Z 2026-08-29T15:12:13.860Z  INFO 2745 --- [nio-8080-exec-6] a.w.t.a.b.m.d.i.DistributionService      : Processed ticket 2 (household: 101, distribution: ID 9955), next one: 3
2026-08-29T15:12:13.9496156Z 2026-08-29T15:12:13.948Z  INFO 2745 --- [nio-8080-exec-7] a.w.t.a.b.m.d.i.DistributionService      : Closed distribution: ID 9955 (started at: 2026-08-29T15:12:13.146423, ended at: 2026-08-29T15:12:13.945242535)
2026-08-29T15:12:13.9667929Z 2026-08-29T15:12:13.963Z  INFO 2745 --- [ taskExecutor-4] a.b.m.d.i.s.DistributionStatisticService : Created statistic entry for distribution id: 9955, end-date: 29.08.2026
2026-08-29T15:12:13.9731196Z 2026-08-29T15:12:13.971Z  INFO 2745 --- [ taskExecutor-4] a.w.t.a.b.m.p.i.PushBroadcastService     : Broadcast DISTRIBUTION_CLOSED finished: 0 sent, 0 failed, 0 expired, 0 not-configured
2026-08-29T15:12:13.9805462Z     [32m  ✓[0m[90m shows the previously called ticket number once the ticket advances[0m[90m (1242ms)[0m
2026-08-29T15:12:14.0104051Z 2026-08-29T15:12:14.008Z  WARN 2745 --- [io-8080-exec-18] a.wrk.tafel.admin.backend.CLIENT_ERROR   : Client-Fehler von Benutzer 'e2etest' auf Seite 'http://localhost:8080/anmeldung/ticketmonitor-steuerung' (Mozilla/5.0 (X11; Linux x86_64) AppleWebKit/537.36 (KHTML, like Gecko) HeadlessChrome/151.0.0.0 Safari/537.36): SSE connection error {"isTrusted":true}
2026-08-29T15:12:14.0910352Z 2026-08-29T15:12:14.089Z  INFO 2745 --- [ taskExecutor-4] .b.m.r.i.DistributionClosedEventListener : Mail with daily report 'TÖ Tafel 1030 - Tagesreport vom 29.08.2026' - file: 'tagesreport_29082026.pdf' queued!
2026-08-29T15:12:14.1969267Z 2026-08-29T15:12:14.192Z  INFO 2745 --- [ taskExecutor-4] .b.m.r.i.DistributionClosedEventListener : Mail with statistic files 'TÖ Tafel 1030 - Statistiken vom 29.08.2026' queued!
2026-08-29T15:12:14.2128240Z 2026-08-29T15:12:14.212Z  INFO 2745 --- [ taskExecutor-4] .b.m.r.i.DistributionClosedEventListener : Mail for return boxes 'TÖ Tafel 1030 - Retourkisten vom 29.08.2026' queued!
2026-08-29T15:12:14.5095567Z 2026-08-29T15:12:14.509Z  INFO 2745 --- [io-8080-exec-19] a.w.t.a.b.c.a.c.TafelLoginProvider       : Login successful for user 'e2etest'
2026-08-29T15:12:14.5101556Z 2026-08-29T15:12:14.509Z  INFO 2745 --- [io-8080-exec-19] a.w.t.a.b.c.a.c.TafelLoginFilter         : Login successful via user 'e2etest' on 'http://localhost:8080/api/login' (password-change required: false)
2026-08-29T15:12:14.5277400Z 2026-08-29T15:12:14.527Z  INFO 2745 --- [io-8080-exec-16] a.w.t.a.b.m.d.i.DistributionService      : Started distribution: ID 9956 (started by: e2etest, at: 2026-08-29T15:12:14.526612682)
2026-08-29T15:12:14.5354054Z 2026-08-29T15:12:14.535Z  INFO 2745 --- [ taskExecutor-5] a.w.t.a.b.m.p.i.PushBroadcastService     : Broadcast DISTRIBUTION_STARTED finished: 0 sent, 0 failed, 0 expired, 0 not-configured
2026-08-29T15:12:14.5608489Z 2026-08-29T15:12:14.560Z  INFO 2745 --- [ taskExecutor-1] a.w.t.a.b.m.p.i.PushBroadcastService     : Broadcast CHECKIN_STARTED finished: 0 sent, 0 failed, 0 expired, 0 not-configured
2026-08-29T15:12:15.1905775Z 2026-08-29T15:12:15.189Z  INFO 2745 --- [io-8080-exec-22] a.w.t.a.b.m.d.i.DistributionService      : Processed ticket 1 (household: 100, distribution: ID 9956), next one: 2
2026-08-29T15:12:15.1966036Z 2026-08-29T15:12:15.196Z  INFO 2745 --- [ taskExecutor-2] a.w.t.a.b.m.p.i.PushBroadcastService     : Broadcast FOOD_HANDOUT_STARTED finished: 0 sent, 0 failed, 0 expired, 0 not-configured
2026-08-29T15:12:15.2721688Z 2026-08-29T15:12:15.271Z  INFO 2745 --- [nio-8080-exec-6] a.w.t.a.b.m.d.i.DistributionService      : Closed distribution: ID 9956 (started at: 2026-08-29T15:12:14.526613, ended at: 2026-08-29T15:12:15.269571142)
2026-08-29T15:12:15.2847782Z 2026-08-29T15:12:15.283Z  INFO 2745 --- [ taskExecutor-3] a.b.m.d.i.s.DistributionStatisticService : Created statistic entry for distribution id: 9956, end-date: 29.08.2026
2026-08-29T15:12:15.2917691Z     [32m  ✓[0m[90m tickets switched by double click[0m[90m (1208ms)[0m
2026-08-29T15:12:15.2933989Z 2026-08-29T15:12:15.293Z  INFO 2745 --- [ taskExecutor-3] a.w.t.a.b.m.p.i.PushBroadcastService     : Broadcast DISTRIBUTION_CLOSED finished: 0 sent, 0 failed, 0 expired, 0 not-configured
2026-08-29T15:12:15.3359088Z 2026-08-29T15:12:15.332Z  WARN 2745 --- [nio-8080-exec-7] a.wrk.tafel.admin.backend.CLIENT_ERROR   : Client-Fehler von Benutzer 'e2etest' auf Seite 'http://localhost:8080/anmeldung/ticketmonitor-steuerung' (Mozilla/5.0 (X11; Linux x86_64) AppleWebKit/537.36 (KHTML, like Gecko) HeadlessChrome/151.0.0.0 Safari/537.36): SSE connection error {"isTrusted":true}
2026-08-29T15:12:15.3448397Z 2026-08-29T15:12:15.341Z  WARN 2745 --- [nio-8080-exec-9] a.wrk.tafel.admin.backend.CLIENT_ERROR   : Client-Fehler von Benutzer 'e2etest' auf Seite 'http://localhost:8080/anmeldung/ticketmonitor-steuerung' (Mozilla/5.0 (X11; Linux x86_64) AppleWebKit/537.36 (KHTML, like Gecko) HeadlessChrome/151.0.0.0 Safari/537.36): SSE connection permanently closed, trying to reconnect...
2026-08-29T15:12:15.4336437Z 2026-08-29T15:12:15.432Z  INFO 2745 --- [ taskExecutor-3] .b.m.r.i.DistributionClosedEventListener : Mail with daily report 'TÖ Tafel 1030 - Tagesreport vom 29.08.2026' - file: 'tagesreport_29082026.pdf' queued!
2026-08-29T15:12:15.5289862Z 2026-08-29T15:12:15.523Z  INFO 2745 --- [ taskExecutor-3] .b.m.r.i.DistributionClosedEventListener : Mail with statistic files 'TÖ Tafel 1030 - Statistiken vom 29.08.2026' queued!
2026-08-29T15:12:15.5393924Z 2026-08-29T15:12:15.538Z  INFO 2745 --- [ taskExecutor-3] .b.m.r.i.DistributionClosedEventListener : Mail for return boxes 'TÖ Tafel 1030 - Retourkisten vom 29.08.2026' queued!
2026-08-29T15:12:15.8398066Z 2026-08-29T15:12:15.839Z  INFO 2745 --- [io-8080-exec-18] a.w.t.a.b.c.a.c.TafelLoginProvider       : Login successful for user 'e2etest'
2026-08-29T15:12:15.8404981Z 2026-08-29T15:12:15.840Z  INFO 2745 --- [io-8080-exec-18] a.w.t.a.b.c.a.c.TafelLoginFilter         : Login successful via user 'e2etest' on 'http://localhost:8080/api/login' (password-change required: false)
2026-08-29T15:12:15.8579541Z 2026-08-29T15:12:15.857Z  INFO 2745 --- [io-8080-exec-19] a.w.t.a.b.m.d.i.DistributionService      : Started distribution: ID 9957 (started by: e2etest, at: 2026-08-29T15:12:15.856907372)
2026-08-29T15:12:15.8647958Z 2026-08-29T15:12:15.864Z  INFO 2745 --- [ taskExecutor-4] a.w.t.a.b.m.p.i.PushBroadcastService     : Broadcast DISTRIBUTION_STARTED finished: 0 sent, 0 failed, 0 expired, 0 not-configured
2026-08-29T15:12:15.8871007Z 2026-08-29T15:12:15.886Z  INFO 2745 --- [ taskExecutor-5] a.w.t.a.b.m.p.i.PushBroadcastService     : Broadcast CHECKIN_STARTED finished: 0 sent, 0 failed, 0 expired, 0 not-configured
2026-08-29T15:12:16.4942342Z 2026-08-29T15:12:16.493Z  INFO 2745 --- [io-8080-exec-14] a.w.t.a.b.m.d.i.DistributionService      : Processed ticket 1 (household: 100, distribution: ID 9957), next one: 2
2026-08-29T15:12:16.5022638Z 2026-08-29T15:12:16.501Z  INFO 2745 --- [ taskExecutor-1] a.w.t.a.b.m.p.i.PushBroadcastService     : Broadcast FOOD_HANDOUT_STARTED finished: 0 sent, 0 failed, 0 expired, 0 not-configured
2026-08-29T15:12:16.5686444Z 2026-08-29T15:12:16.565Z  INFO 2745 --- [nio-8080-exec-3] a.w.t.a.b.m.d.i.DistributionService      : Processed ticket 2 (household: 101, distribution: ID 9957), next one: 3
2026-08-29T15:12:16.6468019Z 2026-08-29T15:12:16.646Z  INFO 2745 --- [nio-8080-exec-6] a.w.t.a.b.m.d.i.DistributionService      : Closed distribution: ID 9957 (started at: 2026-08-29T15:12:15.856907, ended at: 2026-08-29T15:12:16.642145791)
2026-08-29T15:12:16.6629423Z 2026-08-29T15:12:16.661Z  INFO 2745 --- [ taskExecutor-2] a.b.m.d.i.s.DistributionStatisticService : Created statistic entry for distribution id: 9957, end-date: 29.08.2026
2026-08-29T15:12:16.6704597Z 2026-08-29T15:12:16.670Z  INFO 2745 --- [ taskExecutor-2] a.w.t.a.b.m.p.i.PushBroadcastService     : Broadcast DISTRIBUTION_CLOSED finished: 0 sent, 0 failed, 0 expired, 0 not-configured
2026-08-29T15:12:16.6731597Z     [32m  ✓[0m[90m tickets switched by slow double click[0m[90m (1280ms)[0m
2026-08-29T15:12:16.7002918Z 2026-08-29T15:12:16.698Z  WARN 2745 --- [nio-8080-exec-7] a.wrk.tafel.admin.backend.CLIENT_ERROR   : Client-Fehler von Benutzer 'e2etest' auf Seite 'http://localhost:8080/anmeldung/ticketmonitor-steuerung' (Mozilla/5.0 (X11; Linux x86_64) AppleWebKit/537.36 (KHTML, like Gecko) HeadlessChrome/151.0.0.0 Safari/537.36): SSE connection error {"isTrusted":true}
2026-08-29T15:12:16.7929550Z 2026-08-29T15:12:16.792Z  INFO 2745 --- [ taskExecutor-2] .b.m.r.i.DistributionClosedEventListener : Mail with daily report 'TÖ Tafel 1030 - Tagesreport vom 29.08.2026' - file: 'tagesreport_29082026.pdf' queued!
2026-08-29T15:12:16.9068598Z 2026-08-29T15:12:16.902Z  INFO 2745 --- [ taskExecutor-2] .b.m.r.i.DistributionClosedEventListener : Mail with statistic files 'TÖ Tafel 1030 - Statistiken vom 29.08.2026' queued!
2026-08-29T15:12:16.9185169Z 2026-08-29T15:12:16.918Z  INFO 2745 --- [ taskExecutor-2] .b.m.r.i.DistributionClosedEventListener : Mail for return boxes 'TÖ Tafel 1030 - Retourkisten vom 29.08.2026' queued!
2026-08-29T15:12:17.2048921Z 2026-08-29T15:12:17.204Z  INFO 2745 --- [nio-8080-exec-9] a.w.t.a.b.c.a.c.TafelLoginProvider       : Login successful for user 'e2etest'
2026-08-29T15:12:17.2068309Z 2026-08-29T15:12:17.205Z  INFO 2745 --- [nio-8080-exec-9] a.w.t.a.b.c.a.c.TafelLoginFilter         : Login successful via user 'e2etest' on 'http://localhost:8080/api/login' (password-change required: false)
2026-08-29T15:12:17.2236058Z 2026-08-29T15:12:17.222Z  INFO 2745 --- [io-8080-exec-18] a.w.t.a.b.m.d.i.DistributionService      : Started distribution: ID 9958 (started by: e2etest, at: 2026-08-29T15:12:17.221779489)
2026-08-29T15:12:17.2316014Z 2026-08-29T15:12:17.231Z  INFO 2745 --- [ taskExecutor-3] a.w.t.a.b.m.p.i.PushBroadcastService     : Broadcast DISTRIBUTION_STARTED finished: 0 sent, 0 failed, 0 expired, 0 not-configured
2026-08-29T15:12:17.2529574Z 2026-08-29T15:12:17.252Z  INFO 2745 --- [ taskExecutor-4] a.w.t.a.b.m.p.i.PushBroadcastService     : Broadcast CHECKIN_STARTED finished: 0 sent, 0 failed, 0 expired, 0 not-configured
2026-08-29T15:12:17.8322374Z 2026-08-29T15:12:17.831Z  INFO 2745 --- [io-8080-exec-12] a.w.t.a.b.m.d.i.DistributionService      : Processed ticket 1 (household: 100, distribution: ID 9958), next one: 2
2026-08-29T15:12:17.8386308Z 2026-08-29T15:12:17.838Z  INFO 2745 --- [ taskExecutor-5] a.w.t.a.b.m.p.i.PushBroadcastService     : Broadcast FOOD_HANDOUT_STARTED finished: 0 sent, 0 failed, 0 expired, 0 not-configured
2026-08-29T15:12:17.9108167Z 2026-08-29T15:12:17.910Z  INFO 2745 --- [nio-8080-exec-3] a.w.t.a.b.m.d.i.DistributionService      : Closed distribution: ID 9958 (started at: 2026-08-29T15:12:17.221779, ended at: 2026-08-29T15:12:17.907696426)
2026-08-29T15:12:17.9218317Z 2026-08-29T15:12:17.921Z  INFO 2745 --- [ taskExecutor-1] a.b.m.d.i.s.DistributionStatisticService : Created statistic entry for distribution id: 9958, end-date: 29.08.2026
2026-08-29T15:12:17.9297930Z 2026-08-29T15:12:17.928Z  INFO 2745 --- [ taskExecutor-1] a.w.t.a.b.m.p.i.PushBroadcastService     : Broadcast DISTRIBUTION_CLOSED finished: 0 sent, 0 failed, 0 expired, 0 not-configured
2026-08-29T15:12:17.9309034Z     [32m  ✓[0m[90m tickets switched successfully on phone[0m[90m (1162ms)[0m
2026-08-29T15:12:17.9702506Z 2026-08-29T15:12:17.969Z  WARN 2745 --- [nio-8080-exec-6] a.wrk.tafel.admin.backend.CLIENT_ERROR   : Client-Fehler von Benutzer 'e2etest' auf Seite 'http://localhost:8080/anmeldung/ticketmonitor-steuerung' (Mozilla/5.0 (X11; Linux x86_64) AppleWebKit/537.36 (KHTML, like Gecko) HeadlessChrome/151.0.0.0 Safari/537.36): SSE connection error {"isTrusted":true}
2026-08-29T15:12:18.0130860Z 2026-08-29T15:12:18.012Z  INFO 2745 --- [ taskExecutor-1] .b.m.r.i.DistributionClosedEventListener : Mail with daily report 'TÖ Tafel 1030 - Tagesreport vom 29.08.2026' - file: 'tagesreport_29082026.pdf' queued!
2026-08-29T15:12:18.1020023Z 2026-08-29T15:12:18.100Z  INFO 2745 --- [ taskExecutor-1] .b.m.r.i.DistributionClosedEventListener : Mail with statistic files 'TÖ Tafel 1030 - Statistiken vom 29.08.2026' queued!
2026-08-29T15:12:18.1148145Z 2026-08-29T15:12:18.114Z  INFO 2745 --- [ taskExecutor-1] .b.m.r.i.DistributionClosedEventListener : Mail for return boxes 'TÖ Tafel 1030 - Retourkisten vom 29.08.2026' queued!
2026-08-29T15:12:18.4015598Z 2026-08-29T15:12:18.401Z  INFO 2745 --- [io-8080-exec-25] a.w.t.a.b.c.a.c.TafelLoginProvider       : Login successful for user 'e2etest'
2026-08-29T15:12:18.4022206Z 2026-08-29T15:12:18.401Z  INFO 2745 --- [io-8080-exec-25] a.w.t.a.b.c.a.c.TafelLoginFilter         : Login successful via user 'e2etest' on 'http://localhost:8080/api/login' (password-change required: false)
2026-08-29T15:12:18.4207858Z 2026-08-29T15:12:18.420Z  INFO 2745 --- [nio-8080-exec-7] a.w.t.a.b.m.d.i.DistributionService      : Started distribution: ID 9959 (started by: e2etest, at: 2026-08-29T15:12:18.419751695)
2026-08-29T15:12:18.4292553Z 2026-08-29T15:12:18.428Z  INFO 2745 --- [ taskExecutor-2] a.w.t.a.b.m.p.i.PushBroadcastService     : Broadcast DISTRIBUTION_STARTED finished: 0 sent, 0 failed, 0 expired, 0 not-configured
2026-08-29T15:12:18.4569762Z 2026-08-29T15:12:18.456Z  INFO 2745 --- [ taskExecutor-3] a.w.t.a.b.m.p.i.PushBroadcastService     : Broadcast CHECKIN_STARTED finished: 0 sent, 0 failed, 0 expired, 0 not-configured
2026-08-29T15:12:19.0849521Z 2026-08-29T15:12:19.084Z  INFO 2745 --- [io-8080-exec-23] a.w.t.a.b.m.d.i.DistributionService      : Processed ticket 1 (household: 100, distribution: ID 9959), next one: 2
2026-08-29T15:12:19.0918860Z 2026-08-29T15:12:19.091Z  INFO 2745 --- [ taskExecutor-4] a.w.t.a.b.m.p.i.PushBroadcastService     : Broadcast FOOD_HANDOUT_STARTED finished: 0 sent, 0 failed, 0 expired, 0 not-configured
2026-08-29T15:12:19.1644596Z 2026-08-29T15:12:19.164Z  INFO 2745 --- [io-8080-exec-14] a.w.t.a.b.m.d.i.DistributionService      : Closed distribution: ID 9959 (started at: 2026-08-29T15:12:18.419752, ended at: 2026-08-29T15:12:19.16225924)
2026-08-29T15:12:19.1788549Z 2026-08-29T15:12:19.178Z  INFO 2745 --- [ taskExecutor-5] a.b.m.d.i.s.DistributionStatisticService : Created statistic entry for distribution id: 9959, end-date: 29.08.2026
2026-08-29T15:12:19.1887487Z     [32m  ✓[0m[90m shows queue context (processed/remaining) next to the current ticket[0m[90m (1156ms)[0m
2026-08-29T15:12:19.1937764Z 2026-08-29T15:12:19.187Z  INFO 2745 --- [ taskExecutor-5] a.w.t.a.b.m.p.i.PushBroadcastService     : Broadcast DISTRIBUTION_CLOSED finished: 0 sent, 0 failed, 0 expired, 0 not-configured
2026-08-29T15:12:19.2847224Z 2026-08-29T15:12:19.281Z  INFO 2745 --- [ taskExecutor-5] .b.m.r.i.DistributionClosedEventListener : Mail with daily report 'TÖ Tafel 1030 - Tagesreport vom 29.08.2026' - file: 'tagesreport_29082026.pdf' queued!
2026-08-29T15:12:19.3938637Z 2026-08-29T15:12:19.392Z  INFO 2745 --- [ taskExecutor-5] .b.m.r.i.DistributionClosedEventListener : Mail with statistic files 'TÖ Tafel 1030 - Statistiken vom 29.08.2026' queued!
2026-08-29T15:12:19.4062996Z 2026-08-29T15:12:19.405Z  INFO 2745 --- [ taskExecutor-5] .b.m.r.i.DistributionClosedEventListener : Mail for return boxes 'TÖ Tafel 1030 - Retourkisten vom 29.08.2026' queued!
2026-08-29T15:12:19.6596031Z 2026-08-29T15:12:19.659Z  INFO 2745 --- [nio-8080-exec-3] a.w.t.a.b.c.a.c.TafelLoginProvider       : Login successful for user 'e2etest'
2026-08-29T15:12:19.6602273Z 2026-08-29T15:12:19.659Z  INFO 2745 --- [nio-8080-exec-3] a.w.t.a.b.c.a.c.TafelLoginFilter         : Login successful via user 'e2etest' on 'http://localhost:8080/api/login' (password-change required: false)
2026-08-29T15:12:19.6759114Z 2026-08-29T15:12:19.675Z  INFO 2745 --- [io-8080-exec-17] a.w.t.a.b.m.d.i.DistributionService      : Started distribution: ID 9960 (started by: e2etest, at: 2026-08-29T15:12:19.674785067)
2026-08-29T15:12:19.6821916Z 2026-08-29T15:12:19.681Z  INFO 2745 --- [ taskExecutor-1] a.w.t.a.b.m.p.i.PushBroadcastService     : Broadcast DISTRIBUTION_STARTED finished: 0 sent, 0 failed, 0 expired, 0 not-configured
2026-08-29T15:12:19.7036694Z 2026-08-29T15:12:19.703Z  INFO 2745 --- [ taskExecutor-2] a.w.t.a.b.m.p.i.PushBroadcastService     : Broadcast CHECKIN_STARTED finished: 0 sent, 0 failed, 0 expired, 0 not-configured
2026-08-29T15:12:20.2771367Z 2026-08-29T15:12:20.276Z  INFO 2745 --- [nio-8080-exec-4] a.w.t.a.b.m.d.i.DistributionService      : Processed ticket 1 (household: 100, distribution: ID 9960), next one: 2
2026-08-29T15:12:20.2832155Z 2026-08-29T15:12:20.282Z  INFO 2745 --- [ taskExecutor-3] a.w.t.a.b.m.p.i.PushBroadcastService     : Broadcast FOOD_HANDOUT_STARTED finished: 0 sent, 0 failed, 0 expired, 0 not-configured
2026-08-29T15:12:20.3458303Z 2026-08-29T15:12:20.343Z  INFO 2745 --- [nio-8080-exec-1] a.w.t.a.b.m.d.i.DistributionService      : Processed ticket 2 (household: 101, distribution: ID 9960), next one: 3
2026-08-29T15:12:20.4434331Z 2026-08-29T15:12:20.443Z  INFO 2745 --- [nio-8080-exec-2] a.w.t.a.b.m.d.i.DistributionService      : Closed distribution: ID 9960 (started at: 2026-08-29T15:12:19.674785, ended at: 2026-08-29T15:12:20.43968785)
2026-08-29T15:12:20.4553810Z 2026-08-29T15:12:20.454Z  INFO 2745 --- [ taskExecutor-4] a.b.m.d.i.s.DistributionStatisticService : Created statistic entry for distribution id: 9960, end-date: 29.08.2026
2026-08-29T15:12:20.4632282Z     [32m  ✓[0m[90m advances the ticket via keyboard shortcuts (Enter = bezahlt, N = nicht bezahlt)[0m[90m (1184ms)[0m
2026-08-29T15:12:20.4656235Z 2026-08-29T15:12:20.465Z  INFO 2745 --- [ taskExecutor-4] a.w.t.a.b.m.p.i.PushBroadcastService     : Broadcast DISTRIBUTION_CLOSED finished: 0 sent, 0 failed, 0 expired, 0 not-configured
2026-08-29T15:12:20.4910294Z [0m    with distribution and tickets - not-paid ticket[0m
2026-08-29T15:12:20.5253651Z 2026-08-29T15:12:20.520Z  INFO 2745 --- [ taskExecutor-4] .b.m.r.i.DistributionClosedEventListener : Mail with daily report 'TÖ Tafel 1030 - Tagesreport vom 29.08.2026' - file: 'tagesreport_29082026.pdf' queued!
2026-08-29T15:12:20.6038791Z 2026-08-29T15:12:20.603Z  INFO 2745 --- [ taskExecutor-4] .b.m.r.i.DistributionClosedEventListener : Mail with statistic files 'TÖ Tafel 1030 - Statistiken vom 29.08.2026' queued!
2026-08-29T15:12:20.6178769Z 2026-08-29T15:12:20.617Z  INFO 2745 --- [ taskExecutor-4] .b.m.r.i.DistributionClosedEventListener : Mail for return boxes 'TÖ Tafel 1030 - Retourkisten vom 29.08.2026' queued!
2026-08-29T15:12:20.9101394Z 2026-08-29T15:12:20.909Z  INFO 2745 --- [io-8080-exec-14] a.w.t.a.b.c.a.c.TafelLoginProvider       : Login successful for user 'e2etest'
2026-08-29T15:12:20.9110073Z 2026-08-29T15:12:20.910Z  INFO 2745 --- [io-8080-exec-14] a.w.t.a.b.c.a.c.TafelLoginFilter         : Login successful via user 'e2etest' on 'http://localhost:8080/api/login' (password-change required: false)
2026-08-29T15:12:20.9290199Z 2026-08-29T15:12:20.927Z  INFO 2745 --- [io-8080-exec-22] a.w.t.a.b.m.d.i.DistributionService      : Started distribution: ID 9961 (started by: e2etest, at: 2026-08-29T15:12:20.927117303)
2026-08-29T15:12:20.9349501Z 2026-08-29T15:12:20.934Z  INFO 2745 --- [ taskExecutor-5] a.w.t.a.b.m.p.i.PushBroadcastService     : Broadcast DISTRIBUTION_STARTED finished: 0 sent, 0 failed, 0 expired, 0 not-configured
2026-08-29T15:12:20.9595415Z 2026-08-29T15:12:20.959Z  INFO 2745 --- [ taskExecutor-1] a.w.t.a.b.m.p.i.PushBroadcastService     : Broadcast CHECKIN_STARTED finished: 0 sent, 0 failed, 0 expired, 0 not-configured
2026-08-29T15:12:21.5675369Z 2026-08-29T15:12:21.567Z  INFO 2745 --- [io-8080-exec-13] a.w.t.a.b.m.d.i.DistributionService      : Processed ticket 1 (household: 100, distribution: ID 9961), next one: 2
2026-08-29T15:12:21.5731154Z 2026-08-29T15:12:21.572Z  INFO 2745 --- [ taskExecutor-2] a.w.t.a.b.m.p.i.PushBroadcastService     : Broadcast FOOD_HANDOUT_STARTED finished: 0 sent, 0 failed, 0 expired, 0 not-configured
2026-08-29T15:12:21.6446918Z 2026-08-29T15:12:21.644Z  INFO 2745 --- [nio-8080-exec-4] a.w.t.a.b.m.d.i.DistributionService      : Processed ticket 2 (household: 101, distribution: ID 9961), next one: 3
2026-08-29T15:12:21.7240925Z 2026-08-29T15:12:21.723Z  INFO 2745 --- [nio-8080-exec-1] a.w.t.a.b.m.d.i.DistributionService      : Closed distribution: ID 9961 (started at: 2026-08-29T15:12:20.927117, ended at: 2026-08-29T15:12:21.721097147)
2026-08-29T15:12:21.7367191Z 2026-08-29T15:12:21.736Z  INFO 2745 --- [ taskExecutor-3] a.b.m.d.i.s.DistributionStatisticService : Created statistic entry for distribution id: 9961, end-date: 29.08.2026
2026-08-29T15:12:21.7478178Z 2026-08-29T15:12:21.747Z  INFO 2745 --- [ taskExecutor-3] a.w.t.a.b.m.p.i.PushBroadcastService     : Broadcast DISTRIBUTION_CLOSED finished: 0 sent, 0 failed, 0 expired, 0 not-configured
2026-08-29T15:12:21.8176549Z 2026-08-29T15:12:21.815Z  INFO 2745 --- [ taskExecutor-3] .b.m.r.i.DistributionClosedEventListener : Mail with daily report 'TÖ Tafel 1030 - Tagesreport vom 29.08.2026' - file: 'tagesreport_29082026.pdf' queued!
2026-08-29T15:12:21.8275483Z 2026-08-29T15:12:21.827Z  INFO 2745 --- [io-8080-exec-12] a.w.t.a.b.m.h.internal.HouseholdService  : Edited pending cost contribution for household 101 to 0
2026-08-29T15:12:21.8534891Z     [32m  ✓[0m[90m tickets switched successfully at tablet breakpoint (sm: button row)[0m[90m (1347ms)[0m
2026-08-29T15:12:21.8911444Z 2026-08-29T15:12:21.890Z  WARN 2745 --- [io-8080-exec-14] a.wrk.tafel.admin.backend.CLIENT_ERROR   : Client-Fehler von Benutzer 'e2etest' auf Seite 'http://localhost:8080/anmeldung/ticketmonitor-steuerung' (Mozilla/5.0 (X11; Linux x86_64) AppleWebKit/537.36 (KHTML, like Gecko) HeadlessChrome/151.0.0.0 Safari/537.36): SSE connection error {"isTrusted":true}
2026-08-29T15:12:21.8950402Z [0m    cost contribution debt of the current ticket holder[0m
2026-08-29T15:12:21.9247203Z 2026-08-29T15:12:21.923Z  INFO 2745 --- [ taskExecutor-3] .b.m.r.i.DistributionClosedEventListener : Mail with statistic files 'TÖ Tafel 1030 - Statistiken vom 29.08.2026' queued!
2026-08-29T15:12:21.9380902Z 2026-08-29T15:12:21.937Z  INFO 2745 --- [ taskExecutor-3] .b.m.r.i.DistributionClosedEventListener : Mail for return boxes 'TÖ Tafel 1030 - Retourkisten vom 29.08.2026' queued!
2026-08-29T15:12:22.2861295Z 2026-08-29T15:12:22.285Z  INFO 2745 --- [io-8080-exec-22] a.w.t.a.b.c.a.c.TafelLoginProvider       : Login successful for user 'e2etest'
2026-08-29T15:12:22.2868168Z 2026-08-29T15:12:22.286Z  INFO 2745 --- [io-8080-exec-22] a.w.t.a.b.c.a.c.TafelLoginFilter         : Login successful via user 'e2etest' on 'http://localhost:8080/api/login' (password-change required: false)
2026-08-29T15:12:22.3310617Z 2026-08-29T15:12:22.329Z  INFO 2745 --- [nio-8080-exec-3] a.w.t.a.b.m.h.internal.HouseholdService  : Created household 10009
2026-08-29T15:12:22.3551496Z 2026-08-29T15:12:22.354Z  INFO 2745 --- [io-8080-exec-17] a.w.t.a.b.m.d.i.DistributionService      : Started distribution: ID 9962 (started by: e2etest, at: 2026-08-29T15:12:22.354356216)
2026-08-29T15:12:22.3658260Z 2026-08-29T15:12:22.365Z  INFO 2745 --- [ taskExecutor-4] a.w.t.a.b.m.p.i.PushBroadcastService     : Broadcast DISTRIBUTION_STARTED finished: 0 sent, 0 failed, 0 expired, 0 not-configured
2026-08-29T15:12:22.3925640Z 2026-08-29T15:12:22.392Z  INFO 2745 --- [ taskExecutor-5] a.w.t.a.b.m.p.i.PushBroadcastService     : Broadcast CHECKIN_STARTED finished: 0 sent, 0 failed, 0 expired, 0 not-configured
2026-08-29T15:12:22.4049285Z 2026-08-29T15:12:22.404Z  INFO 2745 --- [io-8080-exec-25] a.w.t.a.b.m.d.i.DistributionService      : Processed ticket 1 (household: 10009, distribution: ID 9962), next one: null
2026-08-29T15:12:22.4121158Z 2026-08-29T15:12:22.411Z  INFO 2745 --- [ taskExecutor-1] a.w.t.a.b.m.p.i.PushBroadcastService     : Broadcast FOOD_HANDOUT_STARTED finished: 0 sent, 0 failed, 0 expired, 0 not-configured
2026-08-29T15:12:22.4122940Z 2026-08-29T15:12:22.411Z  INFO 2745 --- [ taskExecutor-2] a.w.t.a.b.m.p.i.PushBroadcastService     : Broadcast ALL_TICKETS_PROCESSED finished: 0 sent, 0 failed, 0 expired, 0 not-configured
2026-08-29T15:12:22.4472161Z 2026-08-29T15:12:22.446Z  INFO 2745 --- [nio-8080-exec-9] a.w.t.a.b.m.d.i.DistributionService      : Closed distribution: ID 9962 (started at: 2026-08-29T15:12:22.354356, ended at: 2026-08-29T15:12:22.444287096)
2026-08-29T15:12:22.4588058Z 2026-08-29T15:12:22.458Z  INFO 2745 --- [ taskExecutor-3] a.b.m.d.i.s.DistributionStatisticService : Created statistic entry for distribution id: 9962, end-date: 29.08.2026
2026-08-29T15:12:22.4671028Z 2026-08-29T15:12:22.466Z  INFO 2745 --- [ taskExecutor-3] a.w.t.a.b.m.p.i.PushBroadcastService     : Broadcast DISTRIBUTION_CLOSED finished: 0 sent, 0 failed, 0 expired, 0 not-configured
2026-08-29T15:12:22.5013782Z 2026-08-29T15:12:22.500Z  INFO 2745 --- [io-8080-exec-16] a.w.t.a.b.m.d.i.DistributionService      : Started distribution: ID 9963 (started by: e2etest, at: 2026-08-29T15:12:22.500040089)
2026-08-29T15:12:22.5177788Z 2026-08-29T15:12:22.515Z  INFO 2745 --- [ taskExecutor-4] a.w.t.a.b.m.p.i.PushBroadcastService     : Broadcast DISTRIBUTION_STARTED finished: 0 sent, 0 failed, 0 expired, 0 not-configured
2026-08-29T15:12:22.5517863Z 2026-08-29T15:12:22.549Z  INFO 2745 --- [ taskExecutor-3] .b.m.r.i.DistributionClosedEventListener : Mail with daily report 'TÖ Tafel 1030 - Tagesreport vom 29.08.2026' - file: 'tagesreport_29082026.pdf' queued!
2026-08-29T15:12:22.5600623Z 2026-08-29T15:12:22.558Z  INFO 2745 --- [ taskExecutor-5] a.w.t.a.b.m.p.i.PushBroadcastService     : Broadcast CHECKIN_STARTED finished: 0 sent, 0 failed, 0 expired, 0 not-configured
2026-08-29T15:12:22.6463320Z 2026-08-29T15:12:22.645Z  INFO 2745 --- [ taskExecutor-3] .b.m.r.i.DistributionClosedEventListener : Mail with statistic files 'TÖ Tafel 1030 - Statistiken vom 29.08.2026' queued!
2026-08-29T15:12:22.6643886Z 2026-08-29T15:12:22.659Z  INFO 2745 --- [ taskExecutor-3] .b.m.r.i.DistributionClosedEventListener : Mail for return boxes 'TÖ Tafel 1030 - Retourkisten vom 29.08.2026' queued!
2026-08-29T15:12:22.8713599Z 2026-08-29T15:12:22.871Z  INFO 2745 --- [nio-8080-exec-2] a.w.t.a.b.m.h.internal.HouseholdService  : Edited pending cost contribution for household 10009 to 0
2026-08-29T15:12:22.9335621Z 2026-08-29T15:12:22.933Z  INFO 2745 --- [io-8080-exec-14] a.w.t.a.b.m.d.i.DistributionService      : Closed distribution: ID 9963 (started at: 2026-08-29T15:12:22.50004, ended at: 2026-08-29T15:12:22.930541168)
2026-08-29T15:12:22.9537223Z 2026-08-29T15:12:22.951Z  INFO 2745 --- [ taskExecutor-1] a.b.m.d.i.s.DistributionStatisticService : Created statistic entry for distribution id: 9963, end-date: 29.08.2026
2026-08-29T15:12:22.9659436Z 2026-08-29T15:12:22.963Z  INFO 2745 --- [ taskExecutor-1] a.w.t.a.b.m.p.i.PushBroadcastService     : Broadcast DISTRIBUTION_CLOSED finished: 0 sent, 0 failed, 0 expired, 0 not-configured
2026-08-29T15:12:22.9684924Z     [32m  ✓[0m[90m shows the current ticket-holder's debt on page load, without clicking "Aktuelles Ticket"[0m[90m (978ms)[0m
2026-08-29T15:12:23.0216144Z 2026-08-29T15:12:23.018Z  WARN 2745 --- [io-8080-exec-22] a.wrk.tafel.admin.backend.CLIENT_ERROR   : Client-Fehler von Benutzer 'e2etest' auf Seite 'http://localhost:8080/anmeldung/ticketmonitor-steuerung' (Mozilla/5.0 (X11; Linux x86_64) AppleWebKit/537.36 (KHTML, like Gecko) HeadlessChrome/151.0.0.0 Safari/537.36): SSE connection error {"isTrusted":true}
2026-08-29T15:12:23.0631113Z 2026-08-29T15:12:23.061Z  INFO 2745 --- [ taskExecutor-1] .b.m.r.i.DistributionClosedEventListener : Mail with daily report 'TÖ Tafel 1030 - Tagesreport vom 29.08.2026' - file: 'tagesreport_29082026.pdf' queued!
2026-08-29T15:12:23.1740940Z 2026-08-29T15:12:23.172Z  INFO 2745 --- [ taskExecutor-1] .b.m.r.i.DistributionClosedEventListener : Mail with statistic files 'TÖ Tafel 1030 - Statistiken vom 29.08.2026' queued!
2026-08-29T15:12:23.1888092Z 2026-08-29T15:12:23.187Z  INFO 2745 --- [ taskExecutor-1] .b.m.r.i.DistributionClosedEventListener : Mail for return boxes 'TÖ Tafel 1030 - Retourkisten vom 29.08.2026' queued!
2026-08-29T15:12:23.4639402Z 2026-08-29T15:12:23.463Z  INFO 2745 --- [nio-8080-exec-3] a.w.t.a.b.c.a.c.TafelLoginProvider       : Login successful for user 'e2etest'
2026-08-29T15:12:23.4645671Z 2026-08-29T15:12:23.464Z  INFO 2745 --- [nio-8080-exec-3] a.w.t.a.b.c.a.c.TafelLoginFilter         : Login successful via user 'e2etest' on 'http://localhost:8080/api/login' (password-change required: false)
2026-08-29T15:12:23.4956171Z 2026-08-29T15:12:23.495Z  INFO 2745 --- [io-8080-exec-17] a.w.t.a.b.m.h.internal.HouseholdService  : Created household 10010
2026-08-29T15:12:23.5177267Z 2026-08-29T15:12:23.517Z  INFO 2745 --- [nio-8080-exec-6] a.w.t.a.b.m.d.i.DistributionService      : Started distribution: ID 9964 (started by: e2etest, at: 2026-08-29T15:12:23.516804599)
2026-08-29T15:12:23.5239603Z 2026-08-29T15:12:23.523Z  INFO 2745 --- [ taskExecutor-2] a.w.t.a.b.m.p.i.PushBroadcastService     : Broadcast DISTRIBUTION_STARTED finished: 0 sent, 0 failed, 0 expired, 0 not-configured
2026-08-29T15:12:23.5422813Z 2026-08-29T15:12:23.541Z  INFO 2745 --- [ taskExecutor-4] a.w.t.a.b.m.p.i.PushBroadcastService     : Broadcast CHECKIN_STARTED finished: 0 sent, 0 failed, 0 expired, 0 not-configured
2026-08-29T15:12:23.5552625Z 2026-08-29T15:12:23.554Z  INFO 2745 --- [nio-8080-exec-7] a.w.t.a.b.m.d.i.DistributionService      : Processed ticket 1 (household: 10010, distribution: ID 9964), next one: null
2026-08-29T15:12:23.5632699Z 2026-08-29T15:12:23.562Z  INFO 2745 --- [ taskExecutor-5] a.w.t.a.b.m.p.i.PushBroadcastService     : Broadcast FOOD_HANDOUT_STARTED finished: 0 sent, 0 failed, 0 expired, 0 not-configured
2026-08-29T15:12:23.5635133Z 2026-08-29T15:12:23.563Z  INFO 2745 --- [ taskExecutor-3] a.w.t.a.b.m.p.i.PushBroadcastService     : Broadcast ALL_TICKETS_PROCESSED finished: 0 sent, 0 failed, 0 expired, 0 not-configured
2026-08-29T15:12:23.6008432Z 2026-08-29T15:12:23.600Z  INFO 2745 --- [io-8080-exec-19] a.w.t.a.b.m.d.i.DistributionService      : Closed distribution: ID 9964 (started at: 2026-08-29T15:12:23.516805, ended at: 2026-08-29T15:12:23.598503646)
2026-08-29T15:12:23.6098290Z 2026-08-29T15:12:23.609Z  INFO 2745 --- [ taskExecutor-1] a.b.m.d.i.s.DistributionStatisticService : Created statistic entry for distribution id: 9964, end-date: 29.08.2026
2026-08-29T15:12:23.6168465Z 2026-08-29T15:12:23.616Z  INFO 2745 --- [ taskExecutor-1] a.w.t.a.b.m.p.i.PushBroadcastService     : Broadcast DISTRIBUTION_CLOSED finished: 0 sent, 0 failed, 0 expired, 0 not-configured
2026-08-29T15:12:23.6427833Z 2026-08-29T15:12:23.641Z  INFO 2745 --- [io-8080-exec-21] a.w.t.a.b.m.d.i.DistributionService      : Started distribution: ID 9965 (started by: e2etest, at: 2026-08-29T15:12:23.640772696)
2026-08-29T15:12:23.6540743Z 2026-08-29T15:12:23.653Z  INFO 2745 --- [ taskExecutor-2] a.w.t.a.b.m.p.i.PushBroadcastService     : Broadcast DISTRIBUTION_STARTED finished: 0 sent, 0 failed, 0 expired, 0 not-configured
2026-08-29T15:12:23.6815103Z 2026-08-29T15:12:23.681Z  INFO 2745 --- [ taskExecutor-1] .b.m.r.i.DistributionClosedEventListener : Mail with daily report 'TÖ Tafel 1030 - Tagesreport vom 29.08.2026' - file: 'tagesreport_29082026.pdf' queued!
2026-08-29T15:12:23.7139449Z 2026-08-29T15:12:23.711Z  INFO 2745 --- [ taskExecutor-4] a.w.t.a.b.m.p.i.PushBroadcastService     : Broadcast CHECKIN_STARTED finished: 0 sent, 0 failed, 0 expired, 0 not-configured
2026-08-29T15:12:23.7878839Z 2026-08-29T15:12:23.787Z  INFO 2745 --- [ taskExecutor-1] .b.m.r.i.DistributionClosedEventListener : Mail with statistic files 'TÖ Tafel 1030 - Statistiken vom 29.08.2026' queued!
2026-08-29T15:12:23.8040473Z 2026-08-29T15:12:23.802Z  INFO 2745 --- [ taskExecutor-1] .b.m.r.i.DistributionClosedEventListener : Mail for return boxes 'TÖ Tafel 1030 - Retourkisten vom 29.08.2026' queued!
2026-08-29T15:12:24.3138511Z 2026-08-29T15:12:24.313Z  INFO 2745 --- [nio-8080-exec-3] a.w.t.a.b.m.h.internal.HouseholdService  : Paid cost contribution for household 10010, remaining pending amount: 0
2026-08-29T15:12:24.4002070Z 2026-08-29T15:12:24.399Z  INFO 2745 --- [nio-8080-exec-6] a.w.t.a.b.m.d.i.DistributionService      : Closed distribution: ID 9965 (started at: 2026-08-29T15:12:23.640773, ended at: 2026-08-29T15:12:24.397287274)
2026-08-29T15:12:24.4145672Z 2026-08-29T15:12:24.414Z  INFO 2745 --- [ taskExecutor-5] a.b.m.d.i.s.DistributionStatisticService : Created statistic entry for distribution id: 9965, end-date: 29.08.2026
2026-08-29T15:12:24.4251448Z     [32m  ✓[0m[90m pay off the full pending debt at once[0m[90m (1325ms)[0m
2026-08-29T15:12:24.4309916Z 2026-08-29T15:12:24.428Z  INFO 2745 --- [ taskExecutor-5] a.w.t.a.b.m.p.i.PushBroadcastService     : Broadcast DISTRIBUTION_CLOSED finished: 0 sent, 0 failed, 0 expired, 0 not-configured
2026-08-29T15:12:24.4501347Z 2026-08-29T15:12:24.446Z  WARN 2745 --- [io-8080-exec-25] a.wrk.tafel.admin.backend.CLIENT_ERROR   : Client-Fehler von Benutzer 'e2etest' auf Seite 'http://localhost:8080/anmeldung/ticketmonitor-steuerung' (Mozilla/5.0 (X11; Linux x86_64) AppleWebKit/537.36 (KHTML, like Gecko) HeadlessChrome/151.0.0.0 Safari/537.36): SSE connection permanently closed, trying to reconnect...
2026-08-29T15:12:24.4933952Z 2026-08-29T15:12:24.492Z  INFO 2745 --- [ taskExecutor-5] .b.m.r.i.DistributionClosedEventListener : Mail with daily report 'TÖ Tafel 1030 - Tagesreport vom 29.08.2026' - file: 'tagesreport_29082026.pdf' queued!
2026-08-29T15:12:24.5932903Z 2026-08-29T15:12:24.592Z  INFO 2745 --- [ taskExecutor-5] .b.m.r.i.DistributionClosedEventListener : Mail with statistic files 'TÖ Tafel 1030 - Statistiken vom 29.08.2026' queued!
2026-08-29T15:12:24.6068668Z 2026-08-29T15:12:24.606Z  INFO 2745 --- [ taskExecutor-5] .b.m.r.i.DistributionClosedEventListener : Mail for return boxes 'TÖ Tafel 1030 - Retourkisten vom 29.08.2026' queued!
2026-08-29T15:12:24.9101960Z 2026-08-29T15:12:24.909Z  INFO 2745 --- [nio-8080-exec-7] a.w.t.a.b.c.a.c.TafelLoginProvider       : Login successful for user 'e2etest'
2026-08-29T15:12:24.9115446Z 2026-08-29T15:12:24.910Z  INFO 2745 --- [nio-8080-exec-7] a.w.t.a.b.c.a.c.TafelLoginFilter         : Login successful via user 'e2etest' on 'http://localhost:8080/api/login' (password-change required: false)
2026-08-29T15:12:24.9392550Z 2026-08-29T15:12:24.938Z  INFO 2745 --- [nio-8080-exec-9] a.w.t.a.b.m.h.internal.HouseholdService  : Created household 10011
2026-08-29T15:12:24.9592162Z 2026-08-29T15:12:24.958Z  INFO 2745 --- [io-8080-exec-18] a.w.t.a.b.m.d.i.DistributionService      : Started distribution: ID 9966 (started by: e2etest, at: 2026-08-29T15:12:24.958295549)
2026-08-29T15:12:24.9680245Z 2026-08-29T15:12:24.967Z  INFO 2745 --- [ taskExecutor-3] a.w.t.a.b.m.p.i.PushBroadcastService     : Broadcast DISTRIBUTION_STARTED finished: 0 sent, 0 failed, 0 expired, 0 not-configured
2026-08-29T15:12:24.9856818Z 2026-08-29T15:12:24.985Z  INFO 2745 --- [ taskExecutor-2] a.w.t.a.b.m.p.i.PushBroadcastService     : Broadcast CHECKIN_STARTED finished: 0 sent, 0 failed, 0 expired, 0 not-configured
2026-08-29T15:12:25.0072525Z 2026-08-29T15:12:25.005Z  INFO 2745 --- [io-8080-exec-16] a.w.t.a.b.m.d.i.DistributionService      : Processed ticket 1 (household: 10011, distribution: ID 9966), next one: null
2026-08-29T15:12:25.0158477Z 2026-08-29T15:12:25.015Z  INFO 2745 --- [ taskExecutor-4] a.w.t.a.b.m.p.i.PushBroadcastService     : Broadcast FOOD_HANDOUT_STARTED finished: 0 sent, 0 failed, 0 expired, 0 not-configured
2026-08-29T15:12:25.0177655Z 2026-08-29T15:12:25.017Z  INFO 2745 --- [ taskExecutor-1] a.w.t.a.b.m.p.i.PushBroadcastService     : Broadcast ALL_TICKETS_PROCESSED finished: 0 sent, 0 failed, 0 expired, 0 not-configured
2026-08-29T15:12:25.0595028Z 2026-08-29T15:12:25.059Z  INFO 2745 --- [io-8080-exec-21] a.w.t.a.b.m.d.i.DistributionService      : Closed distribution: ID 9966 (started at: 2026-08-29T15:12:24.958296, ended at: 2026-08-29T15:12:25.056962706)
2026-08-29T15:12:25.0711933Z 2026-08-29T15:12:25.070Z  INFO 2745 --- [ taskExecutor-5] a.b.m.d.i.s.DistributionStatisticService : Created statistic entry for distribution id: 9966, end-date: 29.08.2026
2026-08-29T15:12:25.0830300Z 2026-08-29T15:12:25.081Z  INFO 2745 --- [ taskExecutor-5] a.w.t.a.b.m.p.i.PushBroadcastService     : Broadcast DISTRIBUTION_CLOSED finished: 0 sent, 0 failed, 0 expired, 0 not-configured
2026-08-29T15:12:25.1575670Z 2026-08-29T15:12:25.156Z  INFO 2745 --- [ taskExecutor-5] .b.m.r.i.DistributionClosedEventListener : Mail with daily report 'TÖ Tafel 1030 - Tagesreport vom 29.08.2026' - file: 'tagesreport_29082026.pdf' queued!
2026-08-29T15:12:25.2357570Z 2026-08-29T15:12:25.235Z  INFO 2745 --- [ taskExecutor-5] .b.m.r.i.DistributionClosedEventListener : Mail with statistic files 'TÖ Tafel 1030 - Statistiken vom 29.08.2026' queued!
2026-08-29T15:12:25.2495363Z 2026-08-29T15:12:25.245Z  INFO 2745 --- [ taskExecutor-5] .b.m.r.i.DistributionClosedEventListener : Mail for return boxes 'TÖ Tafel 1030 - Retourkisten vom 29.08.2026' queued!
2026-08-29T15:12:25.6442228Z 2026-08-29T15:12:25.643Z  INFO 2745 --- [nio-8080-exec-5] a.w.t.a.b.m.d.i.DistributionService      : Started distribution: ID 9967 (started by: e2etest, at: 2026-08-29T15:12:25.641139460)
2026-08-29T15:12:25.6532465Z 2026-08-29T15:12:25.652Z  INFO 2745 --- [ taskExecutor-3] a.w.t.a.b.m.p.i.PushBroadcastService     : Broadcast DISTRIBUTION_STARTED finished: 0 sent, 0 failed, 0 expired, 0 not-configured
2026-08-29T15:12:25.7010995Z 2026-08-29T15:12:25.700Z  INFO 2745 --- [ taskExecutor-2] a.w.t.a.b.m.p.i.PushBroadcastService     : Broadcast CHECKIN_STARTED finished: 0 sent, 0 failed, 0 expired, 0 not-configured
2026-08-29T15:12:26.5621337Z 2026-08-29T15:12:26.561Z  INFO 2745 --- [nio-8080-exec-7] a.w.t.a.b.m.h.internal.HouseholdService  : Paid cost contribution for household 10011, remaining pending amount: 3.00
2026-08-29T15:12:26.5967925Z 2026-08-29T15:12:26.596Z  INFO 2745 --- [nio-8080-exec-9] a.w.t.a.b.m.h.internal.HouseholdService  : Edited pending cost contribution for household 10011 to 0
2026-08-29T15:12:26.6504236Z 2026-08-29T15:12:26.650Z  INFO 2745 --- [io-8080-exec-19] a.w.t.a.b.m.d.i.DistributionService      : Closed distribution: ID 9967 (started at: 2026-08-29T15:12:25.641139, ended at: 2026-08-29T15:12:26.647652402)
2026-08-29T15:12:26.6595801Z 2026-08-29T15:12:26.659Z  INFO 2745 --- [ taskExecutor-4] a.b.m.d.i.s.DistributionStatisticService : Created statistic entry for distribution id: 9967, end-date: 29.08.2026
2026-08-29T15:12:26.6651637Z 2026-08-29T15:12:26.664Z  INFO 2745 --- [ taskExecutor-4] a.w.t.a.b.m.p.i.PushBroadcastService     : Broadcast DISTRIBUTION_CLOSED finished: 0 sent, 0 failed, 0 expired, 0 not-configured
2026-08-29T15:12:26.6777580Z     [32m  ✓[0m[90m pay off a specific amount of the pending debt[0m[90m (2148ms)[0m
2026-08-29T15:12:26.7133302Z 2026-08-29T15:12:26.708Z  INFO 2745 --- [ taskExecutor-4] .b.m.r.i.DistributionClosedEventListener : Mail with daily report 'TÖ Tafel 1030 - Tagesreport vom 29.08.2026' - file: 'tagesreport_29082026.pdf' queued!
2026-08-29T15:12:26.7898608Z 2026-08-29T15:12:26.788Z  INFO 2745 --- [ taskExecutor-4] .b.m.r.i.DistributionClosedEventListener : Mail with statistic files 'TÖ Tafel 1030 - Statistiken vom 29.08.2026' queued!
2026-08-29T15:12:26.8064028Z 2026-08-29T15:12:26.806Z  INFO 2745 --- [ taskExecutor-4] .b.m.r.i.DistributionClosedEventListener : Mail for return boxes 'TÖ Tafel 1030 - Retourkisten vom 29.08.2026' queued!
2026-08-29T15:12:27.1234063Z 2026-08-29T15:12:27.123Z  INFO 2745 --- [io-8080-exec-16] a.w.t.a.b.c.a.c.TafelLoginProvider       : Login successful for user 'e2etest'
2026-08-29T15:12:27.1240239Z 2026-08-29T15:12:27.123Z  INFO 2745 --- [io-8080-exec-16] a.w.t.a.b.c.a.c.TafelLoginFilter         : Login successful via user 'e2etest' on 'http://localhost:8080/api/login' (password-change required: false)
2026-08-29T15:12:27.1467047Z 2026-08-29T15:12:27.146Z  INFO 2745 --- [io-8080-exec-10] a.w.t.a.b.m.h.internal.HouseholdService  : Created household 10012
2026-08-29T15:12:27.1673155Z 2026-08-29T15:12:27.167Z  INFO 2745 --- [io-8080-exec-21] a.w.t.a.b.m.d.i.DistributionService      : Started distribution: ID 9968 (started by: e2etest, at: 2026-08-29T15:12:27.166553847)
2026-08-29T15:12:27.1734644Z 2026-08-29T15:12:27.173Z  INFO 2745 --- [ taskExecutor-1] a.w.t.a.b.m.p.i.PushBroadcastService     : Broadcast DISTRIBUTION_STARTED finished: 0 sent, 0 failed, 0 expired, 0 not-configured
2026-08-29T15:12:27.1991246Z 2026-08-29T15:12:27.198Z  INFO 2745 --- [ taskExecutor-5] a.w.t.a.b.m.p.i.PushBroadcastService     : Broadcast CHECKIN_STARTED finished: 0 sent, 0 failed, 0 expired, 0 not-configured
2026-08-29T15:12:28.5193016Z 2026-08-29T15:12:28.518Z  INFO 2745 --- [nio-8080-exec-3] a.w.t.a.b.m.h.internal.HouseholdService  : Edited pending cost contribution for household 10012 to 75
2026-08-29T15:12:28.5591833Z 2026-08-29T15:12:28.558Z  INFO 2745 --- [io-8080-exec-22] a.w.t.a.b.m.h.internal.HouseholdService  : Edited pending cost contribution for household 10012 to 0
2026-08-29T15:12:28.6019992Z 2026-08-29T15:12:28.601Z  INFO 2745 --- [nio-8080-exec-6] a.w.t.a.b.m.d.i.DistributionService      : Closed distribution: ID 9968 (started at: 2026-08-29T15:12:27.166554, ended at: 2026-08-29T15:12:28.599298738)
2026-08-29T15:12:28.6158298Z 2026-08-29T15:12:28.615Z  INFO 2745 --- [ taskExecutor-3] a.b.m.d.i.s.DistributionStatisticService : Created statistic entry for distribution id: 9968, end-date: 29.08.2026
2026-08-29T15:12:28.6239149Z     [32m  ✓[0m[90m edit the pending debt to an arbitrary amount[0m[90m (1858ms)[0m
2026-08-29T15:12:28.6261976Z 
2026-08-29T15:12:28.6297501Z 2026-08-29T15:12:28.626Z  INFO 2745 --- [ taskExecutor-3] a.w.t.a.b.m.p.i.PushBroadcastService     : Broadcast DISTRIBUTION_CLOSED finished: 0 sent, 0 failed, 0 expired, 0 not-configured
2026-08-29T15:12:28.6523345Z 2026-08-29T15:12:28.650Z  WARN 2745 --- [nio-8080-exec-7] a.wrk.tafel.admin.backend.CLIENT_ERROR   : Client-Fehler von Benutzer 'e2etest' auf Seite 'http://localhost:8080/anmeldung/ticketmonitor-steuerung' (Mozilla/5.0 (X11; Linux x86_64) AppleWebKit/537.36 (KHTML, like Gecko) HeadlessChrome/151.0.0.0 Safari/537.36): SSE connection error {"isTrusted":true}
2026-08-29T15:12:28.6638477Z 
2026-08-29T15:12:28.6667323Z [92m [0m[32m 21 passing[0m[90m (29s)[0m
2026-08-29T15:12:28.6716550Z 
2026-08-29T15:12:28.6721801Z 2026-08-29T15:12:28.670Z  WARN 2745 --- [nio-8080-exec-9] a.wrk.tafel.admin.backend.CLIENT_ERROR   : Client-Fehler von Benutzer 'e2etest' auf Seite 'http://localhost:8080/anmeldung/ticketmonitor-steuerung' (Mozilla/5.0 (X11; Linux x86_64) AppleWebKit/537.36 (KHTML, like Gecko) HeadlessChrome/151.0.0.0 Safari/537.36): SSE connection permanently closed, trying to reconnect...
2026-08-29T15:12:28.6917453Z 2026-08-29T15:12:28.691Z  INFO 2745 --- [ taskExecutor-3] .b.m.r.i.DistributionClosedEventListener : Mail with daily report 'TÖ Tafel 1030 - Tagesreport vom 29.08.2026' - file: 'tagesreport_29082026.pdf' queued!
2026-08-29T15:12:28.7588076Z 2026-08-29T15:12:28.758Z  INFO 2745 --- [ taskExecutor-3] .b.m.r.i.DistributionClosedEventListener : Mail with statistic files 'TÖ Tafel 1030 - Statistiken vom 29.08.2026' queued!
2026-08-29T15:12:28.7686380Z 2026-08-29T15:12:28.768Z  INFO 2745 --- [ taskExecutor-3] .b.m.r.i.DistributionClosedEventListener : Mail for return boxes 'TÖ Tafel 1030 - Retourkisten vom 29.08.2026' queued!
2026-08-29T15:12:29.6884537Z 
2026-08-29T15:12:29.6885722Z [32m  ([4m[1mResults[22m[24m)[39m
2026-08-29T15:12:29.6890186Z 
2026-08-29T15:12:29.6902705Z [90m  ┌[39m[90m─[39m[90m─[39m[90m─[39m[90m─[39m[90m─[39m[90m─[39m[90m─[39m[90m─[39m[90m─[39m[90m─[39m[90m─[39m[90m─[39m[90m─[39m[90m─[39m[90m─[39m[90m─[39m[90m─[39m[90m─[39m[90m─[39m[90m─[39m[90m─[39m[90m─[39m[90m─[39m[90m─[39m[90m─[39m[90m─[39m[90m─[39m[90m─[39m[90m─[39m[90m─[39m[90m─[39m[90m─[39m[90m─[39m[90m─[39m[90m─[39m[90m─[39m[90m─[39m[90m─[39m[90m─[39m[90m─[39m[90m─[39m[90m─[39m[90m─[39m[90m─[39m[90m─[39m[90m─[39m[90m─[39m[90m─[39m[90m─[39m[90m─[39m[90m─[39m[90m─[39m[90m─[39m[90m─[39m[90m─[39m[90m─[39m[90m─[39m[90m─[39m[90m─[39m[90m─[39m[90m─[39m[90m─[39m[90m─[39m[90m─[39m[90m─[39m[90m─[39m[90m─[39m[90m─[39m[90m─[39m[90m─[39m[90m─[39m[90m─[39m[90m─[39m[90m─[39m[90m─[39m[90m─[39m[90m─[39m[90m─[39m[90m─[39m[90m─[39m[90m─[39m[90m─[39m[90m─[39m[90m─[39m[90m─[39m[90m─[39m[90m─[39m[90m─[39m[90m─[39m[90m─[39m[90m─[39m[90m─[39m[90m─[39m[90m─[39m[90m─[39m[90m─[39m[90m┐[39m
2026-08-29T15:12:29.6906619Z [90m  │[39m [90mTests:[39m        [32m21[39m                                                                               [90m│[39m
2026-08-29T15:12:29.6907753Z [90m  │[39m [90mPassing:[39m      [32m21[39m                                                                               [90m│[39m
2026-08-29T15:12:29.6908867Z [90m  │[39m [90mFailing:[39m      [32m0[39m                                                                                [90m│[39m
2026-08-29T15:12:29.6909985Z [90m  │[39m [90mPending:[39m      [32m0[39m                                                                                [90m│[39m
2026-08-29T15:12:29.6910994Z [90m  │[39m [90mSkipped:[39m      [32m0[39m                                                                                [90m│[39m
2026-08-29T15:12:29.6912069Z [90m  │[39m [90mScreenshots:[39m  [32m0[39m                                                                                [90m│[39m
2026-08-29T15:12:29.6913159Z [90m  │[39m [90mVideo:[39m        [32mtrue[39m                                                                             [90m│[39m
2026-08-29T15:12:29.6914770Z [90m  │[39m [90mDuration:[39m     [32m28 seconds[39m                                                                       [90m│[39m
2026-08-29T15:12:29.6916360Z [90m  │[39m [90mSpec Ran:[39m     [32m[32mticket-screen.cy.ts[32m[39m                                                              [90m│[39m
2026-08-29T15:12:29.6923421Z [90m  └[39m[90m─[39m[90m─[39m[90m─[39m[90m─[39m[90m─[39m[90m─[39m[90m─[39m[90m─[39m[90m─[39m[90m─[39m[90m─[39m[90m─[39m[90m─[39m[90m─[39m[90m─[39m[90m─[39m[90m─[39m[90m─[39m[90m─[39m[90m─[39m[90m─[39m[90m─[39m[90m─[39m[90m─[39m[90m─[39m[90m─[39m[90m─[39m[90m─[39m[90m─[39m[90m─[39m[90m─[39m[90m─[39m[90m─[39m[90m─[39m[90m─[39m[90m─[39m[90m─[39m[90m─[39m[90m─[39m[90m─[39m[90m─[39m[90m─[39m[90m─[39m[90m─[39m[90m─[39m[90m─[39m[90m─[39m[90m─[39m[90m─[39m[90m─[39m[90m─[39m[90m─[39m[90m─[39m[90m─[39m[90m─[39m[90m─[39m[90m─[39m[90m─[39m[90m─[39m[90m─[39m[90m─[39m[90m─[39m[90m─[39m[90m─[39m[90m─[39m[90m─[39m[90m─[39m[90m─[39m[90m─[39m[90m─[39m[90m─[39m[90m─[39m[90m─[39m[90m─[39m[90m─[39m[90m─[39m[90m─[39m[90m─[39m[90m─[39m[90m─[39m[90m─[39m[90m─[39m[90m─[39m[90m─[39m[90m─[39m[90m─[39m[90m─[39m[90m─[39m[90m─[39m[90m─[39m[90m─[39m[90m─[39m[90m─[39m[90m─[39m[90m─[39m[90m─[39m[90m┘[39m
2026-08-29T15:12:29.6927089Z 
2026-08-29T15:12:29.6946721Z 
2026-08-29T15:12:29.6947441Z [36m  ([4m[1mVideo[22m[24m)[39m
2026-08-29T15:12:29.6962589Z 
2026-08-29T15:12:29.6964153Z   -  Video output: [36m/home/runner/work/admin/admin/frontend/src/main/webapp/cypress/videos/ticket-screen.cy.ts.mp4[39m
2026-08-29T15:12:29.6965377Z 
2026-08-29T15:12:29.6975082Z 
2026-08-29T15:12:29.7155406Z [90m====================================================================================================[39m
2026-08-29T15:12:29.7159578Z 
2026-08-29T15:12:29.7160585Z [0m  ([4m[1mRun Finished[22m[24m)[0m
2026-08-29T15:12:29.7171730Z 
2026-08-29T15:12:29.7171824Z 
2026-08-29T15:12:29.7187504Z [90m   [39m    [90mSpec[39m                                              [90mTests[39m  [90mPassing[39m  [90mFailing[39m  [90mPending[39m  [90mSkipped[39m [90m [39m
2026-08-29T15:12:29.7194395Z [90m  ┌[39m[90m─[39m[90m─[39m[90m─[39m[90m─[39m[90m─[39m[90m─[39m[90m─[39m[90m─[39m[90m─[39m[90m─[39m[90m─[39m[90m─[39m[90m─[39m[90m─[39m[90m─[39m[90m─[39m[90m─[39m[90m─[39m[90m─[39m[90m─[39m[90m─[39m[90m─[39m[90m─[39m[90m─[39m[90m─[39m[90m─[39m[90m─[39m[90m─[39m[90m─[39m[90m─[39m[90m─[39m[90m─[39m[90m─[39m[90m─[39m[90m─[39m[90m─[39m[90m─[39m[90m─[39m[90m─[39m[90m─[39m[90m─[39m[90m─[39m[90m─[39m[90m─[39m[90m─[39m[90m─[39m[90m─[39m[90m─[39m[90m─[39m[90m─[39m[90m─[39m[90m─[39m[90m─[39m[90m─[39m[90m─[39m[90m─[39m[90m─[39m[90m─[39m[90m─[39m[90m─[39m[90m─[39m[90m─[39m[90m─[39m[90m─[39m[90m─[39m[90m─[39m[90m─[39m[90m─[39m[90m─[39m[90m─[39m[90m─[39m[90m─[39m[90m─[39m[90m─[39m[90m─[39m[90m─[39m[90m─[39m[90m─[39m[90m─[39m[90m─[39m[90m─[39m[90m─[39m[90m─[39m[90m─[39m[90m─[39m[90m─[39m[90m─[39m[90m─[39m[90m─[39m[90m─[39m[90m─[39m[90m─[39m[90m─[39m[90m─[39m[90m─[39m[90m─[39m[90m┐[39m
2026-08-29T15:12:29.7200573Z [90m  │[39m [32m✔[39m  [0mscanner.cy.ts[0m                            [90m00:11[39m        [0m6[0m        [32m6[39m        [90m-[39m        [90m-[39m        [90m-[39m [90m│[39m
2026-08-29T15:12:29.7207412Z [90m  ├[39m[90m─[39m[90m─[39m[90m─[39m[90m─[39m[90m─[39m[90m─[39m[90m─[39m[90m─[39m[90m─[39m[90m─[39m[90m─[39m[90m─[39m[90m─[39m[90m─[39m[90m─[39m[90m─[39m[90m─[39m[90m─[39m[90m─[39m[90m─[39m[90m─[39m[90m─[39m[90m─[39m[90m─[39m[90m─[39m[90m─[39m[90m─[39m[90m─[39m[90m─[39m[90m─[39m[90m─[39m[90m─[39m[90m─[39m[90m─[39m[90m─[39m[90m─[39m[90m─[39m[90m─[39m[90m─[39m[90m─[39m[90m─[39m[90m─[39m[90m─[39m[90m─[39m[90m─[39m[90m─[39m[90m─[39m[90m─[39m[90m─[39m[90m─[39m[90m─[39m[90m─[39m[90m─[39m[90m─[39m[90m─[39m[90m─[39m[90m─[39m[90m─[39m[90m─[39m[90m─[39m[90m─[39m[90m─[39m[90m─[39m[90m─[39m[90m─[39m[90m─[39m[90m─[39m[90m─[39m[90m─[39m[90m─[39m[90m─[39m[90m─[39m[90m─[39m[90m─[39m[90m─[39m[90m─[39m[90m─[39m[90m─[39m[90m─[39m[90m─[39m[90m─[39m[90m─[39m[90m─[39m[90m─[39m[90m─[39m[90m─[39m[90m─[39m[90m─[39m[90m─[39m[90m─[39m[90m─[39m[90m─[39m[90m─[39m[90m─[39m[90m─[39m[90m─[39m[90m┤[39m
2026-08-29T15:12:29.7212955Z [90m  │[39m [31m✖[39m  [0mstatistics-children.cy.ts[0m                [90m00:14[39m       [0m11[0m       [32m10[39m        [31m1[39m        [90m-[39m        [90m-[39m [90m│[39m
2026-08-29T15:12:29.7219706Z [90m  ├[39m[90m─[39m[90m─[39m[90m─[39m[90m─[39m[90m─[39m[90m─[39m[90m─[39m[90m─[39m[90m─[39m[90m─[39m[90m─[39m[90m─[39m[90m─[39m[90m─[39m[90m─[39m[90m─[39m[90m─[39m[90m─[39m[90m─[39m[90m─[39m[90m─[39m[90m─[39m[90m─[39m[90m─[39m[90m─[39m[90m─[39m[90m─[39m[90m─[39m[90m─[39m[90m─[39m[90m─[39m[90m─[39m[90m─[39m[90m─[39m[90m─[39m[90m─[39m[90m─[39m[90m─[39m[90m─[39m[90m─[39m[90m─[39m[90m─[39m[90m─[39m[90m─[39m[90m─[39m[90m─[39m[90m─[39m[90m─[39m[90m─[39m[90m─[39m[90m─[39m[90m─[39m[90m─[39m[90m─[39m[90m─[39m[90m─[39m[90m─[39m[90m─[39m[90m─[39m[90m─[39m[90m─[39m[90m─[39m[90m─[39m[90m─[39m[90m─[39m[90m─[39m[90m─[39m[90m─[39m[90m─[39m[90m─[39m[90m─[39m[90m─[39m[90m─[39m[90m─[39m[90m─[39m[90m─[39m[90m─[39m[90m─[39m[90m─[39m[90m─[39m[90m─[39m[90m─[39m[90m─[39m[90m─[39m[90m─[39m[90m─[39m[90m─[39m[90m─[39m[90m─[39m[90m─[39m[90m─[39m[90m─[39m[90m─[39m[90m─[39m[90m─[39m[90m─[39m[90m┤[39m
2026-08-29T15:12:29.7224534Z [90m  │[39m [32m✔[39m  [0mstatistics-general.cy.ts[0m                 [90m00:27[39m       [0m18[0m       [32m18[39m        [90m-[39m        [90m-[39m        [90m-[39m [90m│[39m
2026-08-29T15:12:29.7231230Z [90m  ├[39m[90m─[39m[90m─[39m[90m─[39m[90m─[39m[90m─[39m[90m─[39m[90m─[39m[90m─[39m[90m─[39m[90m─[39m[90m─[39m[90m─[39m[90m─[39m[90m─[39m[90m─[39m[90m─[39m[90m─[39m[90m─[39m[90m─[39m[90m─[39m[90m─[39m[90m─[39m[90m─[39m[90m─[39m[90m─[39m[90m─[39m[90m─[39m[90m─[39m[90m─[39m[90m─[39m[90m─[39m[90m─[39m[90m─[39m[90m─[39m[90m─[39m[90m─[39m[90m─[39m[90m─[39m[90m─[39m[90m─[39m[90m─[39m[90m─[39m[90m─[39m[90m─[39m[90m─[39m[90m─[39m[90m─[39m[90m─[39m[90m─[39m[90m─[39m[90m─[39m[90m─[39m[90m─[39m[90m─[39m[90m─[39m[90m─[39m[90m─[39m[90m─[39m[90m─[39m[90m─[39m[90m─[39m[90m─[39m[90m─[39m[90m─[39m[90m─[39m[90m─[39m[90m─[39m[90m─[39m[90m─[39m[90m─[39m[90m─[39m[90m─[39m[90m─[39m[90m─[39m[90m─[39m[90m─[39m[90m─[39m[90m─[39m[90m─[39m[90m─[39m[90m─[39m[90m─[39m[90m─[39m[90m─[39m[90m─[39m[90m─[39m[90m─[39m[90m─[39m[90m─[39m[90m─[39m[90m─[39m[90m─[39m[90m─[39m[90m─[39m[90m─[39m[90m─[39m[90m┤[39m
2026-08-29T15:12:29.7236275Z [90m  │[39m [32m✔[39m  [0msupport-request.cy.ts[0m                    [90m00:09[39m        [0m3[0m        [32m3[39m        [90m-[39m        [90m-[39m        [90m-[39m [90m│[39m
2026-08-29T15:12:29.7243110Z [90m  ├[39m[90m─[39m[90m─[39m[90m─[39m[90m─[39m[90m─[39m[90m─[39m[90m─[39m[90m─[39m[90m─[39m[90m─[39m[90m─[39m[90m─[39m[90m─[39m[90m─[39m[90m─[39m[90m─[39m[90m─[39m[90m─[39m[90m─[39m[90m─[39m[90m─[39m[90m─[39m[90m─[39m[90m─[39m[90m─[39m[90m─[39m[90m─[39m[90m─[39m[90m─[39m[90m─[39m[90m─[39m[90m─[39m[90m─[39m[90m─[39m[90m─[39m[90m─[39m[90m─[39m[90m─[39m[90m─[39m[90m─[39m[90m─[39m[90m─[39m[90m─[39m[90m─[39m[90m─[39m[90m─[39m[90m─[39m[90m─[39m[90m─[39m[90m─[39m[90m─[39m[90m─[39m[90m─[39m[90m─[39m[90m─[39m[90m─[39m[90m─[39m[90m─[39m[90m─[39m[90m─[39m[90m─[39m[90m─[39m[90m─[39m[90m─[39m[90m─[39m[90m─[39m[90m─[39m[90m─[39m[90m─[39m[90m─[39m[90m─[39m[90m─[39m[90m─[39m[90m─[39m[90m─[39m[90m─[39m[90m─[39m[90m─[39m[90m─[39m[90m─[39m[90m─[39m[90m─[39m[90m─[39m[90m─[39m[90m─[39m[90m─[39m[90m─[39m[90m─[39m[90m─[39m[90m─[39m[90m─[39m[90m─[39m[90m─[39m[90m─[39m[90m─[39m[90m─[39m[90m┤[39m
2026-08-29T15:12:29.7248840Z [90m  │[39m [32m✔[39m  [0mticket-screen.cy.ts[0m                      [90m00:28[39m       [0m21[0m       [32m21[39m        [90m-[39m        [90m-[39m        [90m-[39m [90m│[39m
2026-08-29T15:12:29.7255738Z [90m  └[39m[90m─[39m[90m─[39m[90m─[39m[90m─[39m[90m─[39m[90m─[39m[90m─[39m[90m─[39m[90m─[39m[90m─[39m[90m─[39m[90m─[39m[90m─[39m[90m─[39m[90m─[39m[90m─[39m[90m─[39m[90m─[39m[90m─[39m[90m─[39m[90m─[39m[90m─[39m[90m─[39m[90m─[39m[90m─[39m[90m─[39m[90m─[39m[90m─[39m[90m─[39m[90m─[39m[90m─[39m[90m─[39m[90m─[39m[90m─[39m[90m─[39m[90m─[39m[90m─[39m[90m─[39m[90m─[39m[90m─[39m[90m─[39m[90m─[39m[90m─[39m[90m─[39m[90m─[39m[90m─[39m[90m─[39m[90m─[39m[90m─[39m[90m─[39m[90m─[39m[90m─[39m[90m─[39m[90m─[39m[90m─[39m[90m─[39m[90m─[39m[90m─[39m[90m─[39m[90m─[39m[90m─[39m[90m─[39m[90m─[39m[90m─[39m[90m─[39m[90m─[39m[90m─[39m[90m─[39m[90m─[39m[90m─[39m[90m─[39m[90m─[39m[90m─[39m[90m─[39m[90m─[39m[90m─[39m[90m─[39m[90m─[39m[90m─[39m[90m─[39m[90m─[39m[90m─[39m[90m─[39m[90m─[39m[90m─[39m[90m─[39m[90m─[39m[90m─[39m[90m─[39m[90m─[39m[90m─[39m[90m─[39m[90m─[39m[90m─[39m[90m─[39m[90m─[39m[90m┘[39m
2026-08-29T15:12:29.7265662Z [90m   [39m [31m✖[39m  [31m1 of 5 failed (20%)[39m                      [90m01:31[39m       [0m59[0m       [32m58[39m        [31m1[39m        [90m-[39m        [90m-[39m [90m [39m
2026-08-29T15:12:29.7268247Z 
2026-08-29T15:12:29.7325048Z [90m----------------------------------------------------------------------------------------------------[39m
2026-08-29T15:12:29.7325742Z 
2026-08-29T15:12:29.7326190Z   Debug faster with full visibility.
2026-08-29T15:12:29.7326480Z 
2026-08-29T15:12:29.7326797Z   Record to Cypress Cloud and get instant access to full test details and replays.
2026-08-29T15:12:29.7327325Z   Inspect the DOM, network events, and console logs exactly as they ran in CI.
2026-08-29T15:12:29.7327598Z 
2026-08-29T15:12:29.7327872Z   >> [36mhttps://on.cypress.io/cloud-get-started[39m
2026-08-29T15:12:29.7328097Z 
2026-08-29T15:12:29.7417473Z [90m----------------------------------------------------------------------------------------------------[39m
2026-08-29T15:12:34.9540625Z ##[error]Process completed with exit code 1.
2026-08-29T15:12:34.9602272Z ##[group]Run actions/upload-artifact@043fb46d1a93c77aae656e7c1c64a875d1fc6a0a
2026-08-29T15:12:34.9602670Z with:
2026-08-29T15:12:34.9602889Z   name: cypress-results-betrieb-2
2026-08-29T15:12:34.9603345Z   path: ./frontend/src/main/webapp/cypress/screenshots/
./frontend/src/main/webapp/cypress/videos/

2026-08-29T15:12:34.9603800Z   retention-days: 1
2026-08-29T15:12:34.9604028Z   if-no-files-found: warn
2026-08-29T15:12:34.9604272Z   compression-level: 6
2026-08-29T15:12:34.9604497Z   overwrite: false
2026-08-29T15:12:34.9604725Z   include-hidden-files: false
2026-08-29T15:12:34.9604967Z   archive: true
2026-08-29T15:12:34.9605172Z env:
2026-08-29T15:12:34.9605367Z   JAVA_VERSION: 26
2026-08-29T15:12:34.9605589Z   JAVA_DISTRIBUTION: corretto
2026-08-29T15:12:34.9606020Z   JAVA_HOME: /opt/hostedtoolcache/Java_Corretto_jdk/26.0.2-11.1/x64
2026-08-29T15:12:34.9606461Z   JAVA_HOME_26_X64: /opt/hostedtoolcache/Java_Corretto_jdk/26.0.2-11.1/x64
2026-08-29T15:12:34.9606867Z   MAVEN_ARGS: -ntp
2026-08-29T15:12:34.9607085Z ##[endgroup]
2026-08-29T15:12:35.0945555Z Multiple search paths detected. Calculating the least common ancestor of all paths
2026-08-29T15:12:35.0948124Z The least common ancestor is /home/runner/work/admin/admin/frontend/src/main/webapp/cypress. This will be the root directory of the artifact
2026-08-29T15:12:35.0949089Z With the provided path, there will be 6 files uploaded
2026-08-29T15:12:35.0953692Z Artifact name is valid!
2026-08-29T15:12:35.0954338Z Root directory input is valid!
2026-08-29T15:12:35.4428706Z Uploading artifact: cypress-results-betrieb-2.zip
2026-08-29T15:12:35.4465699Z Beginning upload of artifact content to blob storage
2026-08-29T15:12:36.5460263Z Uploaded bytes 8388608
2026-08-29T15:12:36.7265514Z Uploaded bytes 13760954
2026-08-29T15:12:36.7870163Z Finished uploading artifact content to blob storage!
2026-08-29T15:12:36.7871027Z SHA256 digest of uploaded artifact is e6868dc70a6fb08a996877f7ca97f9685e6133f25b48757618f5b1fcc3dd1976
2026-08-29T15:12:36.7871758Z Finalizing artifact upload
2026-08-29T15:12:37.1555239Z Artifact cypress-results-betrieb-2 successfully finalized. Artifact ID 9716860750
2026-08-29T15:12:37.1556600Z Artifact cypress-results-betrieb-2 has been successfully uploaded! Final size is 13760954 bytes. Artifact ID is 9716860750
2026-08-29T15:12:37.1559313Z Artifact download URL: https://github.com/wrk-tafel/admin/actions/runs/33259404646/artifacts/9716860750
2026-08-29T15:12:37.1743064Z Post job cleanup.
2026-08-29T15:12:37.2493914Z Post job cleanup.
2026-08-29T15:12:37.3348697Z [command]/usr/bin/git version
2026-08-29T15:12:37.3385823Z git version 2.55.0
2026-08-29T15:12:37.3416269Z Temporarily overriding HOME='/home/runner/work/_temp/09ed8c7c-748a-43d1-bd73-bdb04c2e14bb' before making global git config changes
2026-08-29T15:12:37.3417979Z Adding repository directory to the temporary git global config as a safe directory
2026-08-29T15:12:37.3421659Z [command]/usr/bin/git config --global --add safe.directory /home/runner/work/admin/admin
2026-08-29T15:12:37.3449315Z Removing SSH command configuration
2026-08-29T15:12:37.3455496Z [command]/usr/bin/git config --local --name-only --get-regexp core\.sshCommand
2026-08-29T15:12:37.3486625Z [command]/usr/bin/git submodule foreach --recursive sh -c "git config --local --name-only --get-regexp 'core\.sshCommand' && git config --local --unset-all 'core.sshCommand' || :"
2026-08-29T15:12:37.3680271Z Removing HTTP extra header
2026-08-29T15:12:37.3684519Z [command]/usr/bin/git config --local --name-only --get-regexp http\.https\:\/\/github\.com\/\.extraheader
2026-08-29T15:12:37.3712004Z [command]/usr/bin/git submodule foreach --recursive sh -c "git config --local --name-only --get-regexp 'http\.https\:\/\/github\.com\/\.extraheader' && git config --local --unset-all 'http.https://github.com/.extraheader' || :"
2026-08-29T15:12:37.3906398Z Removing includeIf entries pointing to credentials config files
2026-08-29T15:12:37.3914469Z [command]/usr/bin/git config --local --name-only --get-regexp ^includeIf\.gitdir:
2026-08-29T15:12:37.3938723Z includeif.gitdir:/home/runner/work/admin/admin/.git.path
2026-08-29T15:12:37.3939485Z includeif.gitdir:/home/runner/work/admin/admin/.git/worktrees/*.path
2026-08-29T15:12:37.3940142Z includeif.gitdir:/github/workspace/.git.path
2026-08-29T15:12:37.3940765Z includeif.gitdir:/github/workspace/.git/worktrees/*.path
2026-08-29T15:12:37.3949703Z [command]/usr/bin/git config --local --get-all includeif.gitdir:/home/runner/work/admin/admin/.git.path
2026-08-29T15:12:37.3970202Z /home/runner/work/_temp/git-credentials-91939cd4-9783-4b40-908c-134d96adbe46.config
2026-08-29T15:12:37.3979477Z [command]/usr/bin/git config --local --unset includeif.gitdir:/home/runner/work/admin/admin/.git.path \/home\/runner\/work\/_temp\/git\-credentials\-91939cd4\-9783\-4b40\-908c\-134d96adbe46\.config
2026-08-29T15:12:37.4010300Z [command]/usr/bin/git config --local --get-all includeif.gitdir:/home/runner/work/admin/admin/.git/worktrees/*.path
2026-08-29T15:12:37.4037375Z /home/runner/work/_temp/git-credentials-91939cd4-9783-4b40-908c-134d96adbe46.config
2026-08-29T15:12:37.4047312Z [command]/usr/bin/git config --local --unset includeif.gitdir:/home/runner/work/admin/admin/.git/worktrees/*.path \/home\/runner\/work\/_temp\/git\-credentials\-91939cd4\-9783\-4b40\-908c\-134d96adbe46\.config
2026-08-29T15:12:37.4077497Z [command]/usr/bin/git config --local --get-all includeif.gitdir:/github/workspace/.git.path
2026-08-29T15:12:37.4098656Z /github/runner_temp/git-credentials-91939cd4-9783-4b40-908c-134d96adbe46.config
2026-08-29T15:12:37.4106201Z [command]/usr/bin/git config --local --unset includeif.gitdir:/github/workspace/.git.path \/github\/runner_temp\/git\-credentials\-91939cd4\-9783\-4b40\-908c\-134d96adbe46\.config
2026-08-29T15:12:37.4134622Z [command]/usr/bin/git config --local --get-all includeif.gitdir:/github/workspace/.git/worktrees/*.path
2026-08-29T15:12:37.4158020Z /github/runner_temp/git-credentials-91939cd4-9783-4b40-908c-134d96adbe46.config
2026-08-29T15:12:37.4161106Z [command]/usr/bin/git config --local --unset includeif.gitdir:/github/workspace/.git/worktrees/*.path \/github\/runner_temp\/git\-credentials\-91939cd4\-9783\-4b40\-908c\-134d96adbe46\.config
2026-08-29T15:12:37.4196984Z [command]/usr/bin/git submodule foreach --recursive git config --local --show-origin --name-only --get-regexp remote.origin.url
2026-08-29T15:12:37.4376837Z Removing credentials config '/home/runner/work/_temp/git-credentials-91939cd4-9783-4b40-908c-134d96adbe46.config'
2026-08-29T15:12:37.4468309Z Print service container logs: ddcdb419149b42baa414527bb012e9e1_postgres18bookworm_8eae63
2026-08-29T15:12:37.4472462Z ##[command]/usr/bin/docker logs --details 50febfa399f3c07acca9f2e1f8b83eca29940cf4826df808103fc3fe5c21e76b
2026-08-29T15:12:37.4595794Z  initdb: warning: enabling "trust" authentication for local connections
2026-08-29T15:12:37.4596739Z  The files belonging to this database system will be owned by user "postgres".
2026-08-29T15:12:37.4597349Z  This user must also own the server process.
2026-08-29T15:12:37.4597632Z  
2026-08-29T15:12:37.4597912Z  The database cluster will be initialized with locale "en_US.utf8".
2026-08-29T15:12:37.4598326Z  The default database encoding has accordingly been set to "UTF8".
2026-08-29T15:12:37.4598726Z  The default text search configuration will be set to "english".
2026-08-29T15:12:37.4599035Z  
2026-08-29T15:12:37.4599231Z  Data page checksums are enabled.
2026-08-29T15:12:37.4599480Z  
2026-08-29T15:12:37.4599820Z  fixing permissions on existing directory /var/lib/postgresql/18/docker ... ok
2026-08-29T15:12:37.4600205Z  creating subdirectories ... ok
2026-08-29T15:12:37.4600523Z  selecting dynamic shared memory implementation ... posix
2026-08-29T15:12:37.4601164Z  initdb: hint: You can change this by editing pg_hba.conf or using the option -A, or --auth-local and --auth-host, the next time you run initdb.
2026-08-29T15:12:37.4602017Z  2026-08-29 15:09:30.035 UTC [1] LOG:  starting PostgreSQL 18.6 (Debian 18.6-1.pgdg12+2) on x86_64-pc-linux-gnu, compiled by gcc (Debian 12.2.0-14+deb12u1) 12.2.0, 64-bit
2026-08-29T15:12:37.4602932Z  2026-08-29 15:09:30.035 UTC [1] LOG:  listening on IPv4 address "0.0.0.0", port 5432
2026-08-29T15:12:37.4603385Z  2026-08-29 15:09:30.035 UTC [1] LOG:  listening on IPv6 address "::", port 5432
2026-08-29T15:12:37.4603871Z  2026-08-29 15:09:30.037 UTC [1] LOG:  listening on Unix socket "/var/run/postgresql/.s.PGSQL.5432"
2026-08-29T15:12:37.4604400Z  2026-08-29 15:09:30.040 UTC [76] LOG:  database system was shut down at 2026-08-29 15:09:29 UTC
2026-08-29T15:12:37.4604876Z  2026-08-29 15:09:30.043 UTC [1] LOG:  database system is ready to accept connections
2026-08-29T15:12:37.4605295Z  2026-08-29 15:09:38.772 UTC [87] FATAL:  role "root" does not exist
2026-08-29T15:12:37.4605674Z  2026-08-29 15:09:48.831 UTC [95] FATAL:  role "root" does not exist
2026-08-29T15:12:37.4606318Z  2026-08-29 15:09:58.905 UTC [103] FATAL:  role "root" does not exist
2026-08-29T15:12:37.4606833Z  2026-08-29 15:10:08.998 UTC [113] FATAL:  role "root" does not exist
2026-08-29T15:12:37.4607345Z  2026-08-29 15:10:19.058 UTC [121] FATAL:  role "root" does not exist
2026-08-29T15:12:37.4607869Z  2026-08-29 15:10:29.146 UTC [133] FATAL:  role "root" does not exist
2026-08-29T15:12:37.4608415Z  2026-08-29 15:10:39.211 UTC [160] FATAL:  role "root" does not exist
2026-08-29T15:12:37.4608938Z  2026-08-29 15:10:49.272 UTC [169] FATAL:  role "root" does not exist
2026-08-29T15:12:37.4609440Z  2026-08-29 15:10:59.363 UTC [177] FATAL:  role "root" does not exist
2026-08-29T15:12:37.4609961Z  2026-08-29 15:11:09.454 UTC [186] FATAL:  role "root" does not exist
2026-08-29T15:12:37.4610471Z  2026-08-29 15:11:19.549 UTC [194] FATAL:  role "root" does not exist
2026-08-29T15:12:37.4610989Z  2026-08-29 15:11:29.622 UTC [203] FATAL:  role "root" does not exist
2026-08-29T15:12:37.4611525Z  2026-08-29 15:11:39.697 UTC [212] FATAL:  role "root" does not exist
2026-08-29T15:12:37.4612141Z  2026-08-29 15:11:49.763 UTC [221] FATAL:  role "root" does not exist
2026-08-29T15:12:37.4612698Z  2026-08-29 15:11:59.827 UTC [229] FATAL:  role "root" does not exist
2026-08-29T15:12:37.4613168Z  2026-08-29 15:12:09.897 UTC [238] FATAL:  role "root" does not exist
2026-08-29T15:12:37.4613625Z  2026-08-29 15:12:19.979 UTC [246] FATAL:  role "root" does not exist
2026-08-29T15:12:37.4614080Z  2026-08-29 15:12:30.036 UTC [255] FATAL:  role "root" does not exist
2026-08-29T15:12:37.4614530Z  selecting default "max_connections" ... 100
2026-08-29T15:12:37.4615172Z  selecting default "shared_buffers" ... 128MB
2026-08-29T15:12:37.4615622Z  selecting default time zone ... Etc/UTC
2026-08-29T15:12:37.4616164Z  creating configuration files ... ok
2026-08-29T15:12:37.4616607Z  running bootstrap script ... ok
2026-08-29T15:12:37.4617199Z  performing post-bootstrap initialization ... ok
2026-08-29T15:12:37.4617592Z  syncing data to disk ... ok
2026-08-29T15:12:37.4617869Z  
2026-08-29T15:12:37.4618054Z  
2026-08-29T15:12:37.4618304Z  Success. You can now start the database server using:
2026-08-29T15:12:37.4618604Z  
2026-08-29T15:12:37.4618864Z      pg_ctl -D /var/lib/postgresql/18/docker -l logfile start
2026-08-29T15:12:37.4619178Z  
2026-08-29T15:12:37.4619771Z  waiting for server to start....2026-08-29 15:09:29.632 UTC [54] LOG:  starting PostgreSQL 18.6 (Debian 18.6-1.pgdg12+2) on x86_64-pc-linux-gnu, compiled by gcc (Debian 12.2.0-14+deb12u1) 12.2.0, 64-bit
2026-08-29T15:12:37.4620568Z  2026-08-29 15:09:29.633 UTC [54] LOG:  listening on Unix socket "/var/run/postgresql/.s.PGSQL.5432"
2026-08-29T15:12:37.4621088Z  2026-08-29 15:09:29.636 UTC [60] LOG:  database system was shut down at 2026-08-29 15:09:29 UTC
2026-08-29T15:12:37.4621564Z  2026-08-29 15:09:29.638 UTC [54] LOG:  database system is ready to accept connections
2026-08-29T15:12:37.4621909Z   done
2026-08-29T15:12:37.4622112Z  server started
2026-08-29T15:12:37.4622327Z  CREATE DATABASE
2026-08-29T15:12:37.4622534Z  
2026-08-29T15:12:37.4622807Z  
2026-08-29T15:12:37.4623127Z  /usr/local/bin/docker-entrypoint.sh: ignoring /docker-entrypoint-initdb.d/*
2026-08-29T15:12:37.4623502Z  
2026-08-29T15:12:37.4623845Z  waiting for server to shut down....2026-08-29 15:09:29.815 UTC [54] LOG:  received fast shutdown request
2026-08-29T15:12:37.4624348Z  2026-08-29 15:09:29.816 UTC [54] LOG:  aborting any active transactions
2026-08-29T15:12:37.4624884Z  2026-08-29 15:09:29.818 UTC [54] LOG:  background worker "logical replication launcher" (PID 63) exited with exit code 1
2026-08-29T15:12:37.4625391Z  2026-08-29 15:09:29.819 UTC [58] LOG:  shutting down
2026-08-29T15:12:37.4625764Z  2026-08-29 15:09:29.819 UTC [58] LOG:  checkpoint starting: shutdown immediate
2026-08-29T15:12:37.4626948Z  2026-08-29 15:09:29.944 UTC [58] LOG:  checkpoint complete: wrote 941 buffers (5.7%), wrote 3 SLRU buffers; 0 WAL file(s) added, 0 removed, 0 recycled; write=0.069 s, sync=0.054 s, total=0.126 s; sync files=303, longest=0.034 s, average=0.001 s; distance=4334 kB, estimate=4334 kB; lsn=0/1B94F70, redo lsn=0/1B94F70
2026-08-29T15:12:37.4627949Z  2026-08-29 15:09:29.953 UTC [54] LOG:  database system is shut down
2026-08-29T15:12:37.4628265Z   done
2026-08-29T15:12:37.4628470Z  server stopped
2026-08-29T15:12:37.4628673Z  
2026-08-29T15:12:37.4628939Z  PostgreSQL init process complete; ready for start up.
2026-08-29T15:12:37.4629239Z  
2026-08-29T15:12:37.4634296Z Stop and remove container: ddcdb419149b42baa414527bb012e9e1_postgres18bookworm_8eae63
2026-08-29T15:12:37.4638861Z ##[command]/usr/bin/docker rm --force 50febfa399f3c07acca9f2e1f8b83eca29940cf4826df808103fc3fe5c21e76b
2026-08-29T15:12:37.7144640Z 50febfa399f3c07acca9f2e1f8b83eca29940cf4826df808103fc3fe5c21e76b
2026-08-29T15:12:37.7164598Z Remove container network: github_network_4a895e5d4d414da7bb42e625cb692664
2026-08-29T15:12:37.7168714Z ##[command]/usr/bin/docker network rm github_network_4a895e5d4d414da7bb42e625cb692664
2026-08-29T15:12:37.7996814Z github_network_4a895e5d4d414da7bb42e625cb692664
2026-08-29T15:12:37.8069631Z Cleaning up orphan processes
2026-08-29T15:12:37.8321933Z Terminate orphan process: pid (2745) (java)
