#
# There is insufficient memory for the Java Runtime Environment to continue.
# Native memory allocation (malloc) failed to allocate 12595800 bytes. Error detail: Chunk::new
# Possible reasons:
#   The system is out of physical RAM or swap space
#   This process is running with CompressedOops enabled, and the Java Heap may be blocking the growth of the native heap
# Possible solutions:
#   Reduce memory load on the system
#   Increase physical memory or swap space
#   Check if swap backing store is full
#   Decrease Java heap size (-Xmx/-Xms)
#   Decrease number of Java threads
#   Decrease Java thread stack sizes (-Xss)
#   Set larger code cache with -XX:ReservedCodeCacheSize=
#   JVM is running with Unscaled Compressed Oops mode in which the Java heap is
#     placed in the first 4GB address space. The Java Heap base address is the
#     maximum limit for the native heap growth. Please use -XX:HeapBaseMinAddress
#     to set the Java Heap base and to place the Java Heap above 4GB virtual address.
# This output file may be truncated or incomplete.
#
#  Out of Memory Error (arena.cpp:193), pid=63584, tid=39752
#
# JRE version: OpenJDK Runtime Environment Corretto-26.0.1.8.1 (26.0.1+8) (build 26.0.1+8-FR)
# Java VM: OpenJDK 64-Bit Server VM Corretto-26.0.1.8.1 (26.0.1+8-FR, mixed mode, sharing, tiered, compressed oops, compressed class ptrs, g1 gc, windows-amd64)
# No core dump will be written. Minidumps are not enabled by default on client versions of Windows
#

---------------  S U M M A R Y ------------

Command Line: -Dorg.gradle.internal.worker.tmpdir=C:\development\repos\admin2\backend\build\tmp\test\work -Duser.timezone=Europe/Vienna -javaagent:C:\development\repos\admin2\backend\build\tmp\.cache\expanded\zip_27729b840c216bdc69a9315e04b27ab1\jacocoagent.jar=destfile=build/jacoco/test.exec,append=true,inclnolocationclasses=false,dumponexit=true,output=file,jmx=false -Xmx512m -Dfile.encoding=UTF-8 -Duser.country=DE -Duser.language=de -Duser.variant -ea worker.org.gradle.process.internal.worker.GradleWorkerMain 'Gradle Test Executor 5'

Host: 12th Gen Intel(R) Core(TM) i7-12700K, 20 cores, 31G,  Windows 11 , 64 bit Build 26100 (10.0.26100.8875)
Time: Sun Aug  9 21:58:05 2026 Mitteleuropäische Sommerzeit elapsed time: 689.084876 seconds (0d 0h 11m 29s)

---------------  T H R E A D  ---------------

Current thread (0x000001c77e87e530):  JavaThread "C2 CompilerThread0" daemon [_thread_in_native, id=39752, stack(0x0000009463100000,0x0000009463200000) (1024K)]


Current CompileTask:
C2:689084 62140       4       org.postgresql.core.v3.QueryExecutorImpl::sendParse (708 bytes)

Stack: [0x0000009463100000,0x0000009463200000]
Native frames: (J=compiled Java code, j=interpreted, Vv=VM code, C=native code)
V  [jvm.dll+0x7e03f9]  (no source info available)
V  [jvm.dll+0x7ace2d]  (no source info available)
V  [jvm.dll+0xa49872]  (no source info available)
V  [jvm.dll+0xa4bcb5]  (no source info available)
V  [jvm.dll+0xa4c393]  (no source info available)
V  [jvm.dll+0x315c96]  (no source info available)
V  [jvm.dll+0x11fe76]  (no source info available)
V  [jvm.dll+0x1201a6]  (no source info available)
V  [jvm.dll+0x1b72d6]  (no source info available)
V  [jvm.dll+0x3d2bb2]  (no source info available)
V  [jvm.dll+0x7e8f80]  (no source info available)
V  [jvm.dll+0x2d8a07]  (no source info available)
V  [jvm.dll+0x2d791e]  (no source info available)
V  [jvm.dll+0x24e230]  (no source info available)
V  [jvm.dll+0x2e77e0]  (no source info available)
V  [jvm.dll+0x2e59cd]  (no source info available)
V  [jvm.dll+0x4ad045]  (no source info available)
V  [jvm.dll+0x9e7ec9]  (no source info available)
V  [jvm.dll+0x7e1e38]  (no source info available)
C  [ucrtbase.dll+0x2cd30]  (no source info available)
C  [KERNEL32.DLL+0x2e957]  (no source info available)
C  [ntdll.dll+0xaad6c]  (no source info available)

Lock stack of current Java thread (top to bottom):


---------------  P R O C E S S  ---------------

Threads class SMR info:
_java_thread_list=0x000001c71f832140, length=83, elements={
0x000001c77a724660, 0x000001c77e866a10, 0x000001c77e8671c0, 0x000001c77e867eb0,
0x000001c77e868cc0, 0x000001c77e86a430, 0x000001c77e86cff0, 0x000001c77e87e530,
0x000001c77e8840e0, 0x000001c71c19dd20, 0x000001c71ce0b0b0, 0x000001c71e932ea0,
0x000001c71dab1df0, 0x000001c71f424780, 0x000001c71f525010, 0x000001c720da3e20,
0x000001c720da8c40, 0x000001c720da9410, 0x000001c720b9b730, 0x000001c720b99fc0,
0x000001c720b997f0, 0x000001c720b98080, 0x000001c720b99020, 0x000001c72155a0a0,
0x000001c7215569f0, 0x000001c72155a870, 0x000001c72155b040, 0x000001c72155b810,
0x000001c721558930, 0x000001c721559100, 0x000001c72155cf80, 0x000001c720f988b0,
0x000001c720f961a0, 0x000001c720f96970, 0x000001c720f99080, 0x000001c720f97910,
0x000001c7216938c0, 0x000001c721692150, 0x000001c721694090, 0x000001c7207f21f0,
0x000001c7207f4130, 0x000001c7207f29c0, 0x000001c7207f4900, 0x000001c7207f8780,
0x000001c7207f8f50, 0x000001c7207fa6c0, 0x000001c71e0439a0, 0x000001c7253ab800,
0x000001c7207ecc00, 0x000001c7207f7fb0, 0x000001c71ebc4350, 0x000001c720daa3b0,
0x000001c7253a5a40, 0x000001c7253ab030, 0x000001c7270ad190, 0x000001c7270aa2b0,
0x000001c7270af8a0, 0x000001c7207efae0, 0x000001c721697f10, 0x000001c7207edba0,
0x000001c71fe367f0, 0x000001c71e042a00, 0x000001c7270b0070, 0x000001c71d63f540,
0x000001c77e877f90, 0x000001c7261d1000, 0x000001c7261d17d0, 0x000001c7261d1fa0,
0x000001c7261d3710, 0x000001c7261d2f40, 0x000001c7261d4e80, 0x000001c7261d3ee0,
0x000001c7261d46b0, 0x000001c7261d8530, 0x000001c7261dc3b0, 0x000001c7261e5050,
0x000001c7261e7760, 0x000001c7261ed520, 0x000001c7261ef460, 0x000001c726d77fa0,
0x000001c726d777d0, 0x000001c726d7dd60, 0x000001c726d8b050
}

Java Threads: ( => current thread )
  0x000001c77a724660 JavaThread "Test worker"                       [_thread_in_native, id=24328, stack(0x0000009462200000,0x0000009462300000) (1024K)]
  0x000001c77e866a10 JavaThread "Reference Handler"          daemon [_thread_blocked, id=66396, stack(0x0000009462b00000,0x0000009462c00000) (1024K)]
  0x000001c77e8671c0 JavaThread "Finalizer"                  daemon [_thread_blocked, id=67380, stack(0x0000009462c00000,0x0000009462d00000) (1024K)]
  0x000001c77e867eb0 JavaThread "Signal Dispatcher"          daemon [_thread_blocked, id=23576, stack(0x0000009462d00000,0x0000009462e00000) (1024K)]
  0x000001c77e868cc0 JavaThread "Attach Listener"            daemon [_thread_blocked, id=18636, stack(0x0000009462e00000,0x0000009462f00000) (1024K)]
  0x000001c77e86a430 JavaThread "Service Thread"             daemon [_thread_blocked, id=11556, stack(0x0000009462f00000,0x0000009463000000) (1024K)]
  0x000001c77e86cff0 JavaThread "Monitor Deflation Thread"   daemon [_thread_blocked, id=44664, stack(0x0000009463000000,0x0000009463100000) (1024K)]
=>0x000001c77e87e530 JavaThread "C2 CompilerThread0"         daemon [_thread_in_native, id=39752, stack(0x0000009463100000,0x0000009463200000) (1024K)]
  0x000001c77e8840e0 JavaThread "C1 CompilerThread0"         daemon [_thread_blocked, id=44840, stack(0x0000009463200000,0x0000009463300000) (1024K)]
  0x000001c71c19dd20 JavaThread "Common-Cleaner"             daemon [_thread_blocked, id=48348, stack(0x0000009463500000,0x0000009463600000) (1024K)]
  0x000001c71ce0b0b0 JavaThread "Notification Thread"        daemon [_thread_blocked, id=56972, stack(0x0000009463b00000,0x0000009463c00000) (1024K)]
  0x000001c71e932ea0 JavaThread "/127.0.0.1:49284 to /127.0.0.1:49283 workers"        [_thread_blocked, id=63676, stack(0x0000009464100000,0x0000009464200000) (1024K)]
  0x000001c71dab1df0 JavaThread "InnocuousThread-1"          daemon [_thread_blocked, id=10652, stack(0x0000009464200000,0x0000009464300000) (1024K)]
  0x000001c71f424780 JavaThread "/127.0.0.1:49284 to /127.0.0.1:49283 workers Thread 2"        [_thread_blocked, id=22124, stack(0x0000009464300000,0x0000009464400000) (1024K)]
  0x000001c71f525010 JavaThread "/127.0.0.1:49284 to /127.0.0.1:49283 workers Thread 3"        [_thread_in_native, id=23404, stack(0x0000009464400000,0x0000009464500000) (1024K)]
  0x000001c720da3e20 JavaThread "InnocuousThread-2"          daemon [_thread_in_native, id=64096, stack(0x0000009465400000,0x0000009465500000) (1024K)]
  0x000001c720da8c40 JavaThread "InnocuousThread-3"          daemon [_thread_in_native, id=65020, stack(0x0000009465500000,0x0000009465600000) (1024K)]
  0x000001c720da9410 JavaThread "InnocuousThread-4"          daemon [_thread_in_native, id=31556, stack(0x0000009465600000,0x0000009465700000) (1024K)]
  0x000001c720b9b730 JavaThread "InnocuousThread-5"          daemon [_thread_in_native, id=64540, stack(0x0000009465700000,0x0000009465800000) (1024K)]
  0x000001c720b99fc0 JavaThread "InnocuousThread-6"          daemon [_thread_in_native, id=66796, stack(0x0000009465800000,0x0000009465900000) (1024K)]
  0x000001c720b997f0 JavaThread "InnocuousThread-7"          daemon [_thread_in_native, id=37968, stack(0x0000009465900000,0x0000009465a00000) (1024K)]
  0x000001c720b98080 JavaThread "InnocuousThread-8"          daemon [_thread_in_native, id=34936, stack(0x0000009465a00000,0x0000009465b00000) (1024K)]
  0x000001c720b99020 JavaThread "InnocuousThread-9"          daemon [_thread_in_native, id=56836, stack(0x0000009465b00000,0x0000009465c00000) (1024K)]
  0x000001c72155a0a0 JavaThread "InnocuousThread-10"         daemon [_thread_in_native, id=51984, stack(0x0000009465c00000,0x0000009465d00000) (1024K)]
  0x000001c7215569f0 JavaThread "InnocuousThread-11"         daemon [_thread_in_native, id=67936, stack(0x0000009465d00000,0x0000009465e00000) (1024K)]
  0x000001c72155a870 JavaThread "InnocuousThread-12"         daemon [_thread_in_native, id=9780, stack(0x0000009465e00000,0x0000009465f00000) (1024K)]
  0x000001c72155b040 JavaThread "InnocuousThread-13"         daemon [_thread_in_native, id=45164, stack(0x0000009465f00000,0x0000009466000000) (1024K)]
  0x000001c72155b810 JavaThread "InnocuousThread-14"         daemon [_thread_in_native, id=20132, stack(0x0000009466000000,0x0000009466100000) (1024K)]
  0x000001c721558930 JavaThread "InnocuousThread-15"         daemon [_thread_in_native, id=39496, stack(0x0000009466100000,0x0000009466200000) (1024K)]
  0x000001c721559100 JavaThread "InnocuousThread-16"         daemon [_thread_in_native, id=66764, stack(0x0000009466200000,0x0000009466300000) (1024K)]
  0x000001c72155cf80 JavaThread "InnocuousThread-17"         daemon [_thread_in_native, id=12304, stack(0x0000009466300000,0x0000009466400000) (1024K)]
  0x000001c720f988b0 JavaThread "InnocuousThread-18"         daemon [_thread_in_native, id=56432, stack(0x0000009466400000,0x0000009466500000) (1024K)]
  0x000001c720f961a0 JavaThread "InnocuousThread-19"         daemon [_thread_in_native, id=47456, stack(0x0000009466500000,0x0000009466600000) (1024K)]
  0x000001c720f96970 JavaThread "InnocuousThread-20"         daemon [_thread_in_native, id=25648, stack(0x0000009466600000,0x0000009466700000) (1024K)]
  0x000001c720f99080 JavaThread "InnocuousThread-21"         daemon [_thread_in_native, id=52200, stack(0x0000009466700000,0x0000009466800000) (1024K)]
  0x000001c720f97910 JavaThread "InnocuousThread-22"         daemon [_thread_in_native, id=60932, stack(0x0000009466800000,0x0000009466900000) (1024K)]
  0x000001c7216938c0 JavaThread "testcontainers-ryuk"        daemon [_thread_blocked, id=47628, stack(0x0000009463a00000,0x0000009463b00000) (1024K)]
  0x000001c721692150 JavaThread "Cleaner-0"                  daemon [_thread_blocked, id=57832, stack(0x0000009464a00000,0x0000009464b00000) (1024K)]
  0x000001c721694090 JavaThread "HikariPool-1:housekeeper"   daemon [_thread_blocked, id=67572, stack(0x0000009463f00000,0x0000009464000000) (1024K)]
  0x000001c7207f21f0 JavaThread "DefaultDispatcher-worker-1 @coroutine#3" daemon [_thread_in_native, id=52600, stack(0x0000009463c00000,0x0000009463d00000) (1024K)]
  0x000001c7207f4130 JavaThread "DefaultDispatcher-worker-2 @coroutine#1" daemon [_thread_in_native, id=23332, stack(0x0000009463e00000,0x0000009463f00000) (1024K)]
  0x000001c7207f29c0 JavaThread "DefaultDispatcher-worker-3 @coroutine#2" daemon [_thread_in_native, id=64048, stack(0x0000009464b00000,0x0000009464c00000) (1024K)]
  0x000001c7207f4900 JavaThread "VirtualThread-unblocker"    daemon [_thread_blocked, id=68408, stack(0x0000009465300000,0x0000009465400000) (1024K)]
  0x000001c7207f8780 JavaThread "ForkJoinPool-1-worker-1"    daemon [_thread_in_native, id=23108, stack(0x0000009466900000,0x0000009466a00000) (1024K)]
  0x000001c7207f8f50 JavaThread "ForkJoinPool-1-worker-2"    daemon [_thread_in_native, id=48832, stack(0x0000009466a00000,0x0000009466b00000) (1024K)]
  0x000001c7207fa6c0 JavaThread "ForkJoinPool-1-worker-3"    daemon [_thread_in_native, id=46716, stack(0x0000009466b00000,0x0000009466c00000) (1024K)]
  0x000001c71e0439a0 JavaThread "scheduling-1"                      [_thread_blocked, id=38392, stack(0x0000009466d00000,0x0000009466e00000) (1024K)]
  0x000001c7253ab800 JavaThread "HikariPool-2:housekeeper"   daemon [_thread_blocked, id=24776, stack(0x0000009462000000,0x0000009462100000) (1024K)]
  0x000001c7207ecc00 JavaThread "ForkJoinPool-1-worker-4"    daemon [_thread_in_native, id=67788, stack(0x0000009466c00000,0x0000009466d00000) (1024K)]
  0x000001c7207f7fb0 JavaThread "ForkJoinPool-1-worker-5"    daemon [_thread_in_native, id=65220, stack(0x0000009466e00000,0x0000009466f00000) (1024K)]
  0x000001c71ebc4350 JavaThread "scheduling-1"                      [_thread_blocked, id=27348, stack(0x0000009466f00000,0x0000009467000000) (1024K)]
  0x000001c720daa3b0 JavaThread "Java2D Disposer"            daemon [_thread_blocked, id=22004, stack(0x0000009467000000,0x0000009467100000) (1024K)]
  0x000001c7253a5a40 JavaThread "ForkJoinPool-1-worker-6"    daemon [_thread_in_native, id=26508, stack(0x0000009467200000,0x0000009467300000) (1024K)]
  0x000001c7253ab030 JavaThread "ForkJoinPool-1-worker-7"    daemon [_thread_in_native, id=37448, stack(0x0000009467600000,0x0000009467700000) (1024K)]
  0x000001c7270ad190 JavaThread "Catalina-utility-1"                [_thread_blocked, id=58524, stack(0x0000009463400000,0x0000009463500000) (1024K)]
  0x000001c7270aa2b0 JavaThread "Catalina-utility-2"                [_thread_blocked, id=28740, stack(0x0000009467100000,0x0000009467200000) (1024K)]
  0x000001c7270af8a0 JavaThread "container-0"                       [_thread_blocked, id=46168, stack(0x0000009467300000,0x0000009467400000) (1024K)]
  0x000001c7207efae0 JavaThread "HikariPool-3:housekeeper"   daemon [_thread_blocked, id=65936, stack(0x0000009467800000,0x0000009467900000) (1024K)]
  0x000001c721697f10 JavaThread "DefaultDispatcher-worker-4" daemon [_thread_blocked, id=28092, stack(0x0000009467400000,0x0000009467500000) (1024K)]
  0x000001c7207edba0 JavaThread "DefaultDispatcher-worker-5" daemon [_thread_blocked, id=66812, stack(0x0000009467500000,0x0000009467600000) (1024K)]
  0x000001c71fe367f0 JavaThread "ForkJoinPool-1-worker-8"    daemon [_thread_blocked, id=62580, stack(0x0000009467a00000,0x0000009467b00000) (1024K)]
  0x000001c71e042a00 JavaThread "http-nio-auto-1-exec-1"     daemon [_thread_blocked, id=42976, stack(0x0000009467b00000,0x0000009467c00000) (1024K)]
  0x000001c7270b0070 JavaThread "http-nio-auto-1-exec-2"     daemon [_thread_blocked, id=25740, stack(0x0000009467c00000,0x0000009467d00000) (1024K)]
  0x000001c71d63f540 JavaThread "http-nio-auto-1-exec-3"     daemon [_thread_blocked, id=23640, stack(0x0000009467d00000,0x0000009467e00000) (1024K)]
  0x000001c77e877f90 JavaThread "http-nio-auto-1-exec-4"     daemon [_thread_blocked, id=61244, stack(0x0000009467e00000,0x0000009467f00000) (1024K)]
  0x000001c7261d1000 JavaThread "http-nio-auto-1-exec-5"     daemon [_thread_blocked, id=61584, stack(0x0000009467f00000,0x0000009468000000) (1024K)]
  0x000001c7261d17d0 JavaThread "http-nio-auto-1-exec-6"     daemon [_thread_blocked, id=38976, stack(0x0000009468000000,0x0000009468100000) (1024K)]
  0x000001c7261d1fa0 JavaThread "http-nio-auto-1-exec-7"     daemon [_thread_blocked, id=5808, stack(0x0000009468100000,0x0000009468200000) (1024K)]
  0x000001c7261d3710 JavaThread "http-nio-auto-1-exec-8"     daemon [_thread_blocked, id=65528, stack(0x0000009468200000,0x0000009468300000) (1024K)]
  0x000001c7261d2f40 JavaThread "http-nio-auto-1-exec-9"     daemon [_thread_blocked, id=19736, stack(0x0000009468300000,0x0000009468400000) (1024K)]
  0x000001c7261d4e80 JavaThread "http-nio-auto-1-exec-10"    daemon [_thread_blocked, id=65764, stack(0x0000009468400000,0x0000009468500000) (1024K)]
  0x000001c7261d3ee0 JavaThread "http-nio-auto-1-Poller"     daemon [_thread_in_native, id=61932, stack(0x0000009468500000,0x0000009468600000) (1024K)]
  0x000001c7261d46b0 JavaThread "http-nio-auto-1-Acceptor"   daemon [_thread_in_native, id=48800, stack(0x0000009468600000,0x0000009468700000) (1024K)]
  0x000001c7261d8530 JavaThread "scheduling-1"                      [_thread_blocked, id=60256, stack(0x0000009468700000,0x0000009468800000) (1024K)]
  0x000001c7261dc3b0 JavaThread "ForkJoinPool-1-worker-9"    daemon [_thread_blocked, id=10920, stack(0x0000009468b00000,0x0000009468c00000) (1024K)]
  0x000001c7261e5050 JavaThread "ForkJoinPool-1-worker-10"   daemon [_thread_blocked, id=42104, stack(0x0000009468e00000,0x0000009468f00000) (1024K)]
  0x000001c7261e7760 JavaThread "ForkJoinPool-1-worker-11"   daemon [_thread_blocked, id=61748, stack(0x0000009469200000,0x0000009469300000) (1024K)]
  0x000001c7261ed520 JavaThread "ForkJoinPool-1-worker-12"   daemon [_thread_blocked, id=42496, stack(0x0000009469600000,0x0000009469700000) (1024K)]
  0x000001c7261ef460 JavaThread "ForkJoinPool-1-worker-13"   daemon [_thread_blocked, id=22688, stack(0x0000009469900000,0x0000009469a00000) (1024K)]
  0x000001c726d77fa0 JavaThread "ForkJoinPool-1-worker-14"   daemon [_thread_blocked, id=11620, stack(0x0000009469c00000,0x0000009469d00000) (1024K)]
  0x000001c726d777d0 JavaThread "ForkJoinPool-1-worker-15"   daemon [_thread_blocked, id=54184, stack(0x0000009469f00000,0x000000946a000000) (1024K)]
  0x000001c726d7dd60 JavaThread "ForkJoinPool-1-worker-16"   daemon [_thread_blocked, id=23984, stack(0x000000946a200000,0x000000946a300000) (1024K)]
  0x000001c726d8b050 JavaThread "HikariPool-4:housekeeper"   daemon [_thread_blocked, id=10760, stack(0x0000009461f00000,0x0000009462000000) (1024K)]
Total: 83

Other Threads:
  0x000001c77e8544a0 VMThread "VM Thread"                           [id=31532, stack(0x0000009462a00000,0x0000009462b00000) (1024K)]
  0x000001c77e711730 WatcherThread "VM Periodic Task Thread"        [id=22784, stack(0x0000009462900000,0x0000009462a00000) (1024K)]
  0x000001c77a74d0f0 WorkerThread "GC Thread#0"                     [id=67628, stack(0x0000009462300000,0x0000009462400000) (1024K)]
  0x000001c71c4b6a60 WorkerThread "GC Thread#1"                     [id=57620, stack(0x0000009463600000,0x0000009463700000) (1024K)]
  0x000001c71d66d8d0 WorkerThread "GC Thread#2"                     [id=13116, stack(0x0000009463d00000,0x0000009463e00000) (1024K)]
  0x000001c71ee1b620 WorkerThread "GC Thread#3"                     [id=24016, stack(0x0000009464500000,0x0000009464600000) (1024K)]
  0x000001c71ee1bec0 WorkerThread "GC Thread#4"                     [id=45188, stack(0x0000009464600000,0x0000009464700000) (1024K)]
  0x000001c71ee1ba70 WorkerThread "GC Thread#5"                     [id=60508, stack(0x0000009464700000,0x0000009464800000) (1024K)]
  0x000001c71ee1cbb0 WorkerThread "GC Thread#6"                     [id=27992, stack(0x0000009464800000,0x0000009464900000) (1024K)]
  0x000001c71ee1c310 WorkerThread "GC Thread#7"                     [id=64956, stack(0x0000009464900000,0x0000009464a00000) (1024K)]
  0x000001c71faded80 WorkerThread "GC Thread#8"                     [id=68420, stack(0x0000009464c00000,0x0000009464d00000) (1024K)]
  0x000001c71fadb120 WorkerThread "GC Thread#9"                     [id=58504, stack(0x0000009464d00000,0x0000009464e00000) (1024K)]
  0x000001c71fadf1d0 WorkerThread "GC Thread#10"                    [id=63392, stack(0x0000009464e00000,0x0000009464f00000) (1024K)]
  0x000001c71fae2140 WorkerThread "GC Thread#11"                    [id=63036, stack(0x0000009464f00000,0x0000009465000000) (1024K)]
  0x000001c71fae0310 WorkerThread "GC Thread#12"                    [id=18976, stack(0x0000009465000000,0x0000009465100000) (1024K)]
  0x000001c720302890 WorkerThread "GC Thread#13"                    [id=37816, stack(0x0000009465100000,0x0000009465200000) (1024K)]
  0x000001c720300610 WorkerThread "GC Thread#14"                    [id=14656, stack(0x0000009465200000,0x0000009465300000) (1024K)]
  0x000001c77a74e170 ConcurrentGCThread "G1 Main Marker"            [id=58136, stack(0x0000009462400000,0x0000009462500000) (1024K)]
  0x000001c77a74fbe0 WorkerThread "G1 Conc#0"                       [id=63164, stack(0x0000009462500000,0x0000009462600000) (1024K)]
  0x000001c71c497c20 WorkerThread "G1 Conc#1"                       [id=67564, stack(0x0000009463700000,0x0000009463800000) (1024K)]
  0x000001c71c3f8ff0 WorkerThread "G1 Conc#2"                       [id=37548, stack(0x0000009463800000,0x0000009463900000) (1024K)]
  0x000001c71c3fb430 WorkerThread "G1 Conc#3"                       [id=34904, stack(0x0000009463900000,0x0000009463a00000) (1024K)]
  0x000001c77a78b270 WorkerThread "G1 Refinement Workers#0"         [id=14192, stack(0x0000009462700000,0x0000009462800000) (1024K)]
  0x000001c77a78a4a0 ConcurrentGCThread "G1 Refine Control"         [id=66468, stack(0x0000009462600000,0x0000009462700000) (1024K)]
  0x000001c77e709fa0 ConcurrentGCThread "G1 Service"                [id=59992, stack(0x0000009462800000,0x0000009462900000) (1024K)]
Total: 25

Threads with active compile tasks:
C2 CompilerThread0  689126 62140       4       org.postgresql.core.v3.QueryExecutorImpl::sendParse (708 bytes)
Total: 1

VM state: not at safepoint (normal execution)

VM Mutex/Monitor currently owned by a thread: None

Heap address: 0x00000000e0000000, size: 512 MB, Compressed Oops mode: 32-bit

CDS archive(s) mapped at: [0x0000000020000000-0x0000000020de0000-0x0000000020de0000), size 14548992, SharedBaseAddress: 0x0000000020000000, ArchiveRelocationMode: 1.
Compressed class space mapped at: 0x0000000021000000-0x0000000061000000, reserved size: 1073741824
UseCompressedClassPointers 1, UseCompactObjectHeaders 0
Narrow klass pointer bits 32, Max shift 3
Narrow klass base: 0x0000000020000000, Narrow klass shift: 0
Encoding Range: [0x0000000020000000 - 0x0000000120000000), (4294967296 bytes)
Klass Range:    [0x0000000020000000 - 0x0000000061000000), (1090519040 bytes)
Klass ID Range:  [8 - 1090519033) (1090519025)
Protection zone: [0x0000000020000000 - 0x0000000020010000), (65536 bytes)

GC Precious Log:
 CardTable entry size: 512
 Card Set container configuration: InlinePtr #cards 5 size 8 Array Of Cards #cards 10 size 36 Howl #buckets 4 coarsen threshold 1843 Howl Bitmap #cards 512 size 80 coarsen threshold 460 Card regions per heap region 1 cards per card region 2048
 CPUs: 20 total, 20 available
 Memory: 32541M
 Large Page Support: Disabled
 NUMA Support: Disabled
 Compressed Oops: Enabled (32-bit)
 Heap Region Size: 1M
 Heap Min Capacity: 8M
 Heap Initial Capacity: 8M
 Heap Max Capacity: 512M
 Pre-touch: Disabled
 Parallel Workers: 15
 Concurrent Workers: 4
 Concurrent Refinement Workers: 15
 Periodic GC: Disabled

Heap:
 garbage-first heap   total reserved 524288K, committed 524288K, used 485932K [0x00000000e0000000, 0x0000000100000000)
  region size 1M, 6 eden (6M), 2 survivor (2M), 463 old (463M), 5 humongous (5M), 36 free (36M)

Heap Regions: E=young(eden), S=young(survivor), O=old, HS=humongous(starts), HC=humongous(continues), CS=collection set, F=free, TAMS=top-at-mark-start, PB=parsable bottom
|    0|0x00000000e0000000, 0x00000000e0100000, 0x00000000e0100000|100%|HS|  |TAMS 0x00000000e0000000| PB 0x00000000e0000000| Complete  |  0
|    1|0x00000000e0100000, 0x00000000e0200000, 0x00000000e0200000|100%| O|  |TAMS 0x00000000e0100000| PB 0x00000000e0100000| Untracked |  0
|    2|0x00000000e0200000, 0x00000000e0300000, 0x00000000e0300000|100%| O|  |TAMS 0x00000000e0200000| PB 0x00000000e0200000| Untracked |  0
|    3|0x00000000e0300000, 0x00000000e0400000, 0x00000000e0400000|100%| O|  |TAMS 0x00000000e0300000| PB 0x00000000e0300000| Untracked |  0
|    4|0x00000000e0400000, 0x00000000e0500000, 0x00000000e0500000|100%| O|  |TAMS 0x00000000e0400000| PB 0x00000000e0400000| Untracked |  0
|    5|0x00000000e0500000, 0x00000000e0600000, 0x00000000e0600000|100%|HS|  |TAMS 0x00000000e0500000| PB 0x00000000e0500000| Complete  |  0
|    6|0x00000000e0600000, 0x00000000e0700000, 0x00000000e0700000|100%| O|  |TAMS 0x00000000e0600000| PB 0x00000000e0600000| Untracked |  0
|    7|0x00000000e0700000, 0x00000000e0800000, 0x00000000e0800000|100%| O|  |TAMS 0x00000000e0700000| PB 0x00000000e0700000| Untracked |  0
|    8|0x00000000e0800000, 0x00000000e0900000, 0x00000000e0900000|100%|HS|  |TAMS 0x00000000e0800000| PB 0x00000000e0800000| Complete  |  0
|    9|0x00000000e0900000, 0x00000000e0a00000, 0x00000000e0a00000|100%|HC|  |TAMS 0x00000000e0900000| PB 0x00000000e0900000| Complete  |  0
|   10|0x00000000e0a00000, 0x00000000e0b00000, 0x00000000e0b00000|100%| O|  |TAMS 0x00000000e0a00000| PB 0x00000000e0a00000| Untracked |  0
|   11|0x00000000e0b00000, 0x00000000e0c00000, 0x00000000e0c00000|100%| O|  |TAMS 0x00000000e0b00000| PB 0x00000000e0b00000| Untracked |  0
|   12|0x00000000e0c00000, 0x00000000e0d00000, 0x00000000e0d00000|100%| O|  |TAMS 0x00000000e0c00000| PB 0x00000000e0c00000| Untracked |  0
|   13|0x00000000e0d00000, 0x00000000e0e00000, 0x00000000e0e00000|100%| O|  |TAMS 0x00000000e0d00000| PB 0x00000000e0d00000| Untracked |  0
|   14|0x00000000e0e00000, 0x00000000e0f00000, 0x00000000e0f00000|100%| O|  |TAMS 0x00000000e0e00000| PB 0x00000000e0e00000| Untracked |  0
|   15|0x00000000e0f00000, 0x00000000e1000000, 0x00000000e1000000|100%| O|  |TAMS 0x00000000e0f00000| PB 0x00000000e0f00000| Untracked |  0
|   16|0x00000000e1000000, 0x00000000e1100000, 0x00000000e1100000|100%| O|  |TAMS 0x00000000e1000000| PB 0x00000000e1000000| Untracked |  0
|   17|0x00000000e1100000, 0x00000000e1200000, 0x00000000e1200000|100%| O|  |TAMS 0x00000000e1100000| PB 0x00000000e1100000| Untracked |  0
|   18|0x00000000e1200000, 0x00000000e1300000, 0x00000000e1300000|100%| O|  |TAMS 0x00000000e1200000| PB 0x00000000e1200000| Untracked |  0
|   19|0x00000000e1300000, 0x00000000e1400000, 0x00000000e1400000|100%| O|  |TAMS 0x00000000e1300000| PB 0x00000000e1300000| Untracked |  0
|   20|0x00000000e1400000, 0x00000000e1500000, 0x00000000e1500000|100%| O|  |TAMS 0x00000000e1400000| PB 0x00000000e1400000| Untracked |  0
|   21|0x00000000e1500000, 0x00000000e1600000, 0x00000000e1600000|100%| O|  |TAMS 0x00000000e1500000| PB 0x00000000e1500000| Untracked |  0
|   22|0x00000000e1600000, 0x00000000e1700000, 0x00000000e1700000|100%| O|  |TAMS 0x00000000e1600000| PB 0x00000000e1600000| Untracked |  0
|   23|0x00000000e1700000, 0x00000000e1800000, 0x00000000e1800000|100%| O|  |TAMS 0x00000000e1700000| PB 0x00000000e1700000| Untracked |  0
|   24|0x00000000e1800000, 0x00000000e1900000, 0x00000000e1900000|100%| O|  |TAMS 0x00000000e1800000| PB 0x00000000e1800000| Untracked |  0
|   25|0x00000000e1900000, 0x00000000e1a00000, 0x00000000e1a00000|100%| O|Cr|TAMS 0x00000000e1900000| PB 0x00000000e1900000| Complete  |  0
|   26|0x00000000e1a00000, 0x00000000e1b00000, 0x00000000e1b00000|100%| O|  |TAMS 0x00000000e1a00000| PB 0x00000000e1a00000| Untracked |  0
|   27|0x00000000e1b00000, 0x00000000e1c00000, 0x00000000e1c00000|100%| O|  |TAMS 0x00000000e1b00000| PB 0x00000000e1b00000| Untracked |  0
|   28|0x00000000e1c00000, 0x00000000e1d00000, 0x00000000e1d00000|100%| O|  |TAMS 0x00000000e1c00000| PB 0x00000000e1c00000| Untracked |  0
|   29|0x00000000e1d00000, 0x00000000e1e00000, 0x00000000e1e00000|100%| O|  |TAMS 0x00000000e1d00000| PB 0x00000000e1d00000| Untracked |  0
|   30|0x00000000e1e00000, 0x00000000e1f00000, 0x00000000e1f00000|100%| O|  |TAMS 0x00000000e1e00000| PB 0x00000000e1e00000| Untracked |  0
|   31|0x00000000e1f00000, 0x00000000e2000000, 0x00000000e2000000|100%| O|  |TAMS 0x00000000e1f00000| PB 0x00000000e1f00000| Untracked |  0
|   32|0x00000000e2000000, 0x00000000e2100000, 0x00000000e2100000|100%| O|  |TAMS 0x00000000e2000000| PB 0x00000000e2000000| Untracked |  0
|   33|0x00000000e2100000, 0x00000000e2200000, 0x00000000e2200000|100%| O|  |TAMS 0x00000000e2100000| PB 0x00000000e2100000| Untracked |  0
|   34|0x00000000e2200000, 0x00000000e2300000, 0x00000000e2300000|100%| O|  |TAMS 0x00000000e2200000| PB 0x00000000e2200000| Untracked |  0
|   35|0x00000000e2300000, 0x00000000e2400000, 0x00000000e2400000|100%| O|  |TAMS 0x00000000e2300000| PB 0x00000000e2300000| Untracked |  0
|   36|0x00000000e2400000, 0x00000000e2500000, 0x00000000e2500000|100%| O|  |TAMS 0x00000000e2400000| PB 0x00000000e2400000| Untracked |  0
|   37|0x00000000e2500000, 0x00000000e2600000, 0x00000000e2600000|100%| O|  |TAMS 0x00000000e2500000| PB 0x00000000e2500000| Untracked |  0
|   38|0x00000000e2600000, 0x00000000e2700000, 0x00000000e2700000|100%| O|  |TAMS 0x00000000e2600000| PB 0x00000000e2600000| Untracked |  0
|   39|0x00000000e2700000, 0x00000000e2800000, 0x00000000e2800000|100%| O|  |TAMS 0x00000000e2700000| PB 0x00000000e2700000| Untracked |  0
|   40|0x00000000e2800000, 0x00000000e2900000, 0x00000000e2900000|100%| O|  |TAMS 0x00000000e2800000| PB 0x00000000e2800000| Untracked |  0
|   41|0x00000000e2900000, 0x00000000e2a00000, 0x00000000e2a00000|100%| O|  |TAMS 0x00000000e2900000| PB 0x00000000e2900000| Untracked |  0
|   42|0x00000000e2a00000, 0x00000000e2b00000, 0x00000000e2b00000|100%| O|  |TAMS 0x00000000e2a00000| PB 0x00000000e2a00000| Untracked |  0
|   43|0x00000000e2b00000, 0x00000000e2c00000, 0x00000000e2c00000|100%| O|  |TAMS 0x00000000e2b00000| PB 0x00000000e2b00000| Untracked |  0
|   44|0x00000000e2c00000, 0x00000000e2c00000, 0x00000000e2d00000|  0%| F|  |TAMS 0x00000000e2c00000| PB 0x00000000e2c00000| Untracked |  0
|   45|0x00000000e2d00000, 0x00000000e2d00000, 0x00000000e2e00000|  0%| F|  |TAMS 0x00000000e2d00000| PB 0x00000000e2d00000| Untracked |  0
|   46|0x00000000e2e00000, 0x00000000e2f00000, 0x00000000e2f00000|100%| O|  |TAMS 0x00000000e2e00000| PB 0x00000000e2e00000| Untracked |  0
|   47|0x00000000e2f00000, 0x00000000e3000000, 0x00000000e3000000|100%| O|  |TAMS 0x00000000e2f00000| PB 0x00000000e2f00000| Untracked |  0
|   48|0x00000000e3000000, 0x00000000e3100000, 0x00000000e3100000|100%| O|  |TAMS 0x00000000e3000000| PB 0x00000000e3000000| Untracked |  0
|   49|0x00000000e3100000, 0x00000000e3200000, 0x00000000e3200000|100%| O|  |TAMS 0x00000000e3100000| PB 0x00000000e3100000| Untracked |  0
|   50|0x00000000e3200000, 0x00000000e3300000, 0x00000000e3300000|100%| O|  |TAMS 0x00000000e3200000| PB 0x00000000e3200000| Untracked |  0
|   51|0x00000000e3300000, 0x00000000e3400000, 0x00000000e3400000|100%| O|  |TAMS 0x00000000e3300000| PB 0x00000000e3300000| Untracked |  0
|   52|0x00000000e3400000, 0x00000000e3500000, 0x00000000e3500000|100%| O|  |TAMS 0x00000000e3400000| PB 0x00000000e3400000| Untracked |  0
|   53|0x00000000e3500000, 0x00000000e3600000, 0x00000000e3600000|100%| O|  |TAMS 0x00000000e3500000| PB 0x00000000e3500000| Untracked |  0
|   54|0x00000000e3600000, 0x00000000e3700000, 0x00000000e3700000|100%| O|  |TAMS 0x00000000e3600000| PB 0x00000000e3600000| Untracked |  0
|   55|0x00000000e3700000, 0x00000000e3800000, 0x00000000e3800000|100%| O|  |TAMS 0x00000000e3700000| PB 0x00000000e3700000| Untracked |  0
|   56|0x00000000e3800000, 0x00000000e3900000, 0x00000000e3900000|100%| O|  |TAMS 0x00000000e3800000| PB 0x00000000e3800000| Untracked |  0
|   57|0x00000000e3900000, 0x00000000e3a00000, 0x00000000e3a00000|100%| O|  |TAMS 0x00000000e3900000| PB 0x00000000e3900000| Untracked |  0
|   58|0x00000000e3a00000, 0x00000000e3b00000, 0x00000000e3b00000|100%| O|  |TAMS 0x00000000e3a00000| PB 0x00000000e3a00000| Untracked |  0
|   59|0x00000000e3b00000, 0x00000000e3c00000, 0x00000000e3c00000|100%| O|  |TAMS 0x00000000e3b00000| PB 0x00000000e3b00000| Untracked |  0
|   60|0x00000000e3c00000, 0x00000000e3d00000, 0x00000000e3d00000|100%| O|  |TAMS 0x00000000e3c00000| PB 0x00000000e3c00000| Untracked |  0
|   61|0x00000000e3d00000, 0x00000000e3e00000, 0x00000000e3e00000|100%| O|  |TAMS 0x00000000e3d00000| PB 0x00000000e3d00000| Untracked |  0
|   62|0x00000000e3e00000, 0x00000000e3f00000, 0x00000000e3f00000|100%| O|  |TAMS 0x00000000e3e00000| PB 0x00000000e3e00000| Untracked |  0
|   63|0x00000000e3f00000, 0x00000000e4000000, 0x00000000e4000000|100%| O|Cm|TAMS 0x00000000e3f00000| PB 0x00000000e3f00000| Complete  |  0
|   64|0x00000000e4000000, 0x00000000e4100000, 0x00000000e4100000|100%| O|  |TAMS 0x00000000e4000000| PB 0x00000000e4000000| Untracked |  0
|   65|0x00000000e4100000, 0x00000000e4200000, 0x00000000e4200000|100%| O|  |TAMS 0x00000000e4100000| PB 0x00000000e4100000| Untracked |  0
|   66|0x00000000e4200000, 0x00000000e4300000, 0x00000000e4300000|100%| O|  |TAMS 0x00000000e4200000| PB 0x00000000e4200000| Untracked |  0
|   67|0x00000000e4300000, 0x00000000e4400000, 0x00000000e4400000|100%| O|  |TAMS 0x00000000e4300000| PB 0x00000000e4300000| Untracked |  0
|   68|0x00000000e4400000, 0x00000000e4500000, 0x00000000e4500000|100%| O|  |TAMS 0x00000000e4400000| PB 0x00000000e4400000| Untracked |  0
|   69|0x00000000e4500000, 0x00000000e4600000, 0x00000000e4600000|100%| O|  |TAMS 0x00000000e4500000| PB 0x00000000e4500000| Untracked |  0
|   70|0x00000000e4600000, 0x00000000e4700000, 0x00000000e4700000|100%| O|  |TAMS 0x00000000e4600000| PB 0x00000000e4600000| Untracked |  0
|   71|0x00000000e4700000, 0x00000000e4800000, 0x00000000e4800000|100%| O|Cm|TAMS 0x00000000e4700000| PB 0x00000000e4700000| Complete  |  0
|   72|0x00000000e4800000, 0x00000000e4800000, 0x00000000e4900000|  0%| F|  |TAMS 0x00000000e4800000| PB 0x00000000e4800000| Untracked |  0
|   73|0x00000000e4900000, 0x00000000e4a00000, 0x00000000e4a00000|100%| O|  |TAMS 0x00000000e4900000| PB 0x00000000e4900000| Untracked |  0
|   74|0x00000000e4a00000, 0x00000000e4b00000, 0x00000000e4b00000|100%| O|  |TAMS 0x00000000e4a00000| PB 0x00000000e4a00000| Untracked |  0
|   75|0x00000000e4b00000, 0x00000000e4c00000, 0x00000000e4c00000|100%| O|  |TAMS 0x00000000e4b00000| PB 0x00000000e4b00000| Untracked |  0
|   76|0x00000000e4c00000, 0x00000000e4d00000, 0x00000000e4d00000|100%| O|  |TAMS 0x00000000e4c00000| PB 0x00000000e4c00000| Untracked |  0
|   77|0x00000000e4d00000, 0x00000000e4e00000, 0x00000000e4e00000|100%| O|  |TAMS 0x00000000e4d00000| PB 0x00000000e4d00000| Untracked |  0
|   78|0x00000000e4e00000, 0x00000000e4f00000, 0x00000000e4f00000|100%| O|  |TAMS 0x00000000e4e00000| PB 0x00000000e4e00000| Untracked |  0
|   79|0x00000000e4f00000, 0x00000000e5000000, 0x00000000e5000000|100%| O|  |TAMS 0x00000000e4f00000| PB 0x00000000e4f00000| Untracked |  0
|   80|0x00000000e5000000, 0x00000000e5100000, 0x00000000e5100000|100%| O|  |TAMS 0x00000000e5000000| PB 0x00000000e5000000| Untracked |  0
|   81|0x00000000e5100000, 0x00000000e5200000, 0x00000000e5200000|100%| O|  |TAMS 0x00000000e5100000| PB 0x00000000e5100000| Untracked |  0
|   82|0x00000000e5200000, 0x00000000e5300000, 0x00000000e5300000|100%| O|  |TAMS 0x00000000e5200000| PB 0x00000000e5200000| Untracked |  0
|   83|0x00000000e5300000, 0x00000000e5400000, 0x00000000e5400000|100%| O|  |TAMS 0x00000000e5300000| PB 0x00000000e5300000| Untracked |  0
|   84|0x00000000e5400000, 0x00000000e5500000, 0x00000000e5500000|100%| O|  |TAMS 0x00000000e5400000| PB 0x00000000e5400000| Untracked |  0
|   85|0x00000000e5500000, 0x00000000e5600000, 0x00000000e5600000|100%| O|  |TAMS 0x00000000e5500000| PB 0x00000000e5500000| Untracked |  0
|   86|0x00000000e5600000, 0x00000000e5700000, 0x00000000e5700000|100%| O|  |TAMS 0x00000000e5600000| PB 0x00000000e5600000| Untracked |  0
|   87|0x00000000e5700000, 0x00000000e5800000, 0x00000000e5800000|100%| O|  |TAMS 0x00000000e5700000| PB 0x00000000e5700000| Untracked |  0
|   88|0x00000000e5800000, 0x00000000e5900000, 0x00000000e5900000|100%| O|  |TAMS 0x00000000e5800000| PB 0x00000000e5800000| Untracked |  0
|   89|0x00000000e5900000, 0x00000000e5a00000, 0x00000000e5a00000|100%| O|  |TAMS 0x00000000e5900000| PB 0x00000000e5900000| Untracked |  0
|   90|0x00000000e5a00000, 0x00000000e5b00000, 0x00000000e5b00000|100%| O|  |TAMS 0x00000000e5a00000| PB 0x00000000e5a00000| Untracked |  0
|   91|0x00000000e5b00000, 0x00000000e5c00000, 0x00000000e5c00000|100%| O|  |TAMS 0x00000000e5b00000| PB 0x00000000e5b00000| Untracked |  0
|   92|0x00000000e5c00000, 0x00000000e5d00000, 0x00000000e5d00000|100%| O|  |TAMS 0x00000000e5c00000| PB 0x00000000e5c00000| Untracked |  0
|   93|0x00000000e5d00000, 0x00000000e5e00000, 0x00000000e5e00000|100%| O|  |TAMS 0x00000000e5d00000| PB 0x00000000e5d00000| Untracked |  0
|   94|0x00000000e5e00000, 0x00000000e5f00000, 0x00000000e5f00000|100%| O|  |TAMS 0x00000000e5e00000| PB 0x00000000e5e00000| Untracked |  0
|   95|0x00000000e5f00000, 0x00000000e6000000, 0x00000000e6000000|100%|HS|  |TAMS 0x00000000e5f00000| PB 0x00000000e5f00000| Complete  |  0
|   96|0x00000000e6000000, 0x00000000e6100000, 0x00000000e6100000|100%| O|  |TAMS 0x00000000e6000000| PB 0x00000000e6000000| Untracked |  0
|   97|0x00000000e6100000, 0x00000000e6100000, 0x00000000e6200000|  0%| F|  |TAMS 0x00000000e6100000| PB 0x00000000e6100000| Untracked |  0
|   98|0x00000000e6200000, 0x00000000e6300000, 0x00000000e6300000|100%| O|  |TAMS 0x00000000e6200000| PB 0x00000000e6200000| Untracked |  0
|   99|0x00000000e6300000, 0x00000000e6400000, 0x00000000e6400000|100%| O|Cm|TAMS 0x00000000e6300000| PB 0x00000000e6300000| Complete  |  0
|  100|0x00000000e6400000, 0x00000000e6500000, 0x00000000e6500000|100%| O|  |TAMS 0x00000000e6400000| PB 0x00000000e6400000| Untracked |  0
|  101|0x00000000e6500000, 0x00000000e6600000, 0x00000000e6600000|100%| O|  |TAMS 0x00000000e6500000| PB 0x00000000e6500000| Untracked |  0
|  102|0x00000000e6600000, 0x00000000e6700000, 0x00000000e6700000|100%| O|  |TAMS 0x00000000e6600000| PB 0x00000000e6600000| Untracked |  0
|  103|0x00000000e6700000, 0x00000000e6800000, 0x00000000e6800000|100%| O|  |TAMS 0x00000000e6700000| PB 0x00000000e6700000| Untracked |  0
|  104|0x00000000e6800000, 0x00000000e6900000, 0x00000000e6900000|100%| O|  |TAMS 0x00000000e6800000| PB 0x00000000e6800000| Untracked |  0
|  105|0x00000000e6900000, 0x00000000e6a00000, 0x00000000e6a00000|100%| O|  |TAMS 0x00000000e6900000| PB 0x00000000e6900000| Untracked |  0
|  106|0x00000000e6a00000, 0x00000000e6b00000, 0x00000000e6b00000|100%| O|  |TAMS 0x00000000e6a00000| PB 0x00000000e6a00000| Untracked |  0
|  107|0x00000000e6b00000, 0x00000000e6b00000, 0x00000000e6c00000|  0%| F|  |TAMS 0x00000000e6b00000| PB 0x00000000e6b00000| Untracked |  0
|  108|0x00000000e6c00000, 0x00000000e6d00000, 0x00000000e6d00000|100%| O|  |TAMS 0x00000000e6c00000| PB 0x00000000e6c00000| Untracked |  0
|  109|0x00000000e6d00000, 0x00000000e6e00000, 0x00000000e6e00000|100%| O|  |TAMS 0x00000000e6d00000| PB 0x00000000e6d00000| Untracked |  0
|  110|0x00000000e6e00000, 0x00000000e6f00000, 0x00000000e6f00000|100%| O|  |TAMS 0x00000000e6e00000| PB 0x00000000e6e00000| Untracked |  0
|  111|0x00000000e6f00000, 0x00000000e7000000, 0x00000000e7000000|100%| O|Cm|TAMS 0x00000000e6f00000| PB 0x00000000e6f00000| Complete  |  0
|  112|0x00000000e7000000, 0x00000000e7100000, 0x00000000e7100000|100%| O|  |TAMS 0x00000000e7000000| PB 0x00000000e7000000| Untracked |  0
|  113|0x00000000e7100000, 0x00000000e7200000, 0x00000000e7200000|100%| O|  |TAMS 0x00000000e7100000| PB 0x00000000e7100000| Untracked |  0
|  114|0x00000000e7200000, 0x00000000e7300000, 0x00000000e7300000|100%| O|  |TAMS 0x00000000e7200000| PB 0x00000000e7200000| Untracked |  0
|  115|0x00000000e7300000, 0x00000000e7400000, 0x00000000e7400000|100%| O|  |TAMS 0x00000000e7300000| PB 0x00000000e7300000| Untracked |  0
|  116|0x00000000e7400000, 0x00000000e7500000, 0x00000000e7500000|100%| O|  |TAMS 0x00000000e7400000| PB 0x00000000e7400000| Untracked |  0
|  117|0x00000000e7500000, 0x00000000e7500000, 0x00000000e7600000|  0%| F|  |TAMS 0x00000000e7500000| PB 0x00000000e7500000| Untracked |  0
|  118|0x00000000e7600000, 0x00000000e7700000, 0x00000000e7700000|100%| O|  |TAMS 0x00000000e7600000| PB 0x00000000e7600000| Untracked |  0
|  119|0x00000000e7700000, 0x00000000e7800000, 0x00000000e7800000|100%| O|  |TAMS 0x00000000e7700000| PB 0x00000000e7700000| Untracked |  0
|  120|0x00000000e7800000, 0x00000000e7900000, 0x00000000e7900000|100%| O|  |TAMS 0x00000000e7800000| PB 0x00000000e7800000| Untracked |  0
|  121|0x00000000e7900000, 0x00000000e7a00000, 0x00000000e7a00000|100%| O|  |TAMS 0x00000000e7900000| PB 0x00000000e7900000| Untracked |  0
|  122|0x00000000e7a00000, 0x00000000e7b00000, 0x00000000e7b00000|100%| O|  |TAMS 0x00000000e7a00000| PB 0x00000000e7a00000| Untracked |  0
|  123|0x00000000e7b00000, 0x00000000e7c00000, 0x00000000e7c00000|100%| O|  |TAMS 0x00000000e7b00000| PB 0x00000000e7b00000| Untracked |  0
|  124|0x00000000e7c00000, 0x00000000e7d00000, 0x00000000e7d00000|100%| O|  |TAMS 0x00000000e7c00000| PB 0x00000000e7c00000| Untracked |  0
|  125|0x00000000e7d00000, 0x00000000e7e00000, 0x00000000e7e00000|100%| O|  |TAMS 0x00000000e7d00000| PB 0x00000000e7d00000| Untracked |  0
|  126|0x00000000e7e00000, 0x00000000e7f00000, 0x00000000e7f00000|100%| O|  |TAMS 0x00000000e7e00000| PB 0x00000000e7e00000| Untracked |  0
|  127|0x00000000e7f00000, 0x00000000e8000000, 0x00000000e8000000|100%| O|  |TAMS 0x00000000e7f00000| PB 0x00000000e7f00000| Untracked |  0
|  128|0x00000000e8000000, 0x00000000e8100000, 0x00000000e8100000|100%| O|  |TAMS 0x00000000e8000000| PB 0x00000000e8000000| Untracked |  0
|  129|0x00000000e8100000, 0x00000000e8200000, 0x00000000e8200000|100%| O|  |TAMS 0x00000000e8100000| PB 0x00000000e8100000| Untracked |  0
|  130|0x00000000e8200000, 0x00000000e8300000, 0x00000000e8300000|100%| O|  |TAMS 0x00000000e8200000| PB 0x00000000e8200000| Untracked |  0
|  131|0x00000000e8300000, 0x00000000e8400000, 0x00000000e8400000|100%| O|  |TAMS 0x00000000e8300000| PB 0x00000000e8300000| Untracked |  0
|  132|0x00000000e8400000, 0x00000000e8500000, 0x00000000e8500000|100%| O|  |TAMS 0x00000000e8400000| PB 0x00000000e8400000| Untracked |  0
|  133|0x00000000e8500000, 0x00000000e8600000, 0x00000000e8600000|100%| O|  |TAMS 0x00000000e8500000| PB 0x00000000e8500000| Untracked |  0
|  134|0x00000000e8600000, 0x00000000e8700000, 0x00000000e8700000|100%| O|Cm|TAMS 0x00000000e8600000| PB 0x00000000e8600000| Complete  |  0
|  135|0x00000000e8700000, 0x00000000e8800000, 0x00000000e8800000|100%| O|  |TAMS 0x00000000e8700000| PB 0x00000000e8700000| Untracked |  0
|  136|0x00000000e8800000, 0x00000000e8900000, 0x00000000e8900000|100%| O|  |TAMS 0x00000000e8800000| PB 0x00000000e8800000| Untracked |  0
|  137|0x00000000e8900000, 0x00000000e8a00000, 0x00000000e8a00000|100%| O|  |TAMS 0x00000000e8900000| PB 0x00000000e8900000| Untracked |  0
|  138|0x00000000e8a00000, 0x00000000e8b00000, 0x00000000e8b00000|100%| O|  |TAMS 0x00000000e8a00000| PB 0x00000000e8a00000| Untracked |  0
|  139|0x00000000e8b00000, 0x00000000e8c00000, 0x00000000e8c00000|100%| O|  |TAMS 0x00000000e8b00000| PB 0x00000000e8b00000| Untracked |  0
|  140|0x00000000e8c00000, 0x00000000e8d00000, 0x00000000e8d00000|100%| O|  |TAMS 0x00000000e8c00000| PB 0x00000000e8c00000| Untracked |  0
|  141|0x00000000e8d00000, 0x00000000e8e00000, 0x00000000e8e00000|100%| O|  |TAMS 0x00000000e8d00000| PB 0x00000000e8d00000| Untracked |  0
|  142|0x00000000e8e00000, 0x00000000e8f00000, 0x00000000e8f00000|100%| O|  |TAMS 0x00000000e8e00000| PB 0x00000000e8e00000| Untracked |  0
|  143|0x00000000e8f00000, 0x00000000e9000000, 0x00000000e9000000|100%| O|  |TAMS 0x00000000e8f00000| PB 0x00000000e8f00000| Untracked |  0
|  144|0x00000000e9000000, 0x00000000e9100000, 0x00000000e9100000|100%| O|  |TAMS 0x00000000e9000000| PB 0x00000000e9000000| Untracked |  0
|  145|0x00000000e9100000, 0x00000000e9200000, 0x00000000e9200000|100%| O|  |TAMS 0x00000000e9100000| PB 0x00000000e9100000| Untracked |  0
|  146|0x00000000e9200000, 0x00000000e9300000, 0x00000000e9300000|100%| O|  |TAMS 0x00000000e9200000| PB 0x00000000e9200000| Untracked |  0
|  147|0x00000000e9300000, 0x00000000e9400000, 0x00000000e9400000|100%| O|  |TAMS 0x00000000e9300000| PB 0x00000000e9300000| Untracked |  0
|  148|0x00000000e9400000, 0x00000000e9500000, 0x00000000e9500000|100%| O|  |TAMS 0x00000000e9400000| PB 0x00000000e9400000| Untracked |  0
|  149|0x00000000e9500000, 0x00000000e9600000, 0x00000000e9600000|100%| O|  |TAMS 0x00000000e9500000| PB 0x00000000e9500000| Untracked |  0
|  150|0x00000000e9600000, 0x00000000e9700000, 0x00000000e9700000|100%| O|  |TAMS 0x00000000e9600000| PB 0x00000000e9600000| Untracked |  0
|  151|0x00000000e9700000, 0x00000000e9800000, 0x00000000e9800000|100%| O|  |TAMS 0x00000000e9700000| PB 0x00000000e9700000| Untracked |  0
|  152|0x00000000e9800000, 0x00000000e9900000, 0x00000000e9900000|100%| O|  |TAMS 0x00000000e9800000| PB 0x00000000e9800000| Untracked |  0
|  153|0x00000000e9900000, 0x00000000e9a00000, 0x00000000e9a00000|100%| O|Cr|TAMS 0x00000000e9900000| PB 0x00000000e9900000| Complete  |  0
|  154|0x00000000e9a00000, 0x00000000e9b00000, 0x00000000e9b00000|100%| O|  |TAMS 0x00000000e9a00000| PB 0x00000000e9a00000| Untracked |  0
|  155|0x00000000e9b00000, 0x00000000e9c00000, 0x00000000e9c00000|100%| O|  |TAMS 0x00000000e9b00000| PB 0x00000000e9b00000| Untracked |  0
|  156|0x00000000e9c00000, 0x00000000e9d00000, 0x00000000e9d00000|100%| O|Cr|TAMS 0x00000000e9c00000| PB 0x00000000e9c00000| Complete  |  0
|  157|0x00000000e9d00000, 0x00000000e9d00000, 0x00000000e9e00000|  0%| F|  |TAMS 0x00000000e9d00000| PB 0x00000000e9d00000| Untracked |  0
|  158|0x00000000e9e00000, 0x00000000e9f00000, 0x00000000e9f00000|100%| O|  |TAMS 0x00000000e9e00000| PB 0x00000000e9e00000| Untracked |  0
|  159|0x00000000e9f00000, 0x00000000ea000000, 0x00000000ea000000|100%| O|  |TAMS 0x00000000e9f00000| PB 0x00000000e9f00000| Untracked |  0
|  160|0x00000000ea000000, 0x00000000ea100000, 0x00000000ea100000|100%| O|  |TAMS 0x00000000ea000000| PB 0x00000000ea000000| Untracked |  0
|  161|0x00000000ea100000, 0x00000000ea200000, 0x00000000ea200000|100%| O|  |TAMS 0x00000000ea100000| PB 0x00000000ea100000| Untracked |  0
|  162|0x00000000ea200000, 0x00000000ea300000, 0x00000000ea300000|100%| O|  |TAMS 0x00000000ea200000| PB 0x00000000ea200000| Untracked |  0
|  163|0x00000000ea300000, 0x00000000ea400000, 0x00000000ea400000|100%| O|  |TAMS 0x00000000ea300000| PB 0x00000000ea300000| Untracked |  0
|  164|0x00000000ea400000, 0x00000000ea500000, 0x00000000ea500000|100%| O|  |TAMS 0x00000000ea400000| PB 0x00000000ea400000| Untracked |  0
|  165|0x00000000ea500000, 0x00000000ea600000, 0x00000000ea600000|100%| O|  |TAMS 0x00000000ea500000| PB 0x00000000ea500000| Untracked |  0
|  166|0x00000000ea600000, 0x00000000ea700000, 0x00000000ea700000|100%| O|  |TAMS 0x00000000ea600000| PB 0x00000000ea600000| Untracked |  0
|  167|0x00000000ea700000, 0x00000000ea800000, 0x00000000ea800000|100%| O|  |TAMS 0x00000000ea700000| PB 0x00000000ea700000| Untracked |  0
|  168|0x00000000ea800000, 0x00000000ea900000, 0x00000000ea900000|100%| O|Cr|TAMS 0x00000000ea800000| PB 0x00000000ea800000| Complete  |  0
|  169|0x00000000ea900000, 0x00000000eaa00000, 0x00000000eaa00000|100%| O|Cr|TAMS 0x00000000ea900000| PB 0x00000000ea900000| Complete  |  0
|  170|0x00000000eaa00000, 0x00000000eab00000, 0x00000000eab00000|100%| O|  |TAMS 0x00000000eaa00000| PB 0x00000000eaa00000| Untracked |  0
|  171|0x00000000eab00000, 0x00000000eac00000, 0x00000000eac00000|100%| O|  |TAMS 0x00000000eab00000| PB 0x00000000eab00000| Untracked |  0
|  172|0x00000000eac00000, 0x00000000ead00000, 0x00000000ead00000|100%| O|  |TAMS 0x00000000eac00000| PB 0x00000000eac00000| Untracked |  0
|  173|0x00000000ead00000, 0x00000000eae00000, 0x00000000eae00000|100%| O|  |TAMS 0x00000000ead00000| PB 0x00000000ead00000| Untracked |  0
|  174|0x00000000eae00000, 0x00000000eaf00000, 0x00000000eaf00000|100%| O|  |TAMS 0x00000000eae00000| PB 0x00000000eae00000| Untracked |  0
|  175|0x00000000eaf00000, 0x00000000eb000000, 0x00000000eb000000|100%| O|  |TAMS 0x00000000eaf00000| PB 0x00000000eaf00000| Untracked |  0
|  176|0x00000000eb000000, 0x00000000eb100000, 0x00000000eb100000|100%| O|  |TAMS 0x00000000eb000000| PB 0x00000000eb000000| Untracked |  0
|  177|0x00000000eb100000, 0x00000000eb200000, 0x00000000eb200000|100%| O|  |TAMS 0x00000000eb100000| PB 0x00000000eb100000| Untracked |  0
|  178|0x00000000eb200000, 0x00000000eb300000, 0x00000000eb300000|100%| O|  |TAMS 0x00000000eb200000| PB 0x00000000eb200000| Untracked |  0
|  179|0x00000000eb300000, 0x00000000eb400000, 0x00000000eb400000|100%| O|  |TAMS 0x00000000eb300000| PB 0x00000000eb300000| Untracked |  0
|  180|0x00000000eb400000, 0x00000000eb500000, 0x00000000eb500000|100%| O|  |TAMS 0x00000000eb400000| PB 0x00000000eb400000| Untracked |  0
|  181|0x00000000eb500000, 0x00000000eb600000, 0x00000000eb600000|100%| O|  |TAMS 0x00000000eb500000| PB 0x00000000eb500000| Untracked |  0
|  182|0x00000000eb600000, 0x00000000eb700000, 0x00000000eb700000|100%| O|  |TAMS 0x00000000eb600000| PB 0x00000000eb600000| Untracked |  0
|  183|0x00000000eb700000, 0x00000000eb800000, 0x00000000eb800000|100%| O|  |TAMS 0x00000000eb700000| PB 0x00000000eb700000| Untracked |  0
|  184|0x00000000eb800000, 0x00000000eb900000, 0x00000000eb900000|100%| O|Cm|TAMS 0x00000000eb800000| PB 0x00000000eb800000| Complete  |  0
|  185|0x00000000eb900000, 0x00000000eba00000, 0x00000000eba00000|100%| O|  |TAMS 0x00000000eb900000| PB 0x00000000eb900000| Untracked |  0
|  186|0x00000000eba00000, 0x00000000ebb00000, 0x00000000ebb00000|100%| O|  |TAMS 0x00000000eba00000| PB 0x00000000eba00000| Untracked |  0
|  187|0x00000000ebb00000, 0x00000000ebc00000, 0x00000000ebc00000|100%| O|  |TAMS 0x00000000ebb00000| PB 0x00000000ebb00000| Untracked |  0
|  188|0x00000000ebc00000, 0x00000000ebd00000, 0x00000000ebd00000|100%| O|  |TAMS 0x00000000ebc00000| PB 0x00000000ebc00000| Untracked |  0
|  189|0x00000000ebd00000, 0x00000000ebe00000, 0x00000000ebe00000|100%| O|  |TAMS 0x00000000ebd00000| PB 0x00000000ebd00000| Untracked |  0
|  190|0x00000000ebe00000, 0x00000000ebf00000, 0x00000000ebf00000|100%| O|  |TAMS 0x00000000ebe00000| PB 0x00000000ebe00000| Untracked |  0
|  191|0x00000000ebf00000, 0x00000000ec000000, 0x00000000ec000000|100%| O|  |TAMS 0x00000000ebf00000| PB 0x00000000ebf00000| Untracked |  0
|  192|0x00000000ec000000, 0x00000000ec100000, 0x00000000ec100000|100%| O|  |TAMS 0x00000000ec000000| PB 0x00000000ec000000| Untracked |  0
|  193|0x00000000ec100000, 0x00000000ec200000, 0x00000000ec200000|100%| O|  |TAMS 0x00000000ec100000| PB 0x00000000ec100000| Untracked |  0
|  194|0x00000000ec200000, 0x00000000ec300000, 0x00000000ec300000|100%| O|  |TAMS 0x00000000ec200000| PB 0x00000000ec200000| Untracked |  0
|  195|0x00000000ec300000, 0x00000000ec400000, 0x00000000ec400000|100%| O|  |TAMS 0x00000000ec300000| PB 0x00000000ec300000| Untracked |  0
|  196|0x00000000ec400000, 0x00000000ec500000, 0x00000000ec500000|100%| O|  |TAMS 0x00000000ec400000| PB 0x00000000ec400000| Untracked |  0
|  197|0x00000000ec500000, 0x00000000ec600000, 0x00000000ec600000|100%| O|  |TAMS 0x00000000ec500000| PB 0x00000000ec500000| Untracked |  0
|  198|0x00000000ec600000, 0x00000000ec700000, 0x00000000ec700000|100%| O|  |TAMS 0x00000000ec600000| PB 0x00000000ec600000| Untracked |  0
|  199|0x00000000ec700000, 0x00000000ec800000, 0x00000000ec800000|100%| O|Cm|TAMS 0x00000000ec700000| PB 0x00000000ec700000| Complete  |  0
|  200|0x00000000ec800000, 0x00000000ec900000, 0x00000000ec900000|100%| O|Cr|TAMS 0x00000000ec800000| PB 0x00000000ec800000| Complete  |  0
|  201|0x00000000ec900000, 0x00000000eca00000, 0x00000000eca00000|100%| O|  |TAMS 0x00000000ec900000| PB 0x00000000ec900000| Untracked |  0
|  202|0x00000000eca00000, 0x00000000ecb00000, 0x00000000ecb00000|100%| O|  |TAMS 0x00000000eca00000| PB 0x00000000eca00000| Untracked |  0
|  203|0x00000000ecb00000, 0x00000000ecc00000, 0x00000000ecc00000|100%| O|Cm|TAMS 0x00000000ecb00000| PB 0x00000000ecb00000| Complete  |  0
|  204|0x00000000ecc00000, 0x00000000ecd00000, 0x00000000ecd00000|100%| O|Cm|TAMS 0x00000000ecc00000| PB 0x00000000ecc00000| Complete  |  0
|  205|0x00000000ecd00000, 0x00000000ece00000, 0x00000000ece00000|100%| O|  |TAMS 0x00000000ecd00000| PB 0x00000000ecd00000| Untracked |  0
|  206|0x00000000ece00000, 0x00000000ecf00000, 0x00000000ecf00000|100%| O|  |TAMS 0x00000000ece00000| PB 0x00000000ece00000| Untracked |  0
|  207|0x00000000ecf00000, 0x00000000ed000000, 0x00000000ed000000|100%| O|  |TAMS 0x00000000ecf00000| PB 0x00000000ecf00000| Untracked |  0
|  208|0x00000000ed000000, 0x00000000ed100000, 0x00000000ed100000|100%| O|  |TAMS 0x00000000ed000000| PB 0x00000000ed000000| Untracked |  0
|  209|0x00000000ed100000, 0x00000000ed200000, 0x00000000ed200000|100%| O|  |TAMS 0x00000000ed100000| PB 0x00000000ed100000| Untracked |  0
|  210|0x00000000ed200000, 0x00000000ed300000, 0x00000000ed300000|100%| O|  |TAMS 0x00000000ed200000| PB 0x00000000ed200000| Untracked |  0
|  211|0x00000000ed300000, 0x00000000ed400000, 0x00000000ed400000|100%| O|  |TAMS 0x00000000ed300000| PB 0x00000000ed300000| Untracked |  0
|  212|0x00000000ed400000, 0x00000000ed500000, 0x00000000ed500000|100%| O|  |TAMS 0x00000000ed400000| PB 0x00000000ed400000| Untracked |  0
|  213|0x00000000ed500000, 0x00000000ed600000, 0x00000000ed600000|100%| O|  |TAMS 0x00000000ed500000| PB 0x00000000ed500000| Untracked |  0
|  214|0x00000000ed600000, 0x00000000ed700000, 0x00000000ed700000|100%| O|  |TAMS 0x00000000ed600000| PB 0x00000000ed600000| Untracked |  0
|  215|0x00000000ed700000, 0x00000000ed800000, 0x00000000ed800000|100%| O|  |TAMS 0x00000000ed700000| PB 0x00000000ed700000| Untracked |  0
|  216|0x00000000ed800000, 0x00000000ed900000, 0x00000000ed900000|100%| O|Cm|TAMS 0x00000000ed800000| PB 0x00000000ed800000| Complete  |  0
|  217|0x00000000ed900000, 0x00000000eda00000, 0x00000000eda00000|100%| O|  |TAMS 0x00000000ed900000| PB 0x00000000ed900000| Untracked |  0
|  218|0x00000000eda00000, 0x00000000edb00000, 0x00000000edb00000|100%| O|  |TAMS 0x00000000eda00000| PB 0x00000000eda00000| Untracked |  0
|  219|0x00000000edb00000, 0x00000000edc00000, 0x00000000edc00000|100%| O|  |TAMS 0x00000000edb00000| PB 0x00000000edb00000| Untracked |  0
|  220|0x00000000edc00000, 0x00000000edd00000, 0x00000000edd00000|100%| O|  |TAMS 0x00000000edc00000| PB 0x00000000edc00000| Untracked |  0
|  221|0x00000000edd00000, 0x00000000ede00000, 0x00000000ede00000|100%| O|  |TAMS 0x00000000edd00000| PB 0x00000000edd00000| Untracked |  0
|  222|0x00000000ede00000, 0x00000000edf00000, 0x00000000edf00000|100%| O|  |TAMS 0x00000000ede00000| PB 0x00000000ede00000| Untracked |  0
|  223|0x00000000edf00000, 0x00000000ee000000, 0x00000000ee000000|100%| O|  |TAMS 0x00000000edf00000| PB 0x00000000edf00000| Untracked |  0
|  224|0x00000000ee000000, 0x00000000ee100000, 0x00000000ee100000|100%| O|  |TAMS 0x00000000ee000000| PB 0x00000000ee000000| Untracked |  0
|  225|0x00000000ee100000, 0x00000000ee200000, 0x00000000ee200000|100%| O|  |TAMS 0x00000000ee100000| PB 0x00000000ee100000| Untracked |  0
|  226|0x00000000ee200000, 0x00000000ee300000, 0x00000000ee300000|100%| O|  |TAMS 0x00000000ee200000| PB 0x00000000ee200000| Untracked |  0
|  227|0x00000000ee300000, 0x00000000ee400000, 0x00000000ee400000|100%| O|  |TAMS 0x00000000ee300000| PB 0x00000000ee300000| Untracked |  0
|  228|0x00000000ee400000, 0x00000000ee500000, 0x00000000ee500000|100%| O|  |TAMS 0x00000000ee400000| PB 0x00000000ee400000| Untracked |  0
|  229|0x00000000ee500000, 0x00000000ee600000, 0x00000000ee600000|100%| O|  |TAMS 0x00000000ee500000| PB 0x00000000ee500000| Untracked |  0
|  230|0x00000000ee600000, 0x00000000ee600000, 0x00000000ee700000|  0%| F|  |TAMS 0x00000000ee600000| PB 0x00000000ee600000| Untracked |  0
|  231|0x00000000ee700000, 0x00000000ee800000, 0x00000000ee800000|100%| O|  |TAMS 0x00000000ee700000| PB 0x00000000ee700000| Untracked |  0
|  232|0x00000000ee800000, 0x00000000ee900000, 0x00000000ee900000|100%| O|  |TAMS 0x00000000ee800000| PB 0x00000000ee800000| Untracked |  0
|  233|0x00000000ee900000, 0x00000000eea00000, 0x00000000eea00000|100%| O|  |TAMS 0x00000000ee900000| PB 0x00000000ee900000| Untracked |  0
|  234|0x00000000eea00000, 0x00000000eea00000, 0x00000000eeb00000|  0%| F|  |TAMS 0x00000000eea00000| PB 0x00000000eea00000| Untracked |  0
|  235|0x00000000eeb00000, 0x00000000eec00000, 0x00000000eec00000|100%| O|  |TAMS 0x00000000eeb00000| PB 0x00000000eeb00000| Untracked |  0
|  236|0x00000000eec00000, 0x00000000eed00000, 0x00000000eed00000|100%| O|  |TAMS 0x00000000eec00000| PB 0x00000000eec00000| Untracked |  0
|  237|0x00000000eed00000, 0x00000000eee00000, 0x00000000eee00000|100%| O|  |TAMS 0x00000000eed00000| PB 0x00000000eed00000| Untracked |  0
|  238|0x00000000eee00000, 0x00000000eef00000, 0x00000000eef00000|100%| O|Cr|TAMS 0x00000000eee00000| PB 0x00000000eee00000| Complete  |  0
|  239|0x00000000eef00000, 0x00000000ef000000, 0x00000000ef000000|100%| O|  |TAMS 0x00000000eef00000| PB 0x00000000eef00000| Untracked |  0
|  240|0x00000000ef000000, 0x00000000ef100000, 0x00000000ef100000|100%| O|  |TAMS 0x00000000ef000000| PB 0x00000000ef000000| Untracked |  0
|  241|0x00000000ef100000, 0x00000000ef200000, 0x00000000ef200000|100%| O|  |TAMS 0x00000000ef100000| PB 0x00000000ef100000| Untracked |  0
|  242|0x00000000ef200000, 0x00000000ef300000, 0x00000000ef300000|100%| O|  |TAMS 0x00000000ef200000| PB 0x00000000ef200000| Untracked |  0
|  243|0x00000000ef300000, 0x00000000ef300000, 0x00000000ef400000|  0%| F|  |TAMS 0x00000000ef300000| PB 0x00000000ef300000| Untracked |  0
|  244|0x00000000ef400000, 0x00000000ef500000, 0x00000000ef500000|100%| O|  |TAMS 0x00000000ef400000| PB 0x00000000ef400000| Untracked |  0
|  245|0x00000000ef500000, 0x00000000ef600000, 0x00000000ef600000|100%| O|  |TAMS 0x00000000ef500000| PB 0x00000000ef500000| Untracked |  0
|  246|0x00000000ef600000, 0x00000000ef700000, 0x00000000ef700000|100%| O|Cr|TAMS 0x00000000ef600000| PB 0x00000000ef600000| Complete  |  0
|  247|0x00000000ef700000, 0x00000000ef800000, 0x00000000ef800000|100%| O|  |TAMS 0x00000000ef700000| PB 0x00000000ef700000| Untracked |  0
|  248|0x00000000ef800000, 0x00000000ef900000, 0x00000000ef900000|100%| O|Cm|TAMS 0x00000000ef800000| PB 0x00000000ef800000| Complete  |  0
|  249|0x00000000ef900000, 0x00000000efa00000, 0x00000000efa00000|100%| O|  |TAMS 0x00000000ef900000| PB 0x00000000ef900000| Untracked |  0
|  250|0x00000000efa00000, 0x00000000efb00000, 0x00000000efb00000|100%| O|Cm|TAMS 0x00000000efa00000| PB 0x00000000efa00000| Complete  |  0
|  251|0x00000000efb00000, 0x00000000efc00000, 0x00000000efc00000|100%| O|  |TAMS 0x00000000efb00000| PB 0x00000000efb00000| Untracked |  0
|  252|0x00000000efc00000, 0x00000000efd00000, 0x00000000efd00000|100%| O|Cm|TAMS 0x00000000efc00000| PB 0x00000000efc00000| Complete  |  0
|  253|0x00000000efd00000, 0x00000000efe00000, 0x00000000efe00000|100%| O|  |TAMS 0x00000000efd00000| PB 0x00000000efd00000| Untracked |  0
|  254|0x00000000efe00000, 0x00000000eff00000, 0x00000000eff00000|100%| O|  |TAMS 0x00000000efe00000| PB 0x00000000efe00000| Untracked |  0
|  255|0x00000000eff00000, 0x00000000f0000000, 0x00000000f0000000|100%| O|  |TAMS 0x00000000eff00000| PB 0x00000000eff00000| Untracked |  0
|  256|0x00000000f0000000, 0x00000000f0000000, 0x00000000f0100000|  0%| F|  |TAMS 0x00000000f0000000| PB 0x00000000f0000000| Untracked |  0
|  257|0x00000000f0100000, 0x00000000f0200000, 0x00000000f0200000|100%| O|Cr|TAMS 0x00000000f0100000| PB 0x00000000f0100000| Complete  |  0
|  258|0x00000000f0200000, 0x00000000f0300000, 0x00000000f0300000|100%| O|Cr|TAMS 0x00000000f0200000| PB 0x00000000f0200000| Complete  |  0
|  259|0x00000000f0300000, 0x00000000f0400000, 0x00000000f0400000|100%| O|Cr|TAMS 0x00000000f0300000| PB 0x00000000f0300000| Complete  |  0
|  260|0x00000000f0400000, 0x00000000f0500000, 0x00000000f0500000|100%| O|Cm|TAMS 0x00000000f0400000| PB 0x00000000f0400000| Complete  |  0
|  261|0x00000000f0500000, 0x00000000f0600000, 0x00000000f0600000|100%| O|Cm|TAMS 0x00000000f0500000| PB 0x00000000f0500000| Complete  |  0
|  262|0x00000000f0600000, 0x00000000f0700000, 0x00000000f0700000|100%| O|Cr|TAMS 0x00000000f0600000| PB 0x00000000f0600000| Complete  |  0
|  263|0x00000000f0700000, 0x00000000f0700000, 0x00000000f0800000|  0%| F|  |TAMS 0x00000000f0700000| PB 0x00000000f0700000| Untracked |  0
|  264|0x00000000f0800000, 0x00000000f0900000, 0x00000000f0900000|100%| O|Cr|TAMS 0x00000000f0800000| PB 0x00000000f0800000| Complete  |  0
|  265|0x00000000f0900000, 0x00000000f0a00000, 0x00000000f0a00000|100%| O|  |TAMS 0x00000000f0900000| PB 0x00000000f0900000| Untracked |  0
|  266|0x00000000f0a00000, 0x00000000f0b00000, 0x00000000f0b00000|100%| O|  |TAMS 0x00000000f0a00000| PB 0x00000000f0a00000| Untracked |  0
|  267|0x00000000f0b00000, 0x00000000f0c00000, 0x00000000f0c00000|100%| O|Cm|TAMS 0x00000000f0b00000| PB 0x00000000f0b00000| Complete  |  0
|  268|0x00000000f0c00000, 0x00000000f0d00000, 0x00000000f0d00000|100%| O|Cm|TAMS 0x00000000f0c00000| PB 0x00000000f0c00000| Complete  |  0
|  269|0x00000000f0d00000, 0x00000000f0e00000, 0x00000000f0e00000|100%| O|Cm|TAMS 0x00000000f0d00000| PB 0x00000000f0d00000| Complete  |  0
|  270|0x00000000f0e00000, 0x00000000f0f00000, 0x00000000f0f00000|100%| O|  |TAMS 0x00000000f0e00000| PB 0x00000000f0e00000| Untracked |  0
|  271|0x00000000f0f00000, 0x00000000f1000000, 0x00000000f1000000|100%| O|  |TAMS 0x00000000f0f00000| PB 0x00000000f0f00000| Untracked |  0
|  272|0x00000000f1000000, 0x00000000f1100000, 0x00000000f1100000|100%| O|  |TAMS 0x00000000f1000000| PB 0x00000000f1000000| Untracked |  0
|  273|0x00000000f1100000, 0x00000000f1100000, 0x00000000f1200000|  0%| F|  |TAMS 0x00000000f1100000| PB 0x00000000f1100000| Untracked |  0
|  274|0x00000000f1200000, 0x00000000f1300000, 0x00000000f1300000|100%| O|Cr|TAMS 0x00000000f1200000| PB 0x00000000f1200000| Complete  |  0
|  275|0x00000000f1300000, 0x00000000f1300000, 0x00000000f1400000|  0%| F|  |TAMS 0x00000000f1300000| PB 0x00000000f1300000| Untracked |  0
|  276|0x00000000f1400000, 0x00000000f1500000, 0x00000000f1500000|100%| O|  |TAMS 0x00000000f1400000| PB 0x00000000f1400000| Untracked |  0
|  277|0x00000000f1500000, 0x00000000f1600000, 0x00000000f1600000|100%| O|  |TAMS 0x00000000f1500000| PB 0x00000000f1500000| Untracked |  0
|  278|0x00000000f1600000, 0x00000000f1700000, 0x00000000f1700000|100%| O|Cr|TAMS 0x00000000f1600000| PB 0x00000000f1600000| Complete  |  0
|  279|0x00000000f1700000, 0x00000000f1800000, 0x00000000f1800000|100%| O|Cr|TAMS 0x00000000f1700000| PB 0x00000000f1700000| Complete  |  0
|  280|0x00000000f1800000, 0x00000000f1800000, 0x00000000f1900000|  0%| F|  |TAMS 0x00000000f1800000| PB 0x00000000f1800000| Untracked |  0
|  281|0x00000000f1900000, 0x00000000f1a00000, 0x00000000f1a00000|100%| O|  |TAMS 0x00000000f1900000| PB 0x00000000f1900000| Untracked |  0
|  282|0x00000000f1a00000, 0x00000000f1b00000, 0x00000000f1b00000|100%| O|  |TAMS 0x00000000f1a00000| PB 0x00000000f1a00000| Untracked |  0
|  283|0x00000000f1b00000, 0x00000000f1c00000, 0x00000000f1c00000|100%| O|  |TAMS 0x00000000f1b00000| PB 0x00000000f1b00000| Untracked |  0
|  284|0x00000000f1c00000, 0x00000000f1d00000, 0x00000000f1d00000|100%| O|  |TAMS 0x00000000f1c00000| PB 0x00000000f1c00000| Untracked |  0
|  285|0x00000000f1d00000, 0x00000000f1e00000, 0x00000000f1e00000|100%| O|  |TAMS 0x00000000f1d00000| PB 0x00000000f1d00000| Untracked |  0
|  286|0x00000000f1e00000, 0x00000000f1f00000, 0x00000000f1f00000|100%| O|  |TAMS 0x00000000f1e00000| PB 0x00000000f1e00000| Untracked |  0
|  287|0x00000000f1f00000, 0x00000000f2000000, 0x00000000f2000000|100%| O|  |TAMS 0x00000000f1f00000| PB 0x00000000f1f00000| Untracked |  0
|  288|0x00000000f2000000, 0x00000000f2100000, 0x00000000f2100000|100%| O|Cm|TAMS 0x00000000f2000000| PB 0x00000000f2000000| Complete  |  0
|  289|0x00000000f2100000, 0x00000000f2200000, 0x00000000f2200000|100%| O|  |TAMS 0x00000000f2100000| PB 0x00000000f2100000| Untracked |  0
|  290|0x00000000f2200000, 0x00000000f2300000, 0x00000000f2300000|100%| O|  |TAMS 0x00000000f2200000| PB 0x00000000f2200000| Untracked |  0
|  291|0x00000000f2300000, 0x00000000f2400000, 0x00000000f2400000|100%| O|  |TAMS 0x00000000f2300000| PB 0x00000000f2300000| Untracked |  0
|  292|0x00000000f2400000, 0x00000000f2500000, 0x00000000f2500000|100%| O|  |TAMS 0x00000000f2400000| PB 0x00000000f2400000| Untracked |  0
|  293|0x00000000f2500000, 0x00000000f2600000, 0x00000000f2600000|100%| O|  |TAMS 0x00000000f2500000| PB 0x00000000f2500000| Untracked |  0
|  294|0x00000000f2600000, 0x00000000f2700000, 0x00000000f2700000|100%| O|Cr|TAMS 0x00000000f2600000| PB 0x00000000f2600000| Complete  |  0
|  295|0x00000000f2700000, 0x00000000f2800000, 0x00000000f2800000|100%| O|Cm|TAMS 0x00000000f2700000| PB 0x00000000f2700000| Complete  |  0
|  296|0x00000000f2800000, 0x00000000f2900000, 0x00000000f2900000|100%| O|  |TAMS 0x00000000f2800000| PB 0x00000000f2800000| Untracked |  0
|  297|0x00000000f2900000, 0x00000000f2a00000, 0x00000000f2a00000|100%| O|Cr|TAMS 0x00000000f2900000| PB 0x00000000f2900000| Complete  |  0
|  298|0x00000000f2a00000, 0x00000000f2b00000, 0x00000000f2b00000|100%| O|  |TAMS 0x00000000f2a00000| PB 0x00000000f2a00000| Untracked |  0
|  299|0x00000000f2b00000, 0x00000000f2c00000, 0x00000000f2c00000|100%| O|Cm|TAMS 0x00000000f2b00000| PB 0x00000000f2b00000| Complete  |  0
|  300|0x00000000f2c00000, 0x00000000f2d00000, 0x00000000f2d00000|100%| O|Cm|TAMS 0x00000000f2c00000| PB 0x00000000f2c00000| Complete  |  0
|  301|0x00000000f2d00000, 0x00000000f2e00000, 0x00000000f2e00000|100%| O|Cm|TAMS 0x00000000f2d00000| PB 0x00000000f2d00000| Complete  |  0
|  302|0x00000000f2e00000, 0x00000000f2f00000, 0x00000000f2f00000|100%| O|  |TAMS 0x00000000f2e00000| PB 0x00000000f2e00000| Untracked |  0
|  303|0x00000000f2f00000, 0x00000000f3000000, 0x00000000f3000000|100%| O|  |TAMS 0x00000000f2f00000| PB 0x00000000f2f00000| Untracked |  0
|  304|0x00000000f3000000, 0x00000000f3100000, 0x00000000f3100000|100%| O|  |TAMS 0x00000000f3000000| PB 0x00000000f3000000| Untracked |  0
|  305|0x00000000f3100000, 0x00000000f3200000, 0x00000000f3200000|100%| O|  |TAMS 0x00000000f3100000| PB 0x00000000f3100000| Untracked |  0
|  306|0x00000000f3200000, 0x00000000f3300000, 0x00000000f3300000|100%| O|  |TAMS 0x00000000f3200000| PB 0x00000000f3200000| Untracked |  0
|  307|0x00000000f3300000, 0x00000000f3400000, 0x00000000f3400000|100%| O|  |TAMS 0x00000000f3300000| PB 0x00000000f3300000| Untracked |  0
|  308|0x00000000f3400000, 0x00000000f3500000, 0x00000000f3500000|100%| O|Cr|TAMS 0x00000000f3400000| PB 0x00000000f3400000| Complete  |  0
|  309|0x00000000f3500000, 0x00000000f358b0e0, 0x00000000f3600000| 54%| S|CS|TAMS 0x00000000f3500000| PB 0x00000000f3500000| Complete  |  0
|  310|0x00000000f3600000, 0x00000000f3700000, 0x00000000f3700000|100%| S|CS|TAMS 0x00000000f3600000| PB 0x00000000f3600000| Complete  |  0
|  311|0x00000000f3700000, 0x00000000f3800000, 0x00000000f3800000|100%| O|  |TAMS 0x00000000f3700000| PB 0x00000000f3700000| Untracked |  0
|  312|0x00000000f3800000, 0x00000000f3900000, 0x00000000f3900000|100%| O|Cr|TAMS 0x00000000f3800000| PB 0x00000000f3800000| Complete  |  0
|  313|0x00000000f3900000, 0x00000000f3a00000, 0x00000000f3a00000|100%| O|Cr|TAMS 0x00000000f3900000| PB 0x00000000f3900000| Complete  |  0
|  314|0x00000000f3a00000, 0x00000000f3b00000, 0x00000000f3b00000|100%| O|  |TAMS 0x00000000f3a00000| PB 0x00000000f3a00000| Untracked |  0
|  315|0x00000000f3b00000, 0x00000000f3c00000, 0x00000000f3c00000|100%| O|Cr|TAMS 0x00000000f3b00000| PB 0x00000000f3b00000| Complete  |  0
|  316|0x00000000f3c00000, 0x00000000f3d00000, 0x00000000f3d00000|100%| O|Cr|TAMS 0x00000000f3c00000| PB 0x00000000f3c00000| Complete  |  0
|  317|0x00000000f3d00000, 0x00000000f3e00000, 0x00000000f3e00000|100%| O|Cr|TAMS 0x00000000f3d00000| PB 0x00000000f3d00000| Complete  |  0
|  318|0x00000000f3e00000, 0x00000000f3f00000, 0x00000000f3f00000|100%| O|Cr|TAMS 0x00000000f3e00000| PB 0x00000000f3e00000| Complete  |  0
|  319|0x00000000f3f00000, 0x00000000f4000000, 0x00000000f4000000|100%| O|Cr|TAMS 0x00000000f3f00000| PB 0x00000000f3f00000| Complete  |  0
|  320|0x00000000f4000000, 0x00000000f4100000, 0x00000000f4100000|100%| O|Cr|TAMS 0x00000000f4000000| PB 0x00000000f4000000| Complete  |  0
|  321|0x00000000f4100000, 0x00000000f4200000, 0x00000000f4200000|100%| O|Cr|TAMS 0x00000000f4100000| PB 0x00000000f4100000| Complete  |  0
|  322|0x00000000f4200000, 0x00000000f4300000, 0x00000000f4300000|100%| O|Cr|TAMS 0x00000000f4200000| PB 0x00000000f4200000| Complete  |  0
|  323|0x00000000f4300000, 0x00000000f4400000, 0x00000000f4400000|100%| O|Cr|TAMS 0x00000000f4300000| PB 0x00000000f4300000| Complete  |  0
|  324|0x00000000f4400000, 0x00000000f4500000, 0x00000000f4500000|100%| O|Cr|TAMS 0x00000000f4400000| PB 0x00000000f4400000| Complete  |  0
|  325|0x00000000f4500000, 0x00000000f4600000, 0x00000000f4600000|100%| O|Cr|TAMS 0x00000000f4500000| PB 0x00000000f4500000| Complete  |  0
|  326|0x00000000f4600000, 0x00000000f4700000, 0x00000000f4700000|100%| O|Cr|TAMS 0x00000000f4600000| PB 0x00000000f4600000| Complete  |  0
|  327|0x00000000f4700000, 0x00000000f4800000, 0x00000000f4800000|100%| O|Cr|TAMS 0x00000000f4700000| PB 0x00000000f4700000| Complete  |  0
|  328|0x00000000f4800000, 0x00000000f4900000, 0x00000000f4900000|100%| O|Cr|TAMS 0x00000000f4800000| PB 0x00000000f4800000| Complete  |  0
|  329|0x00000000f4900000, 0x00000000f4a00000, 0x00000000f4a00000|100%| O|Cr|TAMS 0x00000000f4900000| PB 0x00000000f4900000| Complete  |  0
|  330|0x00000000f4a00000, 0x00000000f4b00000, 0x00000000f4b00000|100%| O|Cr|TAMS 0x00000000f4a00000| PB 0x00000000f4a00000| Complete  |  0
|  331|0x00000000f4b00000, 0x00000000f4c00000, 0x00000000f4c00000|100%| O|Cr|TAMS 0x00000000f4b00000| PB 0x00000000f4b00000| Complete  |  0
|  332|0x00000000f4c00000, 0x00000000f4d00000, 0x00000000f4d00000|100%| O|Cr|TAMS 0x00000000f4c00000| PB 0x00000000f4c00000| Complete  |  0
|  333|0x00000000f4d00000, 0x00000000f4e00000, 0x00000000f4e00000|100%| O|Cr|TAMS 0x00000000f4d00000| PB 0x00000000f4d00000| Complete  |  0
|  334|0x00000000f4e00000, 0x00000000f4f00000, 0x00000000f4f00000|100%| O|Cr|TAMS 0x00000000f4e00000| PB 0x00000000f4e00000| Complete  |  0
|  335|0x00000000f4f00000, 0x00000000f5000000, 0x00000000f5000000|100%| O|Cr|TAMS 0x00000000f4f00000| PB 0x00000000f4f00000| Complete  |  0
|  336|0x00000000f5000000, 0x00000000f5100000, 0x00000000f5100000|100%| O|Cr|TAMS 0x00000000f5000000| PB 0x00000000f5000000| Complete  |  0
|  337|0x00000000f5100000, 0x00000000f5200000, 0x00000000f5200000|100%| O|Cr|TAMS 0x00000000f5100000| PB 0x00000000f5100000| Complete  |  0
|  338|0x00000000f5200000, 0x00000000f5300000, 0x00000000f5300000|100%| O|Cr|TAMS 0x00000000f5200000| PB 0x00000000f5200000| Complete  |  0
|  339|0x00000000f5300000, 0x00000000f5400000, 0x00000000f5400000|100%| O|Cr|TAMS 0x00000000f5300000| PB 0x00000000f5300000| Complete  |  0
|  340|0x00000000f5400000, 0x00000000f5500000, 0x00000000f5500000|100%| O|Cr|TAMS 0x00000000f5400000| PB 0x00000000f5400000| Complete  |  0
|  341|0x00000000f5500000, 0x00000000f5600000, 0x00000000f5600000|100%| O|Cr|TAMS 0x00000000f5500000| PB 0x00000000f5500000| Complete  |  0
|  342|0x00000000f5600000, 0x00000000f5700000, 0x00000000f5700000|100%| O|Cr|TAMS 0x00000000f5600000| PB 0x00000000f5600000| Complete  |  0
|  343|0x00000000f5700000, 0x00000000f5800000, 0x00000000f5800000|100%| O|Cr|TAMS 0x00000000f5700000| PB 0x00000000f5700000| Complete  |  0
|  344|0x00000000f5800000, 0x00000000f5900000, 0x00000000f5900000|100%| O|Cr|TAMS 0x00000000f5800000| PB 0x00000000f5800000| Complete  |  0
|  345|0x00000000f5900000, 0x00000000f5a00000, 0x00000000f5a00000|100%| O|  |TAMS 0x00000000f5900000| PB 0x00000000f5900000| Untracked |  0
|  346|0x00000000f5a00000, 0x00000000f5b00000, 0x00000000f5b00000|100%| O|  |TAMS 0x00000000f5a00000| PB 0x00000000f5a00000| Untracked |  0
|  347|0x00000000f5b00000, 0x00000000f5c00000, 0x00000000f5c00000|100%| O|  |TAMS 0x00000000f5b00000| PB 0x00000000f5b00000| Untracked |  0
|  348|0x00000000f5c00000, 0x00000000f5d00000, 0x00000000f5d00000|100%| O|  |TAMS 0x00000000f5c00000| PB 0x00000000f5c00000| Untracked |  0
|  349|0x00000000f5d00000, 0x00000000f5e00000, 0x00000000f5e00000|100%| O|  |TAMS 0x00000000f5d00000| PB 0x00000000f5d00000| Untracked |  0
|  350|0x00000000f5e00000, 0x00000000f5f00000, 0x00000000f5f00000|100%| O|  |TAMS 0x00000000f5e00000| PB 0x00000000f5e00000| Untracked |  0
|  351|0x00000000f5f00000, 0x00000000f6000000, 0x00000000f6000000|100%| O|Cr|TAMS 0x00000000f5f00000| PB 0x00000000f5f00000| Complete  |  0
|  352|0x00000000f6000000, 0x00000000f6100000, 0x00000000f6100000|100%| O|Cr|TAMS 0x00000000f6000000| PB 0x00000000f6000000| Complete  |  0
|  353|0x00000000f6100000, 0x00000000f6200000, 0x00000000f6200000|100%| O|Cr|TAMS 0x00000000f6100000| PB 0x00000000f6100000| Complete  |  0
|  354|0x00000000f6200000, 0x00000000f6300000, 0x00000000f6300000|100%| O|Cr|TAMS 0x00000000f6200000| PB 0x00000000f6200000| Complete  |  0
|  355|0x00000000f6300000, 0x00000000f6400000, 0x00000000f6400000|100%| O|Cr|TAMS 0x00000000f6300000| PB 0x00000000f6300000| Complete  |  0
|  356|0x00000000f6400000, 0x00000000f6500000, 0x00000000f6500000|100%| O|Cr|TAMS 0x00000000f6400000| PB 0x00000000f6400000| Complete  |  0
|  357|0x00000000f6500000, 0x00000000f6500000, 0x00000000f6600000|  0%| F|  |TAMS 0x00000000f6500000| PB 0x00000000f6500000| Untracked |  0
|  358|0x00000000f6600000, 0x00000000f6700000, 0x00000000f6700000|100%| O|Cr|TAMS 0x00000000f6600000| PB 0x00000000f6600000| Complete  |  0
|  359|0x00000000f6700000, 0x00000000f6800000, 0x00000000f6800000|100%| O|Cr|TAMS 0x00000000f6700000| PB 0x00000000f6700000| Complete  |  0
|  360|0x00000000f6800000, 0x00000000f6900000, 0x00000000f6900000|100%| O|Cr|TAMS 0x00000000f6800000| PB 0x00000000f6800000| Complete  |  0
|  361|0x00000000f6900000, 0x00000000f6a00000, 0x00000000f6a00000|100%| O|Cr|TAMS 0x00000000f6900000| PB 0x00000000f6900000| Complete  |  0
|  362|0x00000000f6a00000, 0x00000000f6b00000, 0x00000000f6b00000|100%| O|Cr|TAMS 0x00000000f6a00000| PB 0x00000000f6a00000| Complete  |  0
|  363|0x00000000f6b00000, 0x00000000f6c00000, 0x00000000f6c00000|100%| O|Cr|TAMS 0x00000000f6b00000| PB 0x00000000f6b00000| Complete  |  0
|  364|0x00000000f6c00000, 0x00000000f6d00000, 0x00000000f6d00000|100%| O|Cr|TAMS 0x00000000f6c00000| PB 0x00000000f6c00000| Complete  |  0
|  365|0x00000000f6d00000, 0x00000000f6e00000, 0x00000000f6e00000|100%| O|Cr|TAMS 0x00000000f6d00000| PB 0x00000000f6d00000| Complete  |  0
|  366|0x00000000f6e00000, 0x00000000f6f00000, 0x00000000f6f00000|100%| O|Cr|TAMS 0x00000000f6e00000| PB 0x00000000f6e00000| Complete  |  0
|  367|0x00000000f6f00000, 0x00000000f7000000, 0x00000000f7000000|100%| O|Cr|TAMS 0x00000000f6f00000| PB 0x00000000f6f00000| Complete  |  0
|  368|0x00000000f7000000, 0x00000000f7100000, 0x00000000f7100000|100%| O|Cr|TAMS 0x00000000f7000000| PB 0x00000000f7000000| Complete  |  0
|  369|0x00000000f7100000, 0x00000000f7200000, 0x00000000f7200000|100%| O|Cr|TAMS 0x00000000f7100000| PB 0x00000000f7100000| Complete  |  0
|  370|0x00000000f7200000, 0x00000000f7300000, 0x00000000f7300000|100%| O|Cr|TAMS 0x00000000f7200000| PB 0x00000000f7200000| Complete  |  0
|  371|0x00000000f7300000, 0x00000000f7400000, 0x00000000f7400000|100%| O|Cr|TAMS 0x00000000f7300000| PB 0x00000000f7300000| Complete  |  0
|  372|0x00000000f7400000, 0x00000000f7500000, 0x00000000f7500000|100%| O|Cr|TAMS 0x00000000f7400000| PB 0x00000000f7400000| Complete  |  0
|  373|0x00000000f7500000, 0x00000000f7600000, 0x00000000f7600000|100%| O|Cr|TAMS 0x00000000f7500000| PB 0x00000000f7500000| Complete  |  0
|  374|0x00000000f7600000, 0x00000000f7700000, 0x00000000f7700000|100%| O|Cr|TAMS 0x00000000f7600000| PB 0x00000000f7600000| Complete  |  0
|  375|0x00000000f7700000, 0x00000000f7800000, 0x00000000f7800000|100%| O|Cr|TAMS 0x00000000f7700000| PB 0x00000000f7700000| Complete  |  0
|  376|0x00000000f7800000, 0x00000000f7900000, 0x00000000f7900000|100%| O|Cr|TAMS 0x00000000f7800000| PB 0x00000000f7800000| Complete  |  0
|  377|0x00000000f7900000, 0x00000000f7a00000, 0x00000000f7a00000|100%| O|Cr|TAMS 0x00000000f7900000| PB 0x00000000f7900000| Complete  |  0
|  378|0x00000000f7a00000, 0x00000000f7b00000, 0x00000000f7b00000|100%| O|Cr|TAMS 0x00000000f7a00000| PB 0x00000000f7a00000| Complete  |  0
|  379|0x00000000f7b00000, 0x00000000f7c00000, 0x00000000f7c00000|100%| O|Cr|TAMS 0x00000000f7b00000| PB 0x00000000f7b00000| Complete  |  0
|  380|0x00000000f7c00000, 0x00000000f7d00000, 0x00000000f7d00000|100%| O|Cr|TAMS 0x00000000f7c00000| PB 0x00000000f7c00000| Complete  |  0
|  381|0x00000000f7d00000, 0x00000000f7e00000, 0x00000000f7e00000|100%| O|Cr|TAMS 0x00000000f7d00000| PB 0x00000000f7d00000| Complete  |  0
|  382|0x00000000f7e00000, 0x00000000f7f00000, 0x00000000f7f00000|100%| O|Cr|TAMS 0x00000000f7e00000| PB 0x00000000f7e00000| Complete  |  0
|  383|0x00000000f7f00000, 0x00000000f8000000, 0x00000000f8000000|100%| O|Cr|TAMS 0x00000000f7f00000| PB 0x00000000f7f00000| Complete  |  0
|  384|0x00000000f8000000, 0x00000000f8100000, 0x00000000f8100000|100%| O|Cr|TAMS 0x00000000f8000000| PB 0x00000000f8000000| Complete  |  0
|  385|0x00000000f8100000, 0x00000000f8200000, 0x00000000f8200000|100%| O|Cr|TAMS 0x00000000f8100000| PB 0x00000000f8100000| Complete  |  0
|  386|0x00000000f8200000, 0x00000000f8300000, 0x00000000f8300000|100%| O|Cr|TAMS 0x00000000f8200000| PB 0x00000000f8200000| Complete  |  0
|  387|0x00000000f8300000, 0x00000000f8400000, 0x00000000f8400000|100%| O|Cr|TAMS 0x00000000f8300000| PB 0x00000000f8300000| Complete  |  0
|  388|0x00000000f8400000, 0x00000000f8500000, 0x00000000f8500000|100%| O|Cr|TAMS 0x00000000f8400000| PB 0x00000000f8400000| Complete  |  0
|  389|0x00000000f8500000, 0x00000000f8600000, 0x00000000f8600000|100%| O|Cr|TAMS 0x00000000f8500000| PB 0x00000000f8500000| Complete  |  0
|  390|0x00000000f8600000, 0x00000000f8700000, 0x00000000f8700000|100%| O|Cr|TAMS 0x00000000f8600000| PB 0x00000000f8600000| Complete  |  0
|  391|0x00000000f8700000, 0x00000000f8800000, 0x00000000f8800000|100%| O|Cr|TAMS 0x00000000f8700000| PB 0x00000000f8700000| Complete  |  0
|  392|0x00000000f8800000, 0x00000000f8800000, 0x00000000f8900000|  0%| F|  |TAMS 0x00000000f8800000| PB 0x00000000f8800000| Untracked |  0
|  393|0x00000000f8900000, 0x00000000f8900000, 0x00000000f8a00000|  0%| F|  |TAMS 0x00000000f8900000| PB 0x00000000f8900000| Untracked |  0
|  394|0x00000000f8a00000, 0x00000000f8a00000, 0x00000000f8b00000|  0%| F|  |TAMS 0x00000000f8a00000| PB 0x00000000f8a00000| Untracked |  0
|  395|0x00000000f8b00000, 0x00000000f8c00000, 0x00000000f8c00000|100%| O|Cr|TAMS 0x00000000f8b00000| PB 0x00000000f8b00000| Complete  |  0
|  396|0x00000000f8c00000, 0x00000000f8d00000, 0x00000000f8d00000|100%| O|Cr|TAMS 0x00000000f8c00000| PB 0x00000000f8c00000| Complete  |  0
|  397|0x00000000f8d00000, 0x00000000f8e00000, 0x00000000f8e00000|100%| O|Cr|TAMS 0x00000000f8d00000| PB 0x00000000f8d00000| Complete  |  0
|  398|0x00000000f8e00000, 0x00000000f8f00000, 0x00000000f8f00000|100%| O|Cr|TAMS 0x00000000f8e00000| PB 0x00000000f8e00000| Complete  |  0
|  399|0x00000000f8f00000, 0x00000000f9000000, 0x00000000f9000000|100%| O|Cr|TAMS 0x00000000f8f00000| PB 0x00000000f8f00000| Complete  |  0
|  400|0x00000000f9000000, 0x00000000f9100000, 0x00000000f9100000|100%| O|Cr|TAMS 0x00000000f9000000| PB 0x00000000f9000000| Complete  |  0
|  401|0x00000000f9100000, 0x00000000f9200000, 0x00000000f9200000|100%| O|Cr|TAMS 0x00000000f9100000| PB 0x00000000f9100000| Complete  |  0
|  402|0x00000000f9200000, 0x00000000f9300000, 0x00000000f9300000|100%| O|Cr|TAMS 0x00000000f9200000| PB 0x00000000f9200000| Complete  |  0
|  403|0x00000000f9300000, 0x00000000f9400000, 0x00000000f9400000|100%| O|Cr|TAMS 0x00000000f9300000| PB 0x00000000f9300000| Complete  |  0
|  404|0x00000000f9400000, 0x00000000f9500000, 0x00000000f9500000|100%| O|Cr|TAMS 0x00000000f9400000| PB 0x00000000f9400000| Complete  |  0
|  405|0x00000000f9500000, 0x00000000f9600000, 0x00000000f9600000|100%| O|Cr|TAMS 0x00000000f9500000| PB 0x00000000f9500000| Complete  |  0
|  406|0x00000000f9600000, 0x00000000f9700000, 0x00000000f9700000|100%| O|Cr|TAMS 0x00000000f9600000| PB 0x00000000f9600000| Complete  |  0
|  407|0x00000000f9700000, 0x00000000f9800000, 0x00000000f9800000|100%| O|Cr|TAMS 0x00000000f9700000| PB 0x00000000f9700000| Complete  |  0
|  408|0x00000000f9800000, 0x00000000f9900000, 0x00000000f9900000|100%| O|Cr|TAMS 0x00000000f9800000| PB 0x00000000f9800000| Complete  |  0
|  409|0x00000000f9900000, 0x00000000f9a00000, 0x00000000f9a00000|100%| O|Cr|TAMS 0x00000000f9900000| PB 0x00000000f9900000| Complete  |  0
|  410|0x00000000f9a00000, 0x00000000f9b00000, 0x00000000f9b00000|100%| O|Cr|TAMS 0x00000000f9a00000| PB 0x00000000f9a00000| Complete  |  0
|  411|0x00000000f9b00000, 0x00000000f9c00000, 0x00000000f9c00000|100%| O|Cr|TAMS 0x00000000f9b00000| PB 0x00000000f9b00000| Complete  |  0
|  412|0x00000000f9c00000, 0x00000000f9d00000, 0x00000000f9d00000|100%| O|Cr|TAMS 0x00000000f9c00000| PB 0x00000000f9c00000| Complete  |  0
|  413|0x00000000f9d00000, 0x00000000f9e00000, 0x00000000f9e00000|100%| O|Cr|TAMS 0x00000000f9d00000| PB 0x00000000f9d00000| Complete  |  0
|  414|0x00000000f9e00000, 0x00000000f9f00000, 0x00000000f9f00000|100%| O|Cr|TAMS 0x00000000f9e00000| PB 0x00000000f9e00000| Complete  |  0
|  415|0x00000000f9f00000, 0x00000000fa000000, 0x00000000fa000000|100%| O|Cr|TAMS 0x00000000f9f00000| PB 0x00000000f9f00000| Complete  |  0
|  416|0x00000000fa000000, 0x00000000fa100000, 0x00000000fa100000|100%| O|Cr|TAMS 0x00000000fa000000| PB 0x00000000fa000000| Complete  |  0
|  417|0x00000000fa100000, 0x00000000fa200000, 0x00000000fa200000|100%| O|Cr|TAMS 0x00000000fa100000| PB 0x00000000fa100000| Complete  |  0
|  418|0x00000000fa200000, 0x00000000fa300000, 0x00000000fa300000|100%| O|Cr|TAMS 0x00000000fa200000| PB 0x00000000fa200000| Complete  |  0
|  419|0x00000000fa300000, 0x00000000fa400000, 0x00000000fa400000|100%| O|Cr|TAMS 0x00000000fa300000| PB 0x00000000fa300000| Complete  |  0
|  420|0x00000000fa400000, 0x00000000fa500000, 0x00000000fa500000|100%| O|Cr|TAMS 0x00000000fa400000| PB 0x00000000fa400000| Complete  |  0
|  421|0x00000000fa500000, 0x00000000fa600000, 0x00000000fa600000|100%| O|Cr|TAMS 0x00000000fa500000| PB 0x00000000fa500000| Complete  |  0
|  422|0x00000000fa600000, 0x00000000fa700000, 0x00000000fa700000|100%| O|Cr|TAMS 0x00000000fa600000| PB 0x00000000fa600000| Complete  |  0
|  423|0x00000000fa700000, 0x00000000fa800000, 0x00000000fa800000|100%| O|Cr|TAMS 0x00000000fa700000| PB 0x00000000fa700000| Complete  |  0
|  424|0x00000000fa800000, 0x00000000fa900000, 0x00000000fa900000|100%| O|Cr|TAMS 0x00000000fa800000| PB 0x00000000fa800000| Complete  |  0
|  425|0x00000000fa900000, 0x00000000faa00000, 0x00000000faa00000|100%| O|Cr|TAMS 0x00000000fa900000| PB 0x00000000fa900000| Complete  |  0
|  426|0x00000000faa00000, 0x00000000fab00000, 0x00000000fab00000|100%| O|Cr|TAMS 0x00000000faa00000| PB 0x00000000faa00000| Complete  |  0
|  427|0x00000000fab00000, 0x00000000fac00000, 0x00000000fac00000|100%| O|Cr|TAMS 0x00000000fab00000| PB 0x00000000fab00000| Complete  |  0
|  428|0x00000000fac00000, 0x00000000fad00000, 0x00000000fad00000|100%| O|Cr|TAMS 0x00000000fac00000| PB 0x00000000fac00000| Complete  |  0
|  429|0x00000000fad00000, 0x00000000fae00000, 0x00000000fae00000|100%| O|Cr|TAMS 0x00000000fad00000| PB 0x00000000fad00000| Complete  |  0
|  430|0x00000000fae00000, 0x00000000faf00000, 0x00000000faf00000|100%| O|Cr|TAMS 0x00000000fae00000| PB 0x00000000fae00000| Complete  |  0
|  431|0x00000000faf00000, 0x00000000fb000000, 0x00000000fb000000|100%| O|Cr|TAMS 0x00000000faf00000| PB 0x00000000faf00000| Complete  |  0
|  432|0x00000000fb000000, 0x00000000fb100000, 0x00000000fb100000|100%| O|Cr|TAMS 0x00000000fb000000| PB 0x00000000fb000000| Complete  |  0
|  433|0x00000000fb100000, 0x00000000fb200000, 0x00000000fb200000|100%| O|Cr|TAMS 0x00000000fb100000| PB 0x00000000fb100000| Complete  |  0
|  434|0x00000000fb200000, 0x00000000fb300000, 0x00000000fb300000|100%| O|Cr|TAMS 0x00000000fb200000| PB 0x00000000fb200000| Complete  |  0
|  435|0x00000000fb300000, 0x00000000fb400000, 0x00000000fb400000|100%| O|Cr|TAMS 0x00000000fb300000| PB 0x00000000fb300000| Complete  |  0
|  436|0x00000000fb400000, 0x00000000fb500000, 0x00000000fb500000|100%| O|Cr|TAMS 0x00000000fb400000| PB 0x00000000fb400000| Complete  |  0
|  437|0x00000000fb500000, 0x00000000fb600000, 0x00000000fb600000|100%| O|Cr|TAMS 0x00000000fb500000| PB 0x00000000fb500000| Complete  |  0
|  438|0x00000000fb600000, 0x00000000fb700000, 0x00000000fb700000|100%| O|Cr|TAMS 0x00000000fb600000| PB 0x00000000fb600000| Complete  |  0
|  439|0x00000000fb700000, 0x00000000fb800000, 0x00000000fb800000|100%| O|Cr|TAMS 0x00000000fb700000| PB 0x00000000fb700000| Complete  |  0
|  440|0x00000000fb800000, 0x00000000fb900000, 0x00000000fb900000|100%| O|Cm|TAMS 0x00000000fb800000| PB 0x00000000fb800000| Complete  |  0
|  441|0x00000000fb900000, 0x00000000fba00000, 0x00000000fba00000|100%| O|Cm|TAMS 0x00000000fb900000| PB 0x00000000fb900000| Complete  |  0
|  442|0x00000000fba00000, 0x00000000fbb00000, 0x00000000fbb00000|100%| O|  |TAMS 0x00000000fba00000| PB 0x00000000fba00000| Untracked |  0
|  443|0x00000000fbb00000, 0x00000000fbc00000, 0x00000000fbc00000|100%| O|Cr|TAMS 0x00000000fbb00000| PB 0x00000000fbb00000| Complete  |  0
|  444|0x00000000fbc00000, 0x00000000fbd00000, 0x00000000fbd00000|100%| O|Cr|TAMS 0x00000000fbc00000| PB 0x00000000fbc00000| Complete  |  0
|  445|0x00000000fbd00000, 0x00000000fbe00000, 0x00000000fbe00000|100%| O|Cr|TAMS 0x00000000fbd00000| PB 0x00000000fbd00000| Complete  |  0
|  446|0x00000000fbe00000, 0x00000000fbf00000, 0x00000000fbf00000|100%| O|Cr|TAMS 0x00000000fbe00000| PB 0x00000000fbe00000| Complete  |  0
|  447|0x00000000fbf00000, 0x00000000fc000000, 0x00000000fc000000|100%| O|Cr|TAMS 0x00000000fbf00000| PB 0x00000000fbf00000| Complete  |  0
|  448|0x00000000fc000000, 0x00000000fc100000, 0x00000000fc100000|100%| O|Cr|TAMS 0x00000000fc000000| PB 0x00000000fc000000| Complete  |  0
|  449|0x00000000fc100000, 0x00000000fc200000, 0x00000000fc200000|100%| O|Cr|TAMS 0x00000000fc100000| PB 0x00000000fc100000| Complete  |  0
|  450|0x00000000fc200000, 0x00000000fc300000, 0x00000000fc300000|100%| O|Cr|TAMS 0x00000000fc200000| PB 0x00000000fc200000| Complete  |  0
|  451|0x00000000fc300000, 0x00000000fc400000, 0x00000000fc400000|100%| O|Cr|TAMS 0x00000000fc300000| PB 0x00000000fc300000| Complete  |  0
|  452|0x00000000fc400000, 0x00000000fc500000, 0x00000000fc500000|100%| O|Cr|TAMS 0x00000000fc400000| PB 0x00000000fc400000| Complete  |  0
|  453|0x00000000fc500000, 0x00000000fc600000, 0x00000000fc600000|100%| O|Cr|TAMS 0x00000000fc500000| PB 0x00000000fc500000| Complete  |  0
|  454|0x00000000fc600000, 0x00000000fc700000, 0x00000000fc700000|100%| O|Cr|TAMS 0x00000000fc600000| PB 0x00000000fc600000| Complete  |  0
|  455|0x00000000fc700000, 0x00000000fc800000, 0x00000000fc800000|100%| O|Cr|TAMS 0x00000000fc700000| PB 0x00000000fc700000| Complete  |  0
|  456|0x00000000fc800000, 0x00000000fc900000, 0x00000000fc900000|100%| O|Cr|TAMS 0x00000000fc800000| PB 0x00000000fc800000| Complete  |  0
|  457|0x00000000fc900000, 0x00000000fca00000, 0x00000000fca00000|100%| O|Cr|TAMS 0x00000000fc900000| PB 0x00000000fc900000| Complete  |  0
|  458|0x00000000fca00000, 0x00000000fcb00000, 0x00000000fcb00000|100%| O|Cr|TAMS 0x00000000fca00000| PB 0x00000000fca00000| Complete  |  0
|  459|0x00000000fcb00000, 0x00000000fcc00000, 0x00000000fcc00000|100%| O|Cr|TAMS 0x00000000fcb00000| PB 0x00000000fcb00000| Complete  |  0
|  460|0x00000000fcc00000, 0x00000000fcd00000, 0x00000000fcd00000|100%| O|Cr|TAMS 0x00000000fcc00000| PB 0x00000000fcc00000| Complete  |  0
|  461|0x00000000fcd00000, 0x00000000fce00000, 0x00000000fce00000|100%| O|Cr|TAMS 0x00000000fcd00000| PB 0x00000000fcd00000| Complete  |  0
|  462|0x00000000fce00000, 0x00000000fcf00000, 0x00000000fcf00000|100%| O|Cr|TAMS 0x00000000fce00000| PB 0x00000000fce00000| Complete  |  0
|  463|0x00000000fcf00000, 0x00000000fd000000, 0x00000000fd000000|100%| O|Cr|TAMS 0x00000000fcf00000| PB 0x00000000fcf00000| Complete  |  0
|  464|0x00000000fd000000, 0x00000000fd100000, 0x00000000fd100000|100%| O|Cr|TAMS 0x00000000fd000000| PB 0x00000000fd000000| Complete  |  0
|  465|0x00000000fd100000, 0x00000000fd200000, 0x00000000fd200000|100%| O|Cr|TAMS 0x00000000fd100000| PB 0x00000000fd100000| Complete  |  0
|  466|0x00000000fd200000, 0x00000000fd300000, 0x00000000fd300000|100%| O|Cr|TAMS 0x00000000fd200000| PB 0x00000000fd200000| Complete  |  0
|  467|0x00000000fd300000, 0x00000000fd300000, 0x00000000fd400000|  0%| F|  |TAMS 0x00000000fd300000| PB 0x00000000fd300000| Untracked |  0
|  468|0x00000000fd400000, 0x00000000fd400000, 0x00000000fd500000|  0%| F|  |TAMS 0x00000000fd400000| PB 0x00000000fd400000| Untracked |  0
|  469|0x00000000fd500000, 0x00000000fd500000, 0x00000000fd600000|  0%| F|  |TAMS 0x00000000fd500000| PB 0x00000000fd500000| Untracked |  0
|  470|0x00000000fd600000, 0x00000000fd600000, 0x00000000fd700000|  0%| F|  |TAMS 0x00000000fd600000| PB 0x00000000fd600000| Untracked |  0
|  471|0x00000000fd700000, 0x00000000fd700000, 0x00000000fd800000|  0%| F|  |TAMS 0x00000000fd700000| PB 0x00000000fd700000| Untracked |  0
|  472|0x00000000fd800000, 0x00000000fd800000, 0x00000000fd900000|  0%| F|  |TAMS 0x00000000fd800000| PB 0x00000000fd800000| Untracked |  0
|  473|0x00000000fd900000, 0x00000000fda00000, 0x00000000fda00000|100%| O|  |TAMS 0x00000000fd900000| PB 0x00000000fd900000| Untracked |  0
|  474|0x00000000fda00000, 0x00000000fda00000, 0x00000000fdb00000|  0%| F|  |TAMS 0x00000000fda00000| PB 0x00000000fda00000| Untracked |  0
|  475|0x00000000fdb00000, 0x00000000fdb00000, 0x00000000fdc00000|  0%| F|  |TAMS 0x00000000fdb00000| PB 0x00000000fdb00000| Untracked |  0
|  476|0x00000000fdc00000, 0x00000000fdc00000, 0x00000000fdd00000|  0%| F|  |TAMS 0x00000000fdc00000| PB 0x00000000fdc00000| Untracked |  0
|  477|0x00000000fdd00000, 0x00000000fdd00000, 0x00000000fde00000|  0%| F|  |TAMS 0x00000000fdd00000| PB 0x00000000fdd00000| Untracked |  0
|  478|0x00000000fde00000, 0x00000000fde00000, 0x00000000fdf00000|  0%| F|  |TAMS 0x00000000fde00000| PB 0x00000000fde00000| Untracked |  0
|  479|0x00000000fdf00000, 0x00000000fdf00000, 0x00000000fe000000|  0%| F|  |TAMS 0x00000000fdf00000| PB 0x00000000fdf00000| Untracked |  0
|  480|0x00000000fe000000, 0x00000000fe000000, 0x00000000fe100000|  0%| F|  |TAMS 0x00000000fe000000| PB 0x00000000fe000000| Untracked |  0
|  481|0x00000000fe100000, 0x00000000fe200000, 0x00000000fe200000|100%| O|  |TAMS 0x00000000fe100000| PB 0x00000000fe100000| Untracked |  0
|  482|0x00000000fe200000, 0x00000000fe200000, 0x00000000fe300000|  0%| F|  |TAMS 0x00000000fe200000| PB 0x00000000fe200000| Untracked |  0
|  483|0x00000000fe300000, 0x00000000fe400000, 0x00000000fe400000|100%| O|  |TAMS 0x00000000fe300000| PB 0x00000000fe300000| Untracked |  0
|  484|0x00000000fe400000, 0x00000000fe400000, 0x00000000fe500000|  0%| F|  |TAMS 0x00000000fe400000| PB 0x00000000fe400000| Untracked |  0
|  485|0x00000000fe500000, 0x00000000fe600000, 0x00000000fe600000|100%| O|  |TAMS 0x00000000fe500000| PB 0x00000000fe500000| Untracked |  0
|  486|0x00000000fe600000, 0x00000000fe700000, 0x00000000fe700000|100%| O|  |TAMS 0x00000000fe600000| PB 0x00000000fe600000| Untracked |  0
|  487|0x00000000fe700000, 0x00000000fe800000, 0x00000000fe800000|100%| O|  |TAMS 0x00000000fe700000| PB 0x00000000fe700000| Untracked |  0
|  488|0x00000000fe800000, 0x00000000fe800000, 0x00000000fe900000|  0%| F|  |TAMS 0x00000000fe800000| PB 0x00000000fe800000| Untracked |  0
|  489|0x00000000fe900000, 0x00000000fe900000, 0x00000000fea00000|  0%| F|  |TAMS 0x00000000fe900000| PB 0x00000000fe900000| Untracked |  0
|  490|0x00000000fea00000, 0x00000000fea79880, 0x00000000feb00000| 47%| E|CS|TAMS 0x00000000fea00000| PB 0x00000000fea00000| Complete  |  0
|  491|0x00000000feb00000, 0x00000000fec00000, 0x00000000fec00000|100%| E|CS|TAMS 0x00000000feb00000| PB 0x00000000feb00000| Complete  |  0
|  492|0x00000000fec00000, 0x00000000fed00000, 0x00000000fed00000|100%| E|CS|TAMS 0x00000000fec00000| PB 0x00000000fec00000| Complete  |  0
|  493|0x00000000fed00000, 0x00000000fee00000, 0x00000000fee00000|100%| E|CS|TAMS 0x00000000fed00000| PB 0x00000000fed00000| Complete  |  0
|  494|0x00000000fee00000, 0x00000000fef00000, 0x00000000fef00000|100%| O|  |TAMS 0x00000000fee00000| PB 0x00000000fee00000| Untracked |  0
|  495|0x00000000fef00000, 0x00000000ff000000, 0x00000000ff000000|100%| E|CS|TAMS 0x00000000fef00000| PB 0x00000000fef00000| Complete  |  0
|  496|0x00000000ff000000, 0x00000000ff100000, 0x00000000ff100000|100%| O|Cr|TAMS 0x00000000ff000000| PB 0x00000000ff000000| Complete  |  0
|  497|0x00000000ff100000, 0x00000000ff200000, 0x00000000ff200000|100%| E|CS|TAMS 0x00000000ff100000| PB 0x00000000ff100000| Complete  |  0
|  498|0x00000000ff200000, 0x00000000ff300000, 0x00000000ff300000|100%| O|Cr|TAMS 0x00000000ff200000| PB 0x00000000ff200000| Complete  |  0
|  499|0x00000000ff300000, 0x00000000ff400000, 0x00000000ff400000|100%| O|  |TAMS 0x00000000ff300000| PB 0x00000000ff300000| Untracked |  0
|  500|0x00000000ff400000, 0x00000000ff500000, 0x00000000ff500000|100%| O|Cr|TAMS 0x00000000ff400000| PB 0x00000000ff400000| Complete  |  0
|  501|0x00000000ff500000, 0x00000000ff600000, 0x00000000ff600000|100%| O|Cr|TAMS 0x00000000ff500000| PB 0x00000000ff500000| Complete  |  0
|  502|0x00000000ff600000, 0x00000000ff700000, 0x00000000ff700000|100%| O|  |TAMS 0x00000000ff600000| PB 0x00000000ff600000| Untracked |  0
|  503|0x00000000ff700000, 0x00000000ff800000, 0x00000000ff800000|100%| O|  |TAMS 0x00000000ff700000| PB 0x00000000ff700000| Untracked |  0
|  504|0x00000000ff800000, 0x00000000ff900000, 0x00000000ff900000|100%| O|  |TAMS 0x00000000ff800000| PB 0x00000000ff800000| Untracked |  0
|  505|0x00000000ff900000, 0x00000000ffa00000, 0x00000000ffa00000|100%| O|  |TAMS 0x00000000ff900000| PB 0x00000000ff900000| Untracked |  0
|  506|0x00000000ffa00000, 0x00000000ffb00000, 0x00000000ffb00000|100%| O|  |TAMS 0x00000000ffa00000| PB 0x00000000ffa00000| Untracked |  0
|  507|0x00000000ffb00000, 0x00000000ffc00000, 0x00000000ffc00000|100%| O|  |TAMS 0x00000000ffb00000| PB 0x00000000ffb00000| Untracked |  0
|  508|0x00000000ffc00000, 0x00000000ffd00000, 0x00000000ffd00000|100%| O|Cr|TAMS 0x00000000ffc00000| PB 0x00000000ffc00000| Complete  |  0
|  509|0x00000000ffd00000, 0x00000000ffe00000, 0x00000000ffe00000|100%| O|  |TAMS 0x00000000ffd00000| PB 0x00000000ffd00000| Untracked |  0
|  510|0x00000000ffe00000, 0x00000000fff00000, 0x00000000fff00000|100%| O|  |TAMS 0x00000000ffe00000| PB 0x00000000ffe00000| Untracked |  0
|  511|0x00000000fff00000, 0x0000000100000000, 0x0000000100000000|100%| O|  |TAMS 0x00000000fff00000| PB 0x00000000fff00000| Untracked |  0

Card table byte_map: [0x000001c77b550000,0x000001c77b650000] _byte_map_base: 0x000001c77ae50000
Refinement table byte_map: [0x000001c77b450000,0x000001c77b550000] _byte_map_base: 0x000001c77ad50000

Marking Bits: (CMBitMap*) 0x000001c77a74d870
 Bits: [0x000001c77b650000, 0x000001c77be50000)

Polling page: 0x000001c778540000

Metaspace:
Metaspace        used 230010K, committed 231296K, reserved 1310720K
 class space     used 27279K, committed 27840K, reserved 1048576K

Usage:
  Non-class:    197.98 MB used.
      Class:     26.64 MB used.
       Both:    224.62 MB used.

Virtual space:
  Non-class space:      256.00 MB reserved,     198.69 MB ( 78%) committed,  4 nodes.
      Class space:        1.00 GB reserved,      27.19 MB (  3%) committed,  1 nodes.
             Both:        1.25 GB reserved,     225.88 MB ( 18%) committed. 

Chunk freelists:
   Non-Class:  8.97 MB
       Class:  4.91 MB
        Both:  13.88 MB

MaxMetaspaceSize: unlimited
CompressedClassSpaceSize: 1.00 GB
Initial GC threshold: 21.00 MB
Current GC threshold: 376.38 MB
CDS: on
 - commit_granule_bytes: 65536.
 - commit_granule_words: 8192.
 - virtual_space_node_default_size: 8388608.
 - enlarge_chunks_in_place: 1.
UseCompressedClassPointers 1, UseCompactObjectHeaders 0
Narrow klass pointer bits 32, Max shift 3
Narrow klass base: 0x0000000020000000, Narrow klass shift: 0
Encoding Range: [0x0000000020000000 - 0x0000000120000000), (4294967296 bytes)
Klass Range:    [0x0000000020000000 - 0x0000000061000000), (1090519040 bytes)
Klass ID Range:  [8 - 1090519033) (1090519025)
Protection zone: [0x0000000020000000 - 0x0000000020010000), (65536 bytes)


Internal statistics:

num_allocs_failed_limit: 6.
num_arena_births: 2040.
num_arena_deaths: 614.
num_vsnodes_births: 5.
num_vsnodes_deaths: 0.
num_space_committed: 3614.
num_space_uncommitted: 0.
num_chunks_returned_to_freelist: 639.
num_chunks_taken_from_freelist: 10324.
num_chunk_merges: 163.
num_chunk_splits: 7663.
num_chunks_enlarged: 6524.
num_inconsistent_stats: 0.

CodeHeap 'non-profiled nmethods': size=119168Kb used=13532Kb max_used=17056Kb free=105635Kb
 bounds [0x000001c7109f0000, 0x000001c711aa0000, 0x000001c717e50000]
CodeHeap 'profiled nmethods': size=119168Kb used=29612Kb max_used=34321Kb free=89555Kb
 bounds [0x000001c708e40000, 0x000001c70afd0000, 0x000001c7102a0000]
CodeHeap 'non-nmethods': size=7488Kb used=2140Kb max_used=4022Kb free=5347Kb
 bounds [0x000001c7102a0000, 0x000001c7106a0000, 0x000001c7109f0000]
CodeCache: size=245824Kb, used=45284Kb, max_used=55399Kb, free=200537Kb
 total_blobs=21879, nmethods=20645, adapters=1134, full_count=0
Compilation: enabled, stopped_count=0, restarted_count=0

Compilation events (20 events):
Event: 680.124 Thread 0x000001c77e8840e0 62131       3       kotlinx.coroutines.Empty::$jacocoInit (52 bytes)
Event: 680.125 Thread 0x000001c77e8840e0 nmethod 62131 0x000001c708e72a08 code [0x000001c708e72b00, 0x000001c708e73388]
Event: 682.804 Thread 0x000001c77e87e530 62132   !   4       org.postgresql.jdbc.PgStatement::executeInternal (734 bytes)
Event: 682.827 Thread 0x000001c77e87e530 nmethod 62132 0x000001c711781f08 code [0x000001c711782000, 0x000001c711784008]
Event: 682.907 Thread 0x000001c77e87e530 62133       4       org.postgresql.jdbc.PgStatement$StatementResultHandler::getResults (13 bytes)
Event: 682.908 Thread 0x000001c77e87e530 nmethod 62133 0x000001c710bdce88 code [0x000001c710bdcf80, 0x000001c710bdd038]
Event: 683.105 Thread 0x000001c77e87e530 62134   !   4       org.postgresql.jdbc.PgStatement::execute (243 bytes)
Event: 683.111 Thread 0x000001c77e87e530 nmethod 62134 0x000001c710a02288 code [0x000001c710a02380, 0x000001c710a02af8]
Event: 683.322 Thread 0x000001c77e87e530 62135       4       org.postgresql.core.v3.SimpleParameterList::getTypeOIDs (15 bytes)
Event: 683.322 Thread 0x000001c77e87e530 nmethod 62135 0x000001c710bf0c08 code [0x000001c710bf0d00, 0x000001c710bf0dc0]
Event: 684.223 Thread 0x000001c77e87e530 62136       4       org.postgresql.core.v3.QueryExecutorImpl::registerOpenPortal (81 bytes)
Event: 684.224 Thread 0x000001c77e87e530 nmethod 62136 0x000001c710c09008 code [0x000001c710c09100, 0x000001c710c091f0]
Event: 684.631 Thread 0x000001c77e87e530 62137       4       org.postgresql.jdbc.PgStatement$StatementResultHandler::append (51 bytes)
Event: 684.631 Thread 0x000001c77e87e530 nmethod 62137 0x000001c710f53a08 code [0x000001c710f53b00, 0x000001c710f53d58]
Event: 686.983 Thread 0x000001c77e8840e0 62138       3       org.postgresql.core.Parser::checkParsePosition (70 bytes)
Event: 686.983 Thread 0x000001c77e8840e0 nmethod 62138 0x000001c708f28d88 code [0x000001c708f28e80, 0x000001c708f29840]
Event: 687.995 Thread 0x000001c77e8840e0 62139       3       org.postgresql.core.Parser::parseSingleQuotes (274 bytes)
Event: 687.996 Thread 0x000001c77e8840e0 nmethod 62139 0x000001c708fc4c88 code [0x000001c708fc4d80, 0x000001c708fc56a0]
Event: 687.996 Thread 0x000001c77e87e530 62140       4       org.postgresql.core.v3.QueryExecutorImpl::sendParse (708 bytes)
Event: 688.413 Thread 0x000001c77e8840e0 62143 %     3       org.postgresql.core.Parser::parseJdbcSql @ 201 (2898 bytes)

GC Heap Usage History (20 events):
Event: 445.697 {heap Before GC invocations=140 (full 0):
 garbage-first heap   total reserved 524288K, committed 524288K, used 495073K [0x00000000e0000000, 0x0000000100000000)
  region size 1M, 183 eden (183M), 8 survivor (8M), 289 old (289M), 5 humongous (5M), 27 free (27M)
}
Event: 445.707 {heap After GC invocations=141 (full 0):
 garbage-first heap   total reserved 524288K, committed 524288K, used 311395K [0x00000000e0000000, 0x0000000100000000)
  region size 1M, 0 eden (0M), 11 survivor (11M), 289 old (289M), 5 humongous (5M), 207 free (207M)
}
Event: 446.311 {heap Before GC invocations=142 (full 0):
 garbage-first heap   total reserved 524288K, committed 524288K, used 495715K [0x00000000e0000000, 0x0000000100000000)
  region size 1M, 180 eden (180M), 11 survivor (11M), 289 old (289M), 5 humongous (5M), 27 free (27M)
}
Event: 446.322 {heap After GC invocations=143 (full 0):
 garbage-first heap   total reserved 524288K, committed 524288K, used 313647K [0x00000000e0000000, 0x0000000100000000)
  region size 1M, 0 eden (0M), 13 survivor (13M), 289 old (289M), 5 humongous (5M), 205 free (205M)
}
Event: 446.795 {heap Before GC invocations=143 (full 0):
 garbage-first heap   total reserved 524288K, committed 524288K, used 495919K [0x00000000e0000000, 0x0000000100000000)
  region size 1M, 178 eden (178M), 13 survivor (13M), 289 old (289M), 5 humongous (5M), 27 free (27M)
}
Event: 446.809 {heap After GC invocations=144 (full 0):
 garbage-first heap   total reserved 524288K, committed 524288K, used 307931K [0x00000000e0000000, 0x0000000100000000)
  region size 1M, 0 eden (0M), 15 survivor (15M), 282 old (282M), 5 humongous (5M), 210 free (210M)
}
Event: 450.429 {heap Before GC invocations=144 (full 0):
 garbage-first heap   total reserved 524288K, committed 524288K, used 494299K [0x00000000e0000000, 0x0000000100000000)
  region size 1M, 183 eden (183M), 15 survivor (15M), 282 old (282M), 5 humongous (5M), 27 free (27M)
}
Event: 450.444 {heap After GC invocations=145 (full 0):
 garbage-first heap   total reserved 524288K, committed 514048K, used 311345K [0x00000000e0000000, 0x0000000100000000)
  region size 1M, 0 eden (0M), 17 survivor (17M), 283 old (283M), 5 humongous (5M), 197 free (197M)
}
Event: 485.303 {heap Before GC invocations=146 (full 0):
 garbage-first heap   total reserved 524288K, committed 514048K, used 483377K [0x00000000e0000000, 0x0000000100000000)
  region size 1M, 171 eden (171M), 17 survivor (17M), 281 old (281M), 5 humongous (5M), 28 free (28M)
}
Event: 485.320 {heap After GC invocations=147 (full 0):
 garbage-first heap   total reserved 524288K, committed 514048K, used 312689K [0x00000000e0000000, 0x0000000100000000)
  region size 1M, 0 eden (0M), 15 survivor (15M), 287 old (287M), 5 humongous (5M), 195 free (195M)
}
Event: 505.757 {heap Before GC invocations=147 (full 0):
 garbage-first heap   total reserved 524288K, committed 514048K, used 485745K [0x00000000e0000000, 0x0000000100000000)
  region size 1M, 169 eden (169M), 15 survivor (15M), 287 old (287M), 5 humongous (5M), 26 free (26M)
}
Event: 505.787 {heap After GC invocations=148 (full 0):
 garbage-first heap   total reserved 524288K, committed 516096K, used 303669K [0x00000000e0000000, 0x0000000100000000)
  region size 1M, 0 eden (0M), 20 survivor (20M), 273 old (273M), 5 humongous (5M), 206 free (206M)
}
Event: 511.069 {heap Before GC invocations=148 (full 0):
 garbage-first heap   total reserved 524288K, committed 516096K, used 487989K [0x00000000e0000000, 0x0000000100000000)
  region size 1M, 180 eden (180M), 20 survivor (20M), 273 old (273M), 5 humongous (5M), 26 free (26M)
}
Event: 511.107 {heap After GC invocations=149 (full 0):
 garbage-first heap   total reserved 524288K, committed 524288K, used 461824K [0x00000000e0000000, 0x0000000100000000)
  region size 1M, 0 eden (0M), 25 survivor (25M), 421 old (421M), 5 humongous (5M), 61 free (61M)
}
Event: 521.529 {heap Before GC invocations=150 (full 0):
 garbage-first heap   total reserved 524288K, committed 524288K, used 496640K [0x00000000e0000000, 0x0000000100000000)
  region size 1M, 34 eden (34M), 25 survivor (25M), 421 old (421M), 5 humongous (5M), 27 free (27M)
}
Event: 521.558 {heap After GC invocations=151 (full 0):
 garbage-first heap   total reserved 524288K, committed 524288K, used 484971K [0x00000000e0000000, 0x0000000100000000)
  region size 1M, 0 eden (0M), 5 survivor (5M), 464 old (464M), 5 humongous (5M), 38 free (38M)
}
Event: 527.030 {heap Before GC invocations=151 (full 0):
 garbage-first heap   total reserved 524288K, committed 524288K, used 510571K [0x00000000e0000000, 0x0000000100000000)
  region size 1M, 25 eden (25M), 5 survivor (5M), 464 old (464M), 5 humongous (5M), 13 free (13M)
}
Event: 527.058 {heap After GC invocations=152 (full 0):
 garbage-first heap   total reserved 524288K, committed 524288K, used 491520K [0x00000000e0000000, 0x0000000100000000)
  region size 1M, 0 eden (0M), 2 survivor (2M), 473 old (473M), 5 humongous (5M), 32 free (32M)
}
Event: 623.599 {heap Before GC invocations=152 (full 0):
 garbage-first heap   total reserved 524288K, committed 524288K, used 517120K [0x00000000e0000000, 0x0000000100000000)
  region size 1M, 25 eden (25M), 2 survivor (2M), 473 old (473M), 5 humongous (5M), 7 free (7M)
}
Event: 623.617 {heap After GC invocations=153 (full 0):
 garbage-first heap   total reserved 524288K, committed 524288K, used 480812K [0x00000000e0000000, 0x0000000100000000)
  region size 1M, 0 eden (0M), 2 survivor (2M), 463 old (463M), 5 humongous (5M), 42 free (42M)
}

Metaspace Usage History (20 events):
Event: 445.697 {metaspace Before GC invocations=140 (full 0):
 Metaspace       used 219301K, committed 220288K, reserved 1245184K
  class space    used 26122K, committed 26560K, reserved 1048576K
}
Event: 445.707 {metaspace After GC invocations=141 (full 0):
 Metaspace       used 219301K, committed 220288K, reserved 1245184K
  class space    used 26122K, committed 26560K, reserved 1048576K
}
Event: 446.311 {metaspace Before GC invocations=142 (full 0):
 Metaspace       used 219430K, committed 220416K, reserved 1245184K
  class space    used 26123K, committed 26560K, reserved 1048576K
}
Event: 446.322 {metaspace After GC invocations=143 (full 0):
 Metaspace       used 219430K, committed 220416K, reserved 1245184K
  class space    used 26123K, committed 26560K, reserved 1048576K
}
Event: 446.795 {metaspace Before GC invocations=143 (full 0):
 Metaspace       used 219506K, committed 220480K, reserved 1245184K
  class space    used 26128K, committed 26560K, reserved 1048576K
}
Event: 446.809 {metaspace After GC invocations=144 (full 0):
 Metaspace       used 219506K, committed 220480K, reserved 1245184K
  class space    used 26128K, committed 26560K, reserved 1048576K
}
Event: 450.429 {metaspace Before GC invocations=144 (full 0):
 Metaspace       used 224715K, committed 225728K, reserved 1310720K
  class space    used 26725K, committed 27200K, reserved 1048576K
}
Event: 450.444 {metaspace After GC invocations=145 (full 0):
 Metaspace       used 224715K, committed 225728K, reserved 1310720K
  class space    used 26725K, committed 27200K, reserved 1048576K
}
Event: 485.303 {metaspace Before GC invocations=146 (full 0):
 Metaspace       used 227796K, committed 228864K, reserved 1310720K
  class space    used 27067K, committed 27584K, reserved 1048576K
}
Event: 485.320 {metaspace After GC invocations=147 (full 0):
 Metaspace       used 227796K, committed 228864K, reserved 1310720K
  class space    used 27067K, committed 27584K, reserved 1048576K
}
Event: 505.758 {metaspace Before GC invocations=147 (full 0):
 Metaspace       used 229834K, committed 230976K, reserved 1310720K
  class space    used 27331K, committed 27840K, reserved 1048576K
}
Event: 505.787 {metaspace After GC invocations=148 (full 0):
 Metaspace       used 229834K, committed 230976K, reserved 1310720K
  class space    used 27331K, committed 27840K, reserved 1048576K
}
Event: 511.069 {metaspace Before GC invocations=148 (full 0):
 Metaspace       used 230107K, committed 231232K, reserved 1310720K
  class space    used 27353K, committed 27840K, reserved 1048576K
}
Event: 511.107 {metaspace After GC invocations=149 (full 0):
 Metaspace       used 230107K, committed 231232K, reserved 1310720K
  class space    used 27353K, committed 27840K, reserved 1048576K
}
Event: 521.529 {metaspace Before GC invocations=150 (full 0):
 Metaspace       used 229964K, committed 231232K, reserved 1310720K
  class space    used 27299K, committed 27840K, reserved 1048576K
}
Event: 521.558 {metaspace After GC invocations=151 (full 0):
 Metaspace       used 229964K, committed 231232K, reserved 1310720K
  class space    used 27299K, committed 27840K, reserved 1048576K
}
Event: 527.030 {metaspace Before GC invocations=151 (full 0):
 Metaspace       used 229968K, committed 231232K, reserved 1310720K
  class space    used 27299K, committed 27840K, reserved 1048576K
}
Event: 527.058 {metaspace After GC invocations=152 (full 0):
 Metaspace       used 229968K, committed 231232K, reserved 1310720K
  class space    used 27299K, committed 27840K, reserved 1048576K
}
Event: 623.599 {metaspace Before GC invocations=152 (full 0):
 Metaspace       used 230009K, committed 231232K, reserved 1310720K
  class space    used 27299K, committed 27840K, reserved 1048576K
}
Event: 623.617 {metaspace After GC invocations=153 (full 0):
 Metaspace       used 230009K, committed 231232K, reserved 1310720K
  class space    used 27299K, committed 27840K, reserved 1048576K
}

Dll operation events (20 events):
Event: 0.100 Attempting to load shared library C:\Users\Stephan Prantl\.jdks\corretto-26.0.1\bin\zip.dll
Event: 0.100 Loaded shared library C:\Users\Stephan Prantl\.jdks\corretto-26.0.1\bin\zip.dll
Event: 0.177 Attempting to load shared library C:\Users\Stephan Prantl\.jdks\corretto-26.0.1\bin\verify.dll
Event: 0.177 Loaded shared library C:\Users\Stephan Prantl\.jdks\corretto-26.0.1\bin\verify.dll
Event: 0.194 Attempting to load shared library C:\Users\Stephan Prantl\.jdks\corretto-26.0.1\bin\jimage.dll
Event: 0.194 Loaded shared library C:\Users\Stephan Prantl\.jdks\corretto-26.0.1\bin\jimage.dll
Event: 0.463 Attempting to load shared library C:\Users\Stephan Prantl\.jdks\corretto-26.0.1\bin\extnet.dll
Event: 0.463 Loaded shared library C:\Users\Stephan Prantl\.jdks\corretto-26.0.1\bin\extnet.dll
Event: 0.536 Attempting to load shared library C:\Users\Stephan Prantl\.jdks\corretto-26.0.1\bin\sunmscapi.dll
Event: 0.537 Loaded shared library C:\Users\Stephan Prantl\.jdks\corretto-26.0.1\bin\sunmscapi.dll
Event: 206.054 Attempting to load shared library C:\Users\Stephan Prantl\.jdks\corretto-26.0.1\bin\management.dll
Event: 206.055 Loaded shared library C:\Users\Stephan Prantl\.jdks\corretto-26.0.1\bin\management.dll
Event: 206.057 Attempting to load shared library C:\Users\Stephan Prantl\.jdks\corretto-26.0.1\bin\management_ext.dll
Event: 206.059 Loaded shared library C:\Users\Stephan Prantl\.jdks\corretto-26.0.1\bin\management_ext.dll
Event: 206.757 Attempting to load shared library C:\Users\Stephan Prantl\.jdks\corretto-26.0.1\bin\instrument.dll
Event: 206.757 Loaded shared library C:\Users\Stephan Prantl\.jdks\corretto-26.0.1\bin\instrument.dll
Event: 421.833 Attempting to load shared library C:\Users\Stephan Prantl\.jdks\corretto-26.0.1\bin\awt.dll
Event: 421.840 Loaded shared library C:\Users\Stephan Prantl\.jdks\corretto-26.0.1\bin\awt.dll
Event: 421.949 Attempting to load shared library C:\Users\Stephan Prantl\.jdks\corretto-26.0.1\bin\lcms.dll
Event: 421.950 Loaded shared library C:\Users\Stephan Prantl\.jdks\corretto-26.0.1\bin\lcms.dll

Deoptimization events (20 events):
Event: 527.137 Thread 0x000001c77a724660 DEOPT PACKING pc=0x000001c709cf9571 sp=0x00000094622f96e0
Event: 527.137 Thread 0x000001c77a724660 DEOPT UNPACKING pc=0x000001c7102f1a02 sp=0x00000094622f8bd0 mode 0
Event: 527.948 Thread 0x000001c726d77fa0 DEOPT PACKING pc=0x000001c70a89f0df sp=0x0000009469cfefd0
Event: 527.948 Thread 0x000001c726d77fa0 DEOPT UNPACKING pc=0x000001c7102f1a02 sp=0x0000009469cfe460 mode 0
Event: 678.998 Thread 0x000001c77a724660 Uncommon trap: trap_request=0xfffffff4 fr.pc=0x000001c710f61b20 relative=0x00000000000015a0
Event: 678.998 Thread 0x000001c77a724660 Uncommon trap: reason=null_check action=make_not_entrant pc=0x000001c710f61b20 method=jdk.internal.loader.BuiltinClassLoader.findMiscResource(Ljava/lang/String;)Ljava/util/List; @ 13 c2
Event: 678.998 Thread 0x000001c77a724660 DEOPT PACKING pc=0x000001c710f61b20 sp=0x00000094622f95c0
Event: 678.998 Thread 0x000001c77a724660 DEOPT UNPACKING pc=0x000001c7103c3d82 sp=0x00000094622f9598 mode 2
Event: 678.999 Thread 0x000001c77a724660 Uncommon trap: trap_request=0xffffff45 fr.pc=0x000001c71198d268 relative=0x0000000000000ee8
Event: 678.999 Thread 0x000001c77a724660 Uncommon trap: reason=unstable_if action=reinterpret pc=0x000001c71198d268 method=java.io.BufferedReader.readLine(Z[Z)Ljava/lang/String; @ 33 c2
Event: 678.999 Thread 0x000001c77a724660 DEOPT PACKING pc=0x000001c71198d268 sp=0x00000094622f9810
Event: 678.999 Thread 0x000001c77a724660 DEOPT UNPACKING pc=0x000001c7103c3d82 sp=0x00000094622f97d8 mode 2
Event: 687.995 Thread 0x000001c77a724660 Uncommon trap: trap_request=0xffffff45 fr.pc=0x000001c7117cbfac relative=0x000000000000032c
Event: 687.995 Thread 0x000001c77a724660 Uncommon trap: reason=unstable_if action=reinterpret pc=0x000001c7117cbfac method=org.postgresql.core.Parser.parseSingleQuotes([CIZ)I @ 61 c2
Event: 687.995 Thread 0x000001c77a724660 DEOPT PACKING pc=0x000001c7117cbfac sp=0x00000094622f9460
Event: 687.995 Thread 0x000001c77a724660 DEOPT UNPACKING pc=0x000001c7103c3d82 sp=0x00000094622f93e0 mode 2
Event: 687.996 Thread 0x000001c77a724660 Uncommon trap: trap_request=0xffffff45 fr.pc=0x000001c710ea5cf4 relative=0x0000000000008174
Event: 687.996 Thread 0x000001c77a724660 Uncommon trap: reason=unstable_if action=reinterpret pc=0x000001c710ea5cf4 method=org.postgresql.core.Parser.parseSingleQuotes([CIZ)I @ 61 c2
Event: 687.996 Thread 0x000001c77a724660 DEOPT PACKING pc=0x000001c710ea5cf4 sp=0x00000094622f94d0
Event: 687.996 Thread 0x000001c77a724660 DEOPT UNPACKING pc=0x000001c7103c3d82 sp=0x00000094622f9440 mode 2

Classes loaded (20 events):
Event: 514.184 Loading class org/flywaydb/core/internal/command/clean/CleanExecutor
Event: 514.184 Loading class org/flywaydb/core/internal/command/clean/CleanExecutor done
Event: 514.602 Loading class org/flywaydb/core/internal/command/clean/CleanExecutor
Event: 514.602 Loading class org/flywaydb/core/internal/command/clean/CleanExecutor done
Event: 514.701 Loading class org/flywaydb/core/internal/database/base/Schema
Event: 514.701 Loading class org/flywaydb/core/internal/database/base/Schema done
Event: 514.701 Loading class org/flywaydb/core/internal/database/base/Schema
Event: 514.701 Loading class org/flywaydb/core/internal/database/base/Schema done
Event: 514.701 Loading class org/flywaydb/core/internal/database/base/Schema
Event: 514.701 Loading class org/flywaydb/core/internal/database/base/Schema done
Event: 514.701 Loading class org/flywaydb/core/internal/database/base/Schema
Event: 514.701 Loading class org/flywaydb/core/internal/database/base/Schema done
Event: 516.427 Loading class org/flywaydb/core/internal/database/base/Schema
Event: 516.427 Loading class org/flywaydb/core/internal/database/base/Schema done
Event: 518.265 Loading class org/flywaydb/core/internal/command/clean/CleanExecutor
Event: 518.265 Loading class org/flywaydb/core/internal/command/clean/CleanExecutor done
Event: 518.265 Loading class org/flywaydb/core/internal/database/base/Schema
Event: 518.265 Loading class org/flywaydb/core/internal/database/base/Schema done
Event: 663.796 Loading class org/postgresql/jdbc/BatchResultHandler
Event: 663.796 Loading class org/postgresql/jdbc/BatchResultHandler done

Classes unloaded (20 events):
Event: 623.720 Thread 0x000001c77e8544a0 Unloading class 0x0000000022615000 'java/lang/invoke/LambdaForm$DMH+0x0000000022615000'
Event: 623.720 Thread 0x000001c77e8544a0 Unloading class 0x000000002261c800 'java/lang/invoke/LambdaForm$MH+0x000000002261c800'
Event: 623.720 Thread 0x000001c77e8544a0 Unloading class 0x000000002241c400 'java/lang/invoke/LambdaForm$BMH+0x000000002241c400'
Event: 623.720 Thread 0x000001c77e8544a0 Unloading class 0x00000000221a8800 'java/lang/invoke/LambdaForm$MH+0x00000000221a8800'
Event: 623.720 Thread 0x000001c77e8544a0 Unloading class 0x00000000221a3000 'java/lang/invoke/LambdaForm$MH+0x00000000221a3000'
Event: 623.720 Thread 0x000001c77e8544a0 Unloading class 0x0000000021bfc400 'java/lang/invoke/LambdaForm$MH+0x0000000021bfc400'
Event: 623.720 Thread 0x000001c77e8544a0 Unloading class 0x0000000021bfc000 'java/lang/invoke/LambdaForm$MH+0x0000000021bfc000'
Event: 623.720 Thread 0x000001c77e8544a0 Unloading class 0x0000000021ae3400 'java/lang/invoke/LambdaForm$MH+0x0000000021ae3400'
Event: 623.720 Thread 0x000001c77e8544a0 Unloading class 0x00000000219ec000 'java/lang/invoke/LambdaForm$MH+0x00000000219ec000'
Event: 623.720 Thread 0x000001c77e8544a0 Unloading class 0x0000000021971000 'java/lang/invoke/LambdaForm$MH+0x0000000021971000'
Event: 623.720 Thread 0x000001c77e8544a0 Unloading class 0x0000000021970c00 'java/lang/invoke/LambdaForm$MH+0x0000000021970c00'
Event: 623.720 Thread 0x000001c77e8544a0 Unloading class 0x00000000215e0400 'java/lang/invoke/LambdaForm$MH+0x00000000215e0400'
Event: 623.720 Thread 0x000001c77e8544a0 Unloading class 0x00000000215e0000 'java/lang/invoke/LambdaForm$MH+0x00000000215e0000'
Event: 623.720 Thread 0x000001c77e8544a0 Unloading class 0x0000000021540000 'java/lang/invoke/LambdaForm$MH+0x0000000021540000'
Event: 623.720 Thread 0x000001c77e8544a0 Unloading class 0x0000000021510000 'java/lang/invoke/LambdaForm$MH+0x0000000021510000'
Event: 623.720 Thread 0x000001c77e8544a0 Unloading class 0x0000000021414400 'java/lang/invoke/LambdaForm$BMH+0x0000000021414400'
Event: 623.720 Thread 0x000001c77e8544a0 Unloading class 0x0000000021230400 'java/lang/invoke/LambdaForm$MH+0x0000000021230400'
Event: 623.720 Thread 0x000001c77e8544a0 Unloading class 0x0000000021100400 'java/lang/invoke/LambdaForm$MH+0x0000000021100400'
Event: 623.720 Thread 0x000001c77e8544a0 Unloading class 0x0000000021091c00 'java/lang/invoke/LambdaForm$MH+0x0000000021091c00'
Event: 623.720 Thread 0x000001c77e8544a0 Unloading class 0x0000000021091800 'java/lang/invoke/LambdaForm$MH+0x0000000021091800'

Classes redefined (20 events):
Event: 492.585 Thread 0x000001c77e8544a0 redefined class name=java.sql.DriverManager, count=12
Event: 493.738 Thread 0x000001c77e8544a0 redefined class name=java.sql.DriverManager, count=13
Event: 493.838 Thread 0x000001c77e8544a0 redefined class name=java.sql.DriverManager, count=14
Event: 495.026 Thread 0x000001c77e8544a0 redefined class name=java.sql.DriverManager, count=15
Event: 495.126 Thread 0x000001c77e8544a0 redefined class name=java.sql.DriverManager, count=16
Event: 495.341 Thread 0x000001c77e8544a0 redefined class name=java.sql.DriverManager, count=17
Event: 495.440 Thread 0x000001c77e8544a0 redefined class name=java.sql.DriverManager, count=18
Event: 495.527 Thread 0x000001c77e8544a0 redefined class name=java.sql.DriverManager, count=19
Event: 495.641 Thread 0x000001c77e8544a0 redefined class name=java.sql.DriverManager, count=20
Event: 495.737 Thread 0x000001c77e8544a0 redefined class name=java.sql.DriverManager, count=21
Event: 495.861 Thread 0x000001c77e8544a0 redefined class name=java.sql.DriverManager, count=22
Event: 496.089 Thread 0x000001c77e8544a0 redefined class name=java.sql.DriverManager, count=23
Event: 496.229 Thread 0x000001c77e8544a0 redefined class name=org.springframework.web.servlet.mvc.method.annotation.SseEmitter, count=2
Event: 496.229 Thread 0x000001c77e8544a0 redefined class name=org.springframework.web.servlet.mvc.method.annotation.ResponseBodyEmitter, count=2
Event: 496.330 Thread 0x000001c77e8544a0 redefined class name=at.wrk.tafel.admin.backend.database.common.sseoutbox.SseOutboxListenerService, count=2
Event: 496.406 Thread 0x000001c77e8544a0 redefined class name=at.wrk.tafel.admin.backend.database.common.sseoutbox.TestJsonPayload, count=2
Event: 505.831 Thread 0x000001c77e8544a0 redefined class name=at.wrk.tafel.admin.backend.database.common.sseoutbox.SseOutboxEntity, count=3
Event: 505.938 Thread 0x000001c77e8544a0 redefined class name=org.flywaydb.core.api.callback.Context, count=2
Event: 506.073 Thread 0x000001c77e8544a0 redefined class name=org.springframework.jdbc.datasource.init.ScriptUtils, count=1
Event: 506.174 Thread 0x000001c77e8544a0 redefined class name=org.springframework.jdbc.datasource.init.ScriptUtils, count=2

Internal exceptions (20 events):
Event: 505.791 Thread 0x000001c77a724660 Implicit null exception at 0x000001c711007e5a to 0x000001c711008564
Event: 505.793 Thread 0x000001c77a724660 Exception <a 'java/lang/ClassCastException'{0x00000000fed76218}: class java.lang.Object cannot be cast to class at.wrk.tafel.admin.backend.database.common.sseoutbox.TestJsonPayload (java.lang.Object is in module java.base of loader 'bootstrap'; at.wrk.tafel.admin.backend.database.common.sseoutbox.TestJsonPayload is in unnamed module of loader 'app')> (0x00000000fed76218) 
thrown [s\src\hotspot\share\interpreter\interpreterRuntime.cpp, line 436]
Event: 505.891 Thread 0x000001c77a724660 Exception <a 'java/lang/ClassCastException'{0x00000000fecb2ba0}: class java.lang.Object cannot be cast to class at.wrk.tafel.admin.backend.database.common.sseoutbox.SseOutboxEntity (java.lang.Object is in module java.base of loader 'bootstrap'; at.wrk.tafel.admin.backend.database.common.sseoutbox.SseOutboxEntity is in unnamed module of loader 'app')> (0x00000000fecb2ba0) 
thrown [s\src\hotspot\share\interpreter\interpreterRuntime.cpp, line 436]
Event: 505.893 Thread 0x000001c77a724660 Exception <a 'java/lang/ClassCastException'{0x00000000feb38438}: class java.lang.Object cannot be cast to class at.wrk.tafel.admin.backend.database.common.sseoutbox.SseOutboxEntity (java.lang.Object is in module java.base of loader 'bootstrap'; at.wrk.tafel.admin.backend.database.common.sseoutbox.SseOutboxEntity is in unnamed module of loader 'app')> (0x00000000feb38438) 
thrown [s\src\hotspot\share\interpreter\interpreterRuntime.cpp, line 436]
Event: 505.897 Thread 0x000001c77a724660 Exception <a 'java/lang/ClassCastException'{0x00000000feb6efd0}: class java.lang.Object cannot be cast to class at.wrk.tafel.admin.backend.database.common.sseoutbox.TestJsonPayload (java.lang.Object is in module java.base of loader 'bootstrap'; at.wrk.tafel.admin.backend.database.common.sseoutbox.TestJsonPayload is in unnamed module of loader 'app')> (0x00000000feb6efd0) 
thrown [s\src\hotspot\share\interpreter\interpreterRuntime.cpp, line 436]
Event: 510.705 Thread 0x000001c77a724660 Exception <a 'sun/nio/fs/WindowsException'{0x00000000f65a3378}> (0x00000000f65a3378) 
thrown [s\src\hotspot\share\prims\jni.cpp, line 514]
Event: 510.739 Thread 0x000001c77a724660 Exception <a 'sun/nio/fs/WindowsException'{0x00000000f62af470}> (0x00000000f62af470) 
thrown [s\src\hotspot\share\prims\jni.cpp, line 514]
Event: 511.039 Thread 0x000001c77a724660 Exception <a 'java/lang/ArrayIndexOutOfBoundsException'{0x00000000f36e4b30}> (0x00000000f36e4b30) 
thrown [s\src\hotspot\share\runtime\sharedRuntime.cpp, line 732]
Event: 511.039 Thread 0x000001c77a724660 Exception <a 'java/lang/ArrayIndexOutOfBoundsException'{0x00000000f36e5bc8}> (0x00000000f36e5bc8) 
thrown [s\src\hotspot\share\runtime\sharedRuntime.cpp, line 732]
Event: 511.040 Thread 0x000001c77a724660 Exception <a 'java/lang/ArrayIndexOutOfBoundsException'{0x00000000f36ee418}> (0x00000000f36ee418) 
thrown [s\src\hotspot\share\runtime\sharedRuntime.cpp, line 732]
Event: 511.040 Thread 0x000001c77a724660 Exception <a 'java/lang/ArrayIndexOutOfBoundsException'{0x00000000f36ef4b0}> (0x00000000f36ef4b0) 
thrown [s\src\hotspot\share\runtime\sharedRuntime.cpp, line 732]
Event: 511.042 Thread 0x000001c77a724660 Exception <a 'java/lang/ArrayIndexOutOfBoundsException'{0x00000000f3500050}> (0x00000000f3500050) 
thrown [s\src\hotspot\share\runtime\sharedRuntime.cpp, line 732]
Event: 511.042 Thread 0x000001c77a724660 Exception <a 'java/lang/ArrayIndexOutOfBoundsException'{0x00000000f35010e8}> (0x00000000f35010e8) 
thrown [s\src\hotspot\share\runtime\sharedRuntime.cpp, line 732]
Event: 511.042 Thread 0x000001c77a724660 Exception <a 'java/lang/ArrayIndexOutOfBoundsException'{0x00000000f3509780}> (0x00000000f3509780) 
thrown [s\src\hotspot\share\runtime\sharedRuntime.cpp, line 732]
Event: 511.042 Thread 0x000001c77a724660 Exception <a 'java/lang/ArrayIndexOutOfBoundsException'{0x00000000f350a818}> (0x00000000f350a818) 
thrown [s\src\hotspot\share\runtime\sharedRuntime.cpp, line 732]
Event: 511.043 Thread 0x000001c77a724660 Exception <a 'java/lang/ArrayIndexOutOfBoundsException'{0x00000000f351aab8}> (0x00000000f351aab8) 
thrown [s\src\hotspot\share\runtime\sharedRuntime.cpp, line 732]
Event: 511.043 Thread 0x000001c77a724660 Exception <a 'java/lang/ArrayIndexOutOfBoundsException'{0x00000000f351bb50}> (0x00000000f351bb50) 
thrown [s\src\hotspot\share\runtime\sharedRuntime.cpp, line 732]
Event: 511.044 Thread 0x000001c77a724660 Exception <a 'java/lang/ArrayIndexOutOfBoundsException'{0x00000000f35241e8}> (0x00000000f35241e8) 
thrown [s\src\hotspot\share\runtime\sharedRuntime.cpp, line 732]
Event: 511.044 Thread 0x000001c77a724660 Exception <a 'java/lang/ArrayIndexOutOfBoundsException'{0x00000000f3525280}> (0x00000000f3525280) 
thrown [s\src\hotspot\share\runtime\sharedRuntime.cpp, line 732]
Event: 678.998 Thread 0x000001c77a724660 Implicit null exception at 0x000001c710f605d7 to 0x000001c710f61b0c

VM Operations (20 events):
Event: 521.529 Executing safepoint VM operation: G1CollectForAllocation (G1 Evacuation Pause)
Event: 521.558 Executing safepoint VM operation: G1CollectForAllocation (G1 Evacuation Pause) done
Event: 527.030 Executing safepoint VM operation: G1CollectForAllocation (G1 Evacuation Pause)
Event: 527.058 Executing safepoint VM operation: G1CollectForAllocation (G1 Evacuation Pause) done
Event: 541.007 Executing non-safepoint VM operation: HandshakeAllThreads (DeflationHandshakeClosure)
Event: 541.007 Executing non-safepoint VM operation: HandshakeAllThreads (DeflationHandshakeClosure) done
Event: 541.007 Executing non-safepoint VM operation: RendezvousGCThreads
Event: 541.007 Executing non-safepoint VM operation: RendezvousGCThreads done
Event: 623.599 Executing safepoint VM operation: G1CollectForAllocation (G1 Evacuation Pause)
Event: 623.617 Executing safepoint VM operation: G1CollectForAllocation (G1 Evacuation Pause) done
Event: 623.719 Executing safepoint VM operation: G1PauseRemark
Event: 623.765 Executing safepoint VM operation: G1PauseRemark done
Event: 623.812 Executing safepoint VM operation: G1PauseCleanup
Event: 623.812 Executing safepoint VM operation: G1PauseCleanup done
Event: 661.154 Executing non-safepoint VM operation: HandshakeAllThreads (DeflationHandshakeClosure)
Event: 661.154 Executing non-safepoint VM operation: HandshakeAllThreads (DeflationHandshakeClosure) done
Event: 661.154 Executing non-safepoint VM operation: RendezvousGCThreads
Event: 661.154 Executing non-safepoint VM operation: RendezvousGCThreads done
Event: 678.998 Executing non-safepoint VM operation: HandshakeAllThreads (Deoptimize)
Event: 678.998 Executing non-safepoint VM operation: HandshakeAllThreads (Deoptimize) done

Memory protections (0 events):
No events

Nmethod flushes (20 events):
Event: 623.756 Thread 0x000001c77e8544a0 flushing  nmethod 0x000001c70a78b488
Event: 623.756 Thread 0x000001c77e8544a0 flushing  nmethod 0x000001c70a78bd08
Event: 623.756 Thread 0x000001c77e8544a0 flushing  nmethod 0x000001c70a78c008
Event: 623.756 Thread 0x000001c77e8544a0 flushing  nmethod 0x000001c70a78c608
Event: 623.756 Thread 0x000001c77e8544a0 flushing  nmethod 0x000001c70a78ca08
Event: 623.756 Thread 0x000001c77e8544a0 flushing  nmethod 0x000001c70a78cd08
Event: 623.756 Thread 0x000001c77e8544a0 flushing  nmethod 0x000001c70a793808
Event: 623.756 Thread 0x000001c77e8544a0 flushing  nmethod 0x000001c70a800888
Event: 623.756 Thread 0x000001c77e8544a0 flushing  nmethod 0x000001c70a815308
Event: 623.756 Thread 0x000001c77e8544a0 flushing  nmethod 0x000001c70a816488
Event: 623.756 Thread 0x000001c77e8544a0 flushing  nmethod 0x000001c70a816a08
Event: 623.756 Thread 0x000001c77e8544a0 flushing  nmethod 0x000001c70a81a108
Event: 623.756 Thread 0x000001c77e8544a0 flushing  nmethod 0x000001c70a81a508
Event: 623.756 Thread 0x000001c77e8544a0 flushing  nmethod 0x000001c70a81ab88
Event: 623.756 Thread 0x000001c77e8544a0 flushing  nmethod 0x000001c70a81af88
Event: 623.756 Thread 0x000001c77e8544a0 flushing  nmethod 0x000001c70a81b388
Event: 623.756 Thread 0x000001c77e8544a0 flushing  nmethod 0x000001c70a81d088
Event: 623.756 Thread 0x000001c77e8544a0 flushing  nmethod 0x000001c70a81d488
Event: 623.756 Thread 0x000001c77e8544a0 flushing  nmethod 0x000001c70a81f588
Event: 623.756 Thread 0x000001c77e8544a0 flushing  nmethod 0x000001c70a820108

Events (20 events):
Event: 524.688 Thread 0x000001c732207390 Thread exited: 0x000001c732207390
Event: 526.857 Thread 0x000001c732202b00 Thread exited: 0x000001c732202b00
Event: 526.857 Thread 0x000001c73220ac00 Thread exited: 0x000001c73220ac00
Event: 526.857 Thread 0x000001c732206370 Thread exited: 0x000001c732206370
Event: 526.957 Thread 0x000001c732205b60 Thread exited: 0x000001c732205b60
Event: 526.957 Thread 0x000001c732201ae0 Thread exited: 0x000001c732201ae0
Event: 526.961 Thread 0x000001c73220b410 Thread added: 0x000001c732202b00
Event: 526.964 Thread 0x000001c7322093d0 Thread added: 0x000001c732201ae0
Event: 527.948 Thread 0x000001c73220b410 Thread exited: 0x000001c73220b410
Event: 527.948 Thread 0x000001c7322093d0 Thread exited: 0x000001c7322093d0
Event: 528.154 Thread 0x000001c732201ae0 Thread exited: 0x000001c732201ae0
Event: 528.154 Thread 0x000001c732202b00 Thread exited: 0x000001c732202b00
Event: 538.836 Thread 0x000001c77e8840e0 Thread added: 0x000001c732202b00
Event: 538.836 Thread 0x000001c77e8840e0 Thread added: 0x000001c732201ae0
Event: 538.836 Thread 0x000001c77e8840e0 Thread added: 0x000001c732208bc0
Event: 543.944 Thread 0x000001c732208bc0 Thread exited: 0x000001c732208bc0
Event: 545.940 Thread 0x000001c732201ae0 Thread exited: 0x000001c732201ae0
Event: 548.627 Thread 0x000001c732202b00 Thread exited: 0x000001c732202b00
Event: 569.714 Thread 0x000001c726d944c0 Thread exited: 0x000001c726d944c0
Event: 569.714 Thread 0x000001c726d8b820 Thread exited: 0x000001c726d8b820


Dynamic libraries:
0x00007ff720060000 - 0x00007ff72006e000 	C:\Users\Stephan Prantl\.jdks\corretto-26.0.1\bin\java.exe
0x00007ffa6cd40000 - 0x00007ffa6cfa6000 	C:\WINDOWS\SYSTEM32\ntdll.dll
0x00007ffa6ad60000 - 0x00007ffa6ae29000 	C:\WINDOWS\System32\KERNEL32.DLL
0x00007ffa6a210000 - 0x00007ffa6a60e000 	C:\WINDOWS\System32\KERNELBASE.dll
0x00007ffa6a910000 - 0x00007ffa6aa5c000 	C:\WINDOWS\System32\ucrtbase.dll
0x00007ffa64c30000 - 0x00007ffa64c47000 	C:\Users\Stephan Prantl\.jdks\corretto-26.0.1\bin\jli.dll
0x00007ffa4ff70000 - 0x00007ffa4ff8e000 	C:\Users\Stephan Prantl\.jdks\corretto-26.0.1\bin\VCRUNTIME140.dll
0x00007ffa6c740000 - 0x00007ffa6c907000 	C:\WINDOWS\System32\USER32.dll
0x00007ffa6a020000 - 0x00007ffa6a047000 	C:\WINDOWS\System32\win32u.dll
0x00007ffa4c4a0000 - 0x00007ffa4c732000 	C:\WINDOWS\WinSxS\amd64_microsoft.windows.common-controls_6595b64144ccf1df_6.0.26100.8875_none_3e0d5d42e32fe9dd\COMCTL32.dll
0x00007ffa6c1e0000 - 0x00007ffa6c20b000 	C:\WINDOWS\System32\GDI32.dll
0x00007ffa6afc0000 - 0x00007ffa6b069000 	C:\WINDOWS\System32\msvcrt.dll
0x00007ffa6a0e0000 - 0x00007ffa6a20a000 	C:\WINDOWS\System32\gdi32full.dll
0x00007ffa6a6e0000 - 0x00007ffa6a783000 	C:\WINDOWS\System32\msvcp_win.dll
0x00007ffa6ac70000 - 0x00007ffa6aca2000 	C:\WINDOWS\System32\IMM32.DLL
0x00007ffa64dc0000 - 0x00007ffa64dcc000 	C:\Users\Stephan Prantl\.jdks\corretto-26.0.1\bin\vcruntime140_1.dll
0x00007ffa3fbf0000 - 0x00007ffa3fc79000 	C:\Users\Stephan Prantl\.jdks\corretto-26.0.1\bin\msvcp140.dll
0x00007ff9a07b0000 - 0x00007ff9a174b000 	C:\Users\Stephan Prantl\.jdks\corretto-26.0.1\bin\server\jvm.dll
0x00007ffa6b080000 - 0x00007ffa6b137000 	C:\WINDOWS\System32\ADVAPI32.dll
0x00007ffa6acb0000 - 0x00007ffa6ad5a000 	C:\WINDOWS\System32\sechost.dll
0x00007ffa6c0c0000 - 0x00007ffa6c1d8000 	C:\WINDOWS\System32\RPCRT4.dll
0x00007ffa6ab40000 - 0x00007ffa6abc0000 	C:\WINDOWS\System32\WS2_32.dll
0x00007ffa69c00000 - 0x00007ffa69c5e000 	C:\WINDOWS\SYSTEM32\POWRPROF.dll
0x00007ffa5a510000 - 0x00007ffa5a546000 	C:\WINDOWS\SYSTEM32\WINMM.dll
0x00007ffa63a20000 - 0x00007ffa63a2b000 	C:\WINDOWS\SYSTEM32\VERSION.dll
0x00007ffa69be0000 - 0x00007ffa69bf4000 	C:\WINDOWS\SYSTEM32\UMPDC.dll
0x00007ffa68c00000 - 0x00007ffa68c1b000 	C:\WINDOWS\SYSTEM32\kernel.appcore.dll
0x00007ffa4fd30000 - 0x00007ffa4fd3a000 	C:\Users\Stephan Prantl\.jdks\corretto-26.0.1\bin\jimage.dll
0x00007ffa50960000 - 0x00007ffa50ba2000 	C:\WINDOWS\SYSTEM32\DBGHELP.DLL
0x00007ffa6b240000 - 0x00007ffa6b5c3000 	C:\WINDOWS\System32\combase.dll
0x00007ffa6bfe0000 - 0x00007ffa6c0b9000 	C:\WINDOWS\System32\OLEAUT32.dll
0x00007ffa4e060000 - 0x00007ffa4e09b000 	C:\WINDOWS\SYSTEM32\dbgcore.DLL
0x00007ffa6a620000 - 0x00007ffa6a6cc000 	C:\WINDOWS\System32\bcryptPrimitives.dll
0x00007ffa64cb0000 - 0x00007ffa64cc0000 	C:\Users\Stephan Prantl\.jdks\corretto-26.0.1\bin\instrument.dll
0x00007ffa4b6a0000 - 0x00007ffa4b6bf000 	C:\Users\Stephan Prantl\.jdks\corretto-26.0.1\bin\java.dll
0x00007ffa6c910000 - 0x00007ffa6caa9000 	C:\WINDOWS\System32\ole32.dll
0x00007ffa6b5d0000 - 0x00007ffa6bd62000 	C:\WINDOWS\System32\SHELL32.dll
0x00007ffa679e0000 - 0x00007ffa68272000 	C:\WINDOWS\SYSTEM32\windows.storage.dll
0x00007ffa6aec0000 - 0x00007ffa6afb7000 	C:\WINDOWS\System32\SHCORE.dll
0x00007ffa6aa70000 - 0x00007ffa6aad7000 	C:\WINDOWS\System32\shlwapi.dll
0x00007ffa69e80000 - 0x00007ffa69ea9000 	C:\WINDOWS\SYSTEM32\profapi.dll
0x00007ffa49dd0000 - 0x00007ffa49de7000 	C:\Users\Stephan Prantl\.jdks\corretto-26.0.1\bin\zip.dll
0x00007ffa4b670000 - 0x00007ffa4b682000 	C:\Users\Stephan Prantl\.jdks\corretto-26.0.1\bin\net.dll
0x00007ffa69190000 - 0x00007ffa691fc000 	C:\WINDOWS\system32\mswsock.dll
0x00007ffa49fe0000 - 0x00007ffa49ff6000 	C:\Users\Stephan Prantl\.jdks\corretto-26.0.1\bin\nio.dll
0x00007ffa4f7d0000 - 0x00007ffa4f7e0000 	C:\Users\Stephan Prantl\.jdks\corretto-26.0.1\bin\verify.dll
0x00007ffa08fb0000 - 0x00007ffa08fc8000 	C:\WINDOWS\system32\napinsp.dll
0x00007ffa68640000 - 0x00007ffa68796000 	C:\WINDOWS\SYSTEM32\DNSAPI.dll
0x00007ffa68f40000 - 0x00007ffa68f4d000 	C:\WINDOWS\SYSTEM32\DSPARSE.dll
0x00007ffa685b0000 - 0x00007ffa685e3000 	C:\WINDOWS\SYSTEM32\IPHLPAPI.DLL
0x00007ffa6b070000 - 0x00007ffa6b07a000 	C:\WINDOWS\System32\NSI.dll
0x00007ffa09310000 - 0x00007ffa09323000 	C:\WINDOWS\System32\winrnr.dll
0x00007ffa092e0000 - 0x00007ffa09302000 	C:\WINDOWS\system32\nlansp_c.dll
0x00007ffa2c7c0000 - 0x00007ffa2c7d6000 	C:\WINDOWS\system32\wshbth.dll
0x00007ffa62d70000 - 0x00007ffa62d7b000 	C:\Windows\System32\rasadhlp.dll
0x00007ffa62190000 - 0x00007ffa62216000 	C:\WINDOWS\System32\fwpuclnt.dll
0x00007ffa4a5d0000 - 0x00007ffa4a5d9000 	C:\Users\Stephan Prantl\.jdks\corretto-26.0.1\bin\extnet.dll
0x00007ffa4b3f0000 - 0x00007ffa4b3fe000 	C:\Users\Stephan Prantl\.jdks\corretto-26.0.1\bin\sunmscapi.dll
0x00007ffa6a790000 - 0x00007ffa6a908000 	C:\WINDOWS\System32\CRYPT32.dll
0x00007ffa697a0000 - 0x00007ffa697d0000 	C:\WINDOWS\SYSTEM32\ncrypt.dll
0x00007ffa69750000 - 0x00007ffa6978f000 	C:\WINDOWS\SYSTEM32\NTASN1.dll
0x00007ffa1be20000 - 0x00007ffa1be28000 	C:\WINDOWS\system32\wshunix.dll
0x00007ffa695c0000 - 0x00007ffa695db000 	C:\WINDOWS\SYSTEM32\CRYPTSP.dll
0x00007ffa68b60000 - 0x00007ffa68b99000 	C:\WINDOWS\system32\rsaenh.dll
0x00007ffa69250000 - 0x00007ffa69282000 	C:\WINDOWS\SYSTEM32\USERENV.dll
0x00007ffa69e50000 - 0x00007ffa69e7a000 	C:\WINDOWS\SYSTEM32\bcrypt.dll
0x00007ffa69400000 - 0x00007ffa6940c000 	C:\WINDOWS\SYSTEM32\CRYPTBASE.dll
0x00007ffa4d9d0000 - 0x00007ffa4d9da000 	C:\Users\Stephan Prantl\.jdks\corretto-26.0.1\bin\management.dll
0x00007ffa4d3c0000 - 0x00007ffa4d3cc000 	C:\Users\Stephan Prantl\.jdks\corretto-26.0.1\bin\management_ext.dll
0x00007ffa6ac60000 - 0x00007ffa6ac68000 	C:\WINDOWS\System32\PSAPI.DLL
0x00007ff9dbaf0000 - 0x00007ff9dbc73000 	C:\Users\Stephan Prantl\.jdks\corretto-26.0.1\bin\awt.dll
0x00007ffa66f60000 - 0x00007ffa67000000 	C:\WINDOWS\SYSTEM32\apphelp.dll
0x00007ffa358b0000 - 0x00007ffa358f2000 	C:\Users\Stephan Prantl\.jdks\corretto-26.0.1\bin\lcms.dll
0x00007ffa67310000 - 0x00007ffa6733f000 	C:\WINDOWS\system32\DWMAPI.DLL
0x00007ffa67070000 - 0x00007ffa67119000 	C:\WINDOWS\system32\uxtheme.dll

JVMTI agents:
C:\development\repos\admin2\backend\build\tmp\.cache\expanded\zip_27729b840c216bdc69a9315e04b27ab1\jacocoagent.jar path:C:\Users\Stephan Prantl\.jdks\corretto-26.0.1\bin\instrument.dll, loaded, initialized, instrumentlib options:destfile=build/jacoco/test.exec,append=true,inclnolocationclasses=false,dumponexit=true,output=file,jmx=false
C:\Users\Stephan Prantl\.gradle\caches\modules-2\files-2.1\net.bytebuddy\byte-buddy-agent\1.18.10\9426d28828bdcdf42666bb7a68c468279ea78f59\byte-buddy-agent-1.18.10.jar path:C:\Users\Stephan Prantl\.jdks\corretto-26.0.1\bin\instrument.dll, loaded, initialized, dynamic instrumentlib options:none

dbghelp: loaded successfully - version: 4.0.5 - missing functions: none
symbol engine: initialized successfully - sym options: 0x614 - pdb path: .;C:\Users\Stephan Prantl\.jdks\corretto-26.0.1\bin;C:\WINDOWS\SYSTEM32;C:\WINDOWS\WinSxS\amd64_microsoft.windows.common-controls_6595b64144ccf1df_6.0.26100.8875_none_3e0d5d42e32fe9dd;C:\Users\Stephan Prantl\.jdks\corretto-26.0.1\bin\server

VM Arguments:
jvm_args: -Dorg.gradle.internal.worker.tmpdir=C:\development\repos\admin2\backend\build\tmp\test\work -Duser.timezone=Europe/Vienna -javaagent:C:\development\repos\admin2\backend\build\tmp\.cache\expanded\zip_27729b840c216bdc69a9315e04b27ab1\jacocoagent.jar=destfile=build/jacoco/test.exec,append=true,inclnolocationclasses=false,dumponexit=true,output=file,jmx=false -Xmx512m -Dfile.encoding=UTF-8 -Duser.country=DE -Duser.language=de -Duser.variant -ea 
java_command: worker.org.gradle.process.internal.worker.GradleWorkerMain 'Gradle Test Executor 5'
java_class_path (initial): C:\Users\Stephan Prantl\.gradle\caches\9.6.1\workerMain\gradle-worker.jar;C:\development\repos\admin2\backend\build\classes\kotlin\test;C:\development\repos\admin2\backend\build\resources\test;C:\development\repos\admin2\backend\build\classes\java\main;C:\development\repos\admin2\backend\build\classes\kotlin\main;C:\development\repos\admin2\backend\build\resources\main;C:\Users\Stephan Prantl\.gradle\caches\modules-2\files-2.1\tools.jackson.dataformat\jackson-dataformat-xml\3.2.1\89fe0d4787982fd29ccc7416cc9c77b9174caea4\jackson-dataformat-xml-3.2.1.jar;C:\Users\Stephan Prantl\.gradle\caches\modules-2\files-2.1\org.springframework.boot\spring-boot-starter-web\4.1.0\fdc11627f32cb0cfad6adf9c283c7618e450f1a1\spring-boot-starter-web-4.1.0.jar;C:\Users\Stephan Prantl\.gradle\caches\modules-2\files-2.1\org.springframework.boot\spring-boot-starter-jackson\4.1.0\2feada57005e69f8d939815af7400b43f2c07b9e\spring-boot-starter-jackson-4.1.0.jar;C:\Users\Stephan Prantl\.gradle\caches\modules-2\files-2.1\org.springdoc\springdoc-openapi-starter-webmvc-ui\3.1.0\2c0f10ae1f33e4125f42b3fb777b962690b86f67\springdoc-openapi-starter-webmvc-ui-3.1.0.jar;C:\Users\Stephan Prantl\.gradle\caches\modules-2\files-2.1\org.springdoc\springdoc-openapi-starter-webmvc-api\3.1.0\7d8f1418900b44b7ce0d4a04fa9945f728f6e660\springdoc-openapi-starter-webmvc-api-3.1.0.jar;C:\Users\Stephan Prantl\.gradle\caches\modules-2\files-2.1\org.springdoc\springdoc-openapi-starter-common\3.1.0\47a9cf5e6c2623214b9676c49f9e774b9849dd63\springdoc-openapi-starter-common-3.1.0.jar;C:\Users\Stephan Prantl\.gradle\caches\modules-2\files-2.1\org.springframework.boot\spring-boot-jackson\4.1.0\bada14f54b1961279f9942c54b5039c90cd6a252\spring-boot-jackson-4.1.0.jar;C:\Users\Stephan Prantl\.gradle\caches\modules-2\files-2.1\org.flywaydb\flyway-database-postgresql\12.4.0\90fc8dc92bef70c143c4112ad6658f29eea437fd\flyway-database-postgresql-12.4.0.jar;C:\Users\Stephan Prantl\.gradle\caches\modules-2\files-2.1\org.springframework.boot\spring-boot-starter-flyway\4.1.0\a8fe173471dd09bbec901b16a91413863ef0b2d8\spring-boot-starter-flyway-4.1.0.jar;C:\Users\Stephan Prantl\.gradle\caches\modules-2\files-2.1\org.springframework.boot\spring-boot-flyway\4.1.0\a1420738bee6834c52cb9bf7ce66935c6ac98a75\spring-boot-flyway-4.1.0.jar;C:\Users\Stephan Prantl\.gradle\caches\modules-2\files-2.1\org.flywaydb\flyway-core\12.4.0\8dfd90404bb9b6fd4727c67ccbe9a7dfa20c0e53\flyway-core-12.4.0.jar;C:\Users\Stephan Prantl\.gradle\caches\modules-2\files-2.1\tools.jackson.core\jackson-databind\3.2.1\363dc46ceb44a97cba68cb0e9da4a3cb5bf723d4\jackson-databind-3.2.1.jar;C:\Users\Stephan Prantl\.gradle\caches\modules-2\files-2.1\tools.jackson.core\jackson-core\3.2.1\5bff2a525073cff8a8206751f6f6bc4650b81b94\jackson-core-3.2.1.jar;C:\Users\Stephan Prantl\.gradle\caches\modules-2\files-2.1\tools.jackson.module\jackson-module-kotlin\3.2.1\5736cce26dbd34c33ac0b1af4fd66928336d87d\jackson-module-kotlin-3.2.1.jar;C:\Users\Stephan Prantl\.gradle\caches\modules-2\files-2.1\io.mockk\mockk-jvm\1.14.11\fbe5737bad60ed64774cb6865ce3aaae923d7588\mockk-jvm-1.14.11.jar;C:\Users\Stephan Prantl\.gradle\caches\modules-2\files-2.1\io.mockk\mockk-dsl-jvm\1.14.11\c8ce749d4a56913062655bb9058adb8d1f772068\mockk-dsl-jvm-1.14.11.jar;C:\Users\Stephan Prantl\.gradle\caches\modules-2\files-2.1\io.mockk\mockk-agent-jvm\1.14.11\e1e1acc201dc6ec3bfb9d2d8f10e5960eda3c9f0\mockk-agent-jvm-1.14.11.jar;C:\Users\Stephan Prantl\.gradle\caches\modules-2\files-2.1\io.mockk\mockk-core-jvm\1.14.11\79bd4a6018f7cf10b6b5cc539048804f1225cc21\mockk-core-jvm-1.14.11.jar;C:\Users\Stephan Prantl\.gradle\caches\modules-2\files-2.1\org.jetbrains.kotlin\kotlin-reflect\2.4.10\b413f69cc12908061adefa8b7161274b46a17752\kotlin-reflect-2.4.10.jar;C:\Users\Stephan Prantl\.gradle\caches\modules-2\files-2.1\io.github.g0dkar\qrcode-kotlin-jvm\4.5.0\58ff6fc70ea401d806f7608b8d0203f18c713211\qrcode-kotlin-jvm-4.5.0.jar;C:\Users\Stephan Prantl\.gradle\caches\modules-2\files-2.1\org.jetbrains.kotlin\kotlin-stdlib-jdk7\2.4.10\1a2328fa30364b3e20416f466f05ea9e5dc95ee8\kotlin-stdlib-jdk7-2.4.10.jar;C:\Users\Stephan Prantl\.gradle\caches\modules-2\files-2.1\org.jetbrains.kotlinx\kotlinx-coroutines-core-jvm\1.11.0\3d57dc678bd8d72a60e7adf0eca5c54e3f4f4b79\kotlinx-coroutines-core-jvm-1.11.0.jar;C:\Users\Stephan Prantl\.gradle\caches\modules-2\files-2.1\io.mockk\mockk-agent-api-jvm\1.14.11\a823c7aebc0396b4201c0d397ac352fad30c76d8\mockk-agent-api-jvm-1.14.11.jar;C:\Users\Stephan Prantl\.gradle\caches\modules-2\files-2.1\org.jetbrains.kotlin\kotlin-stdlib\2.4.10\8943c84ddc6d5cc00a10dbc3736c397066eeaab5\kotlin-stdlib-2.4.10.jar;C:\Users\Stephan Prantl\.gradle\caches\modules-2\files-2.1\org.jetbrains.kotlin\kotlin-stdlib-jdk8\2.4.10\9502a89455064a43ac526d15d132a57bedfd8d8e\kotlin-stdlib-jdk8-2.4.10.jar;C:\Users\Stephan Prantl\.gradle\caches\modules-2\files-2.1\org.springframework.boot\spring-boot-starter-actuator\4.1.0\bd15774d0bb852ab3d4f3bdbf7b134a51ef8063d\spring-boot-starter-actuator-4.1.0.jar;C:\Users\Stephan Prantl\.gradle\caches\modules-2\files-2.1\org.springframework.boot\spring-boot-starter-validation\4.1.0\36c16acdbe1b86463616aeb218f18764c9baff2d\spring-boot-starter-validation-4.1.0.jar;C:\Users\Stephan Prantl\.gradle\caches\modules-2\files-2.1\org.springframework.boot\spring-boot-starter-data-jpa-test\4.1.0\45b886e65ad640f46dd225aaa252c6b1b64e290a\spring-boot-starter-data-jpa-test-4.1.0.jar;C:\Users\Stephan Prantl\.gradle\caches\modules-2\files-2.1\org.springframework.boot\spring-boot-starter-data-jpa\4.1.0\252e31911d5042a8ae811ad9bfc3e18ec4ac42a5\spring-boot-starter-data-jpa-4.1.0.jar;C:\Users\Stephan Prantl\.gradle\caches\modules-2\files-2.1\org.springframework.boot\spring-boot-starter-jdbc-test\4.1.0\581473dc473de034683c089f1fb223334b36793c\spring-boot-starter-jdbc-test-4.1.0.jar;C:\Users\Stephan Prantl\.gradle\caches\modules-2\files-2.1\org.springframework.boot\spring-boot-starter-jdbc\4.1.0\aa7c6585dd28891cb052d95606776076b5445df2\spring-boot-starter-jdbc-4.1.0.jar;C:\Users\Stephan Prantl\.gradle\caches\modules-2\files-2.1\org.springframework.boot\spring-boot-starter-security\4.1.0\6993d3e5d7bcc0fb4e8e6aab775bc25b197ef814\spring-boot-starter-security-4.1.0.jar;C:\Users\Stephan Prantl\.gradle\caches\modules-2\files-2.1\org.springframework.boot\spring-boot-starter-mail\4.1.0\9404230e81be0a7595a014069afc61f81e63b0ed\spring-boot-starter-mail-4.1.0.jar;C:\Users\Stephan Prantl\.gradle\caches\modules-2\files-2.1\org.springframework.boot\spring-boot-starter-thymeleaf\4.1.0\d3252bc119bc8a5cae3669324e3e13d4f25b6507\spring-boot-starter-thymeleaf-4.1.0.jar;C:\Users\Stephan Prantl\.gradle\caches\modules-2\files-2.1\org.springframework.modulith\spring-modulith-starter-test\2.1.0\656d08878f7bff24808c37a6cfe8b0853f03e38b\spring-modulith-starter-test-2.1.0.jar;C:\Users\Stephan Prantl\.gradle\caches\modules-2\files-2.1\org.springframework.modulith\spring-modulith-test\2.1.0\2b982ffb6734283361cd2a522db9b49d30b7c946\spring-modulith-test-2.1.0.jar;C:\Users\Stephan Prantl\.gradle\caches\modules-2\files-2.1\org.springframework.modulith\spring-modulith-docs\2.1.0\4a37fb6cc8299ac077ba9ce9a23482d6965f3f3d\spring-modulith-docs-2.1.0.jar;C:\Users\Stephan Prantl\.gradle\caches\modules-2\files-2.1\org.springframework.modulith\spring-modulith-core\2.1.0\2d0caeff1f74590347d01fbf58aa23cf9b9d5b4b\spring-modulith-core-2.1.0.jar;C:\Users\Stephan Prantl\.gradle\caches\modules-2\files-2.1\org.springframework.modulith\spring-modulith-api\2.1.0\44a432133d0b5a0b54ac056662a2db74588dd29f\spring-modulith-api-2.1.0.jar;C:\Users\Stephan Prantl\.gradle\caches\modules-2\files-2.1\org.springframework.cloud\spring-cloud-context\5.0.2\e4e7dae65086cdefe008f34448e7780241264d61\spring-cloud-context-5.0.2.jar;C:\Users\Stephan Prantl\.gradle\caches\modules-2\files-2.1\org.springframework.security\spring-security-messaging\7.1.0\97b300d0f90834351c43645867e7465b281aa0e0\spring-security-messaging-7.1.0.jar;C:\Users\Stephan Prantl\.gradle\caches\modules-2\files-2.1\org.springframework.retry\spring-retry\2.0.13\4cf3f0ec5decf3c510c5331401ee55de209b454e\spring-retry-2.0.13.jar;C:\Users\Stephan Prantl\.gradle\caches\modules-2\files-2.1\org.postgresql\postgresql\42.7.13\a6e1bd21b412d6ffb3df23cd13d507bc2cc9e37d\postgresql-42.7.13.jar;C:\Users\Stephan Prantl\.gradle\caches\modules-2\files-2.1\io.jsonwebtoken\jjwt-impl\0.13.0\9e7c70dd7014909556755fb01c465dd184b4b1d9\jjwt-impl-0.13.0.jar;C:\Users\Stephan Prantl\.gradle\caches\modules-2\files-2.1\io.jsonwebtoken\jjwt-jackson\0.13.0\cfe37531887657716ec20b5ef22f22b32e8bf4a8\jjwt-jackson-0.13.0.jar;C:\Users\Stephan Prantl\.gradle\caches\modules-2\files-2.1\io.jsonwebtoken\jjwt-api\0.13.0\ce631a0342b08953355f333b488d2b03445b9f3e\jjwt-api-0.13.0.jar;C:\Users\Stephan Prantl\.gradle\caches\modules-2\files-2.1\org.bouncycastle\bcprov-jdk18on\1.85\2320b854dffe134687f7266bb22021b779e576d3\bcprov-jdk18on-1.85.jar;C:\Users\Stephan Prantl\.gradle\caches\modules-2\files-2.1\org.apache.xmlgraphics\fop\2.11\6f7cd66a9d4cde80b04d544682122106cf765670\fop-2.11.jar;C:\Users\Stephan Prantl\.gradle\caches\modules-2\files-2.1\org.passay\passay\2.0.0\5fc4ed43d7a205515099d6884cd46799abfa11b9\passay-2.0.0.jar;C:\Users\Stephan Prantl\.gradle\caches\modules-2\files-2.1\org.apache.commons\commons-csv\1.14.1\467354980fade8528b6a9f9bdf7f4f19ab9b3373\commons-csv-1.14.1.jar;C:\Users\Stephan Prantl\.gradle\caches\modules-2\files-2.1\org.testcontainers\testcontainers-junit-jupiter\2.0.5\89bd1ef45ec60b17b323c747da1e6f2af6187543\testcontainers-junit-jupiter-2.0.5.jar;C:\Users\Stephan Prantl\.gradle\caches\modules-2\files-2.1\org.testcontainers\testcontainers-postgresql\2.0.5\a7a9f748bb0e043098d3fc36d4929538ee0f6de8\testcontainers-postgresql-2.0.5.jar;C:\Users\Stephan Prantl\.gradle\caches\modules-2\files-2.1\org.testcontainers\testcontainers-jdbc\2.0.5\8b93b3febba94df8a3bd67c9fde8f63c8ddf2177\testcontainers-jdbc-2.0.5.jar;C:\Users\Stephan Prantl\.gradle\caches\modules-2\files-2.1\org.testcontainers\testcontainers-database-commons\2.0.5\bc1eeea337c461c108507f596122b3e6fdb62122\testcontainers-database-commons-2.0.5.jar;C:\Users\Stephan Prantl\.gradle\caches\modules-2\files-2.1\org.testcontainers\testcontainers\2.0.5\7e5013c78fd678ba8958db23c6883274019f2f2f\testcontainers-2.0.5.jar;C:\Users\Stephan Prantl\.gradle\caches\modules-2\files-2.1\org.apache.commons\commons-compress\1.28.0\e482f2c7a88dac3c497e96aa420b6a769f59c8d7\commons-compress-1.28.0.jar;C:\Users\Stephan Prantl\.gradle\caches\modules-2\files-2.1\io.swagger.core.v3\swagger-core-jakarta\2.2.52\a0e9e1f3c23867c1db9a811722b927826419bc2f\swagger-core-jakarta-2.2.52.jar;C:\Users\Stephan Prantl\.gradle\caches\modules-2\files-2.1\org.apache.commons\commons-lang3\3.20.0\65897b3e5731220962e659e001904af3c3cbeba9\commons-lang3-3.20.0.jar;C:\Users\Stephan Prantl\.gradle\caches\modules-2\files-2.1\com.fasterxml.jackson.dataformat\jackson-dataformat-yaml\2.22.1\af5fde2414e4a8d2617e7890f7068c26b5b66a33\jackson-dataformat-yaml-2.22.1.jar;C:\Users\Stephan Prantl\.gradle\caches\modules-2\files-2.1\com.fasterxml.jackson.datatype\jackson-datatype-jsr310\2.22.1\3377a0589c1b0e62bbe245ac8e9f56fa7d7b8bb9\jackson-datatype-jsr310-2.22.1.jar;C:\Users\Stephan Prantl\.gradle\caches\modules-2\files-2.1\com.fasterxml.jackson.core\jackson-core\2.22.1\da7ffb60088d7e8f37ecdd3b617520971cc7b9bf\jackson-core-2.22.1.jar;C:\Users\Stephan Prantl\.gradle\caches\modules-2\files-2.1\com.fasterxml.jackson.core\jackson-databind\2.22.1\9e2fb91831cce9cb9262909cd76647508949f232\jackson-databind-2.22.1.jar;C:\Users\Stephan Prantl\.gradle\caches\modules-2\files-2.1\io.micrometer\micrometer-registry-prometheus\1.17.0\13f882d6ff49ea5088b1b3746775f072d8524ecf\micrometer-registry-prometheus-1.17.0.jar;C:\Users\Stephan Prantl\.gradle\caches\modules-2\files-2.1\org.springframework.boot\spring-boot-starter-test\4.1.0\9fdedc132b9cd2ba57857c7f17357def9300cd95\spring-boot-starter-test-4.1.0.jar;C:\Users\Stephan Prantl\.gradle\caches\modules-2\files-2.1\org.springframework.security\spring-security-test\7.1.0\11082fab18389cc1e4c468df50f2ee1a9d36607a\spring-security-test-7.1.0.jar;C:\Users\Stephan Prantl\.gradle\caches\modules-2\files-2.1\com.tngtech.archunit\archunit-junit5\1.5.0\df26f39aa72231cfbcbe8c0f7c9bf3846d10cc29\archunit-junit5-1.5.0.jar;C:\Users\Stephan Prantl\.gradle\caches\modules-2\files-2.1\org.apache.pdfbox\pdfbox\3.0.8\c5d8c0b56aa156d64283f07729215a9938be2e69\pdfbox-3.0.8.jar;C:\Users\Stephan Prantl\.gradle\caches\modules-2\files-2.1\com.github.romankh3\image-comparison\4.4.0\fc1415796c6069f9942a83df124b2ff65155744c\image-comparison-4.4.0.jar;C:\Users\Stephan Prantl\.gradle\caches\modules-2\files-2.1\org.awaitility\awaitility\4.3.0\f0c0bc1e404e500bab3f498b922eaedeae1c0207\awaitility-4.3.0.jar;C:\Users\Stephan Prantl\.gradle\caches\modules-2\files-2.1\org.springframework.boot\spring-boot-data-jpa-test\4.1.0\e42e3b676e832da183be0490f3d74014a151c516\spring-boot-data-jpa-test-4.1.0.jar;C:\Users\Stephan Prantl\.gradle\caches\modules-2\files-2.1\org.springframework.boot\spring-boot-data-jpa\4.1.0\d29dbdc6734afe2f4d5c56cf3112c491c3582642\spring-boot-data-jpa-4.1.0.jar;C:\Users\Stephan Prantl\.gradle\caches\modules-2\files-2.1\org.springframework.boot\spring-boot-hibernate\4.1.0\af702315125871004a8a7df290f55ac5e5617d91\spring-boot-hibernate-4.1.0.jar;C:\Users\Stephan Prantl\.gradle\caches\modules-2\files-2.1\org.springframework.boot\spring-boot-jpa-test\4.1.0\20cb01816cc1165232940cca7116a5b7a15a2b7d\spring-boot-jpa-test-4.1.0.jar;C:\Users\Stephan Prantl\.gradle\caches\modules-2\files-2.1\org.springframework.boot\spring-boot-jpa\4.1.0\bf645cdf194c71f829225793a5d6545d9dfe96ae\spring-boot-jpa-4.1.0.jar;C:\Users\Stephan Prantl\.gradle\caches\modules-2\files-2.1\com.github.docker-java\docker-java-api\3.7.1\2df91233a782749e85139991cc94d4ef40b59038\docker-java-api-3.7.1.jar;C:\Users\Stephan Prantl\.gradle\caches\modules-2\files-2.1\com.structurizr\structurizr-export\5.0.3\c6a3ddeda5da312d05c5d4ec0640fb0e04ab3f6a\structurizr-export-5.0.3.jar;C:\Users\Stephan Prantl\.gradle\caches\modules-2\files-2.1\com.structurizr\structurizr-core\5.0.3\a7dc28111d49939a2d4e8a947cddf9134d7d524a\structurizr-core-5.0.3.jar;C:\Users\Stephan Prantl\.gradle\caches\modules-2\files-2.1\io.swagger.core.v3\swagger-models-jakarta\2.2.52\56506ea5ef31546ae741e06532e63c43ca937c56\swagger-models-jakarta-2.2.52.jar;C:\Users\Stephan Prantl\.gradle\caches\modules-2\files-2.1\com.fasterxml.jackson.core\jackson-annotations\2.22\15c67f9498d6934cff9510fc70c5a12e52290457\jackson-annotations-2.22.jar;C:\Users\Stephan Prantl\.gradle\caches\modules-2\files-2.1\org.webjars\swagger-ui\5.32.11\87f61a7e69ca597db9d1825e6c3d03035d74ee26\swagger-ui-5.32.11.jar;C:\Users\Stephan Prantl\.gradle\caches\modules-2\files-2.1\org.springframework.boot\spring-boot-jdbc-test\4.1.0\543e2129f10be95d9cdad17a639e1500469edf3b\spring-boot-jdbc-test-4.1.0.jar;C:\Users\Stephan Prantl\.gradle\caches\modules-2\files-2.1\org.springframework.boot\spring-boot-jdbc\4.1.0\71f00c6af0ae910530d9fce8f5ae6e54c595f690\spring-boot-jdbc-4.1.0.jar;C:\Users\Stephan Prantl\.gradle\caches\modules-2\files-2.1\org.junit.platform\junit-platform-launcher\6.0.3\4a721cdd640ebdaa4c6850f5eee0b0377cf698b0\junit-platform-launcher-6.0.3.jar;C:\Users\Stephan Prantl\.gradle\caches\modules-2\files-2.1\org.junit.jupiter\junit-jupiter-engine\6.0.3\e26f7e17d06cfc85ba7643b5ad00c87d5f2084dd\junit-jupiter-engine-6.0.3.jar;C:\Users\Stephan Prantl\.gradle\caches\modules-2\files-2.1\org.junit.jupiter\junit-jupiter-params\6.0.3\6cd3efadd171a3ddd70413868a9c3af988a45907\junit-jupiter-params-6.0.3.jar;C:\Users\Stephan Prantl\.gradle\caches\modules-2\files-2.1\com.tngtech.archunit\archunit-junit5-engine\1.5.0\2c9da99b525de9e89355b6981436285e2a3d7b7a\archunit-junit5-engine-1.5.0.jar;C:\Users\Stephan Prantl\.gradle\caches\modules-2\files-2.1\com.tngtech.archunit\archunit-junit5-engine-api\1.5.0\2f4a3ef8e051b4c069521b8469f0cd4dab25e14b\archunit-junit5-engine-api-1.5.0.jar;C:\Users\Stephan Prantl\.gradle\caches\modules-2\files-2.1\org.junit.platform\junit-platform-engine\6.0.3\101305612e7daa4ce978d3ba73fd02dd4a5f22d9\junit-platform-engine-6.0.3.jar;C:\Users\Stephan Prantl\.gradle\caches\modules-2\files-2.1\org.junit.platform\junit-platform-commons\6.0.3\1093a7faa2ba47c28aa83f378d9a2083463bb20c\junit-platform-commons-6.0.3.jar;C:\Users\Stephan Prantl\.gradle\caches\modules-2\files-2.1\org.junit.jupiter\junit-jupiter\6.0.3\da72f4bc0feccbca639b901ace26e3a62512ebec\junit-jupiter-6.0.3.jar;C:\Users\Stephan Prantl\.gradle\caches\modules-2\files-2.1\org.mockito\mockito-junit-jupiter\5.23.0\e66b5f34ffea58bf4388aba58f66a209daeba4fd\mockito-junit-jupiter-5.23.0.jar;C:\Users\Stephan Prantl\.gradle\caches\modules-2\files-2.1\org.junit.jupiter\junit-jupiter-api\6.0.3\2e6cfb62db85350179f0408ed5270f7cdf8cefda\junit-jupiter-api-6.0.3.jar;C:\Users\Stephan Prantl\.gradle\caches\modules-2\files-2.1\org.springframework.boot\spring-boot-security\4.1.0\1fe5f10c43305d43d8ac22ae5b721010f4394449\spring-boot-security-4.1.0.jar;C:\Users\Stephan Prantl\.gradle\caches\modules-2\files-2.1\org.springframework.security\spring-security-web\7.1.0\cec1635393d11a56da5ff111253c88056d5cc0eb\spring-security-web-7.1.0.jar;C:\Users\Stephan Prantl\.gradle\caches\modules-2\files-2.1\org.springframework.security\spring-security-config\7.1.0\ebc863ad43703c6f5517881e16d3d73de80cd193\spring-security-config-7.1.0.jar;C:\Users\Stephan Prantl\.gradle\caches\modules-2\files-2.1\org.springframework.security\spring-security-core\7.1.0\50064b46aed22d05aa181b2c95d47989c7c99160\spring-security-core-7.1.0.jar;C:\Users\Stephan Prantl\.gradle\caches\modules-2\files-2.1\org.springframework.boot\spring-boot-health\4.1.0\5ac1d047f93ca1658bfcfda813b5da3f5bb6765b\spring-boot-health-4.1.0.jar;C:\Users\Stephan Prantl\.gradle\caches\modules-2\files-2.1\org.springframework.boot\spring-boot-webmvc\4.1.0\2cb542ef7d4fa572d3031616544db20b6f7de4c7\spring-boot-webmvc-4.1.0.jar;C:\Users\Stephan Prantl\.gradle\caches\modules-2\files-2.1\org.springframework.boot\spring-boot-http-converter\4.1.0\c3b90921e920dfa7dcb78a5045f18ca0e4bc0b44\spring-boot-http-converter-4.1.0.jar;C:\Users\Stephan Prantl\.gradle\caches\modules-2\files-2.1\org.springframework.boot\spring-boot-validation\4.1.0\fcd0b07c0c7e29f42e495f91710154dbc81d2c8c\spring-boot-validation-4.1.0.jar;C:\Users\Stephan Prantl\.gradle\caches\modules-2\files-2.1\org.springframework.boot\spring-boot-mail\4.1.0\b8051f1cfbd57903eaa11612f6a1e51828e6fe8c\spring-boot-mail-4.1.0.jar;C:\Users\Stephan Prantl\.gradle\caches\modules-2\files-2.1\org.springframework.boot\spring-boot-thymeleaf\4.1.0\eea0a2aaa94223eac5641e791eba22d4182517b4\spring-boot-thymeleaf-4.1.0.jar;C:\Users\Stephan Prantl\.gradle\caches\modules-2\files-2.1\org.springframework.boot\spring-boot-test-autoconfigure\4.1.0\d8c05e21151a63ae829cd313418b942c92334874\spring-boot-test-autoconfigure-4.1.0.jar;C:\Users\Stephan Prantl\.gradle\caches\modules-2\files-2.1\org.springframework.boot\spring-boot-test\4.1.0\f6c9cb2cc423397ce6c7c8ab5eb4296734290ad0\spring-boot-test-4.1.0.jar;C:\Users\Stephan Prantl\.gradle\caches\modules-2\files-2.1\org.springframework.boot\spring-boot-starter-micrometer-metrics\4.1.0\e2b5a25dd872e30d15832626c0789db9a4c3657\spring-boot-starter-micrometer-metrics-4.1.0.jar;C:\Users\Stephan Prantl\.gradle\caches\modules-2\files-2.1\org.springframework.boot\spring-boot-starter-tomcat\4.1.0\6dbb6ad6bb33b7f1ce15a5822cfd1443966245e0\spring-boot-starter-tomcat-4.1.0.jar;C:\Users\Stephan Prantl\.gradle\caches\modules-2\files-2.1\org.springframework.boot\spring-boot-starter\4.1.0\4d1f5fcf982ec75223a3ee44169e268b6dd044f7\spring-boot-starter-4.1.0.jar;C:\Users\Stephan Prantl\.gradle\caches\modules-2\files-2.1\org.springframework.boot\spring-boot-actuator-autoconfigure\4.1.0\a8c1a01cc75f6d39eb795d5cbc7c05d4b6c93ed\spring-boot-actuator-autoconfigure-4.1.0.jar;C:\Users\Stephan Prantl\.gradle\caches\modules-2\files-2.1\org.springframework.boot\spring-boot-autoconfigure\4.1.0\a921df4e39389e43dacac5615a1185708ee8a960\spring-boot-autoconfigure-4.1.0.jar;C:\Users\Stephan Prantl\.gradle\caches\modules-2\files-2.1\org.springframework.boot\spring-boot-micrometer-metrics\4.1.0\91c5d35269ce2ae1b832180617b9a52fbfec4f29\spring-boot-micrometer-metrics-4.1.0.jar;C:\Users\Stephan Prantl\.gradle\caches\modules-2\files-2.1\org.springframework.boot\spring-boot-actuator\4.1.0\aff3955601271f4efdff207afeffa832fcb2835f\spring-boot-actuator-4.1.0.jar;C:\Users\Stephan Prantl\.gradle\caches\modules-2\files-2.1\org.springframework.boot\spring-boot-servlet\4.1.0\a067e9b4b7c255a8587852b6eb842413cc458e70\spring-boot-servlet-4.1.0.jar;C:\Users\Stephan Prantl\.gradle\caches\modules-2\files-2.1\org.springframework.boot\spring-boot-sql\4.1.0\7a5ef86020d10e926b2e98e1d7b4b79258fb2f38\spring-boot-sql-4.1.0.jar;C:\Users\Stephan Prantl\.gradle\caches\modules-2\files-2.1\org.springframework.boot\spring-boot-transaction\4.1.0\93b102fb7c2eb6558b8e52fb24f1152c837db3f6\spring-boot-transaction-4.1.0.jar;C:\Users\Stephan Prantl\.gradle\caches\modules-2\files-2.1\org.springframework.boot\spring-boot-data-commons\4.1.0\3d587cffcde8c18fa784e0486a2c0a8a4728f262\spring-boot-data-commons-4.1.0.jar;C:\Users\Stephan Prantl\.gradle\caches\modules-2\files-2.1\org.springframework.boot\spring-boot-starter-tomcat-runtime\4.1.0\6107a851e178c1233b64634270b11b8d5490733a\spring-boot-starter-tomcat-runtime-4.1.0.jar;C:\Users\Stephan Prantl\.gradle\caches\modules-2\files-2.1\org.springframework.boot\spring-boot-tomcat\4.1.0\502aeed70cb11c3754c365324acd9f3ee746354\spring-boot-tomcat-4.1.0.jar;C:\Users\Stephan Prantl\.gradle\caches\modules-2\files-2.1\org.springframework.boot\spring-boot-web-server\4.1.0\e67513b382c2cef7b8bc364e8e85cd7f0940e331\spring-boot-web-server-4.1.0.jar;C:\Users\Stephan Prantl\.gradle\caches\modules-2\files-2.1\org.springframework.boot\spring-boot-micrometer-observation\4.1.0\f0e219fbac48d71acbabd7f4c8116f58d72d4102\spring-boot-micrometer-observation-4.1.0.jar;C:\Users\Stephan Prantl\.gradle\caches\modules-2\files-2.1\org.springframework.boot\spring-boot-persistence\4.1.0\12b6d5aa8a97c458a5c8eba8e8cb0e38e326d9d8\spring-boot-persistence-4.1.0.jar;C:\Users\Stephan Prantl\.gradle\caches\modules-2\files-2.1\org.springframework.boot\spring-boot\4.1.0\bcf26d4c27ab080ef60c13220e96a37d687f9e26\spring-boot-4.1.0.jar;C:\Users\Stephan Prantl\.gradle\caches\modules-2\files-2.1\org.springframework\spring-webmvc\7.0.8\d08172cf66f9625a42935d596ca4c83d21265996\spring-webmvc-7.0.8.jar;C:\Users\Stephan Prantl\.gradle\caches\modules-2\files-2.1\org.springframework.data\spring-data-jpa\4.1.0\6387c88a4a9637f129e0ebcad50ada478ad01c3f\spring-data-jpa-4.1.0.jar;C:\Users\Stephan Prantl\.gradle\caches\modules-2\files-2.1\org.springframework\spring-context-support\7.0.8\1c9bd9da34fca09f3423d86f8e33bd9c099232eb\spring-context-support-7.0.8.jar;C:\Users\Stephan Prantl\.gradle\caches\modules-2\files-2.1\org.springframework\spring-context\7.0.8\6c58b590fd8d71afc36797cf6555e82500f1eb64\spring-context-7.0.8.jar;C:\Users\Stephan Prantl\.gradle\caches\modules-2\files-2.1\org.springframework\spring-aop\7.0.8\b73e58e9b7dbc4db6b4ebbe3336be0e901b0d261\spring-aop-7.0.8.jar;C:\Users\Stephan Prantl\.gradle\caches\modules-2\files-2.1\org.springframework\spring-messaging\7.0.8\2379224f4c36aeaeceb706750138b8ca9d265916\spring-messaging-7.0.8.jar;C:\Users\Stephan Prantl\.gradle\caches\modules-2\files-2.1\org.springframework\spring-web\7.0.8\d7cddac31ee023d25d37f48e2ff0e168cf635c14\spring-web-7.0.8.jar;C:\Users\Stephan Prantl\.gradle\caches\modules-2\files-2.1\org.springframework\spring-orm\7.0.8\8c40fad8ecc72337353818da54ef2d104b3fa7a9\spring-orm-7.0.8.jar;C:\Users\Stephan Prantl\.gradle\caches\modules-2\files-2.1\org.springframework\spring-jdbc\7.0.8\f979da380cd01fd363510ca98a7f544d1959a914\spring-jdbc-7.0.8.jar;C:\Users\Stephan Prantl\.gradle\caches\modules-2\files-2.1\org.springframework\spring-tx\7.0.8\96c66acfb3920457421a9cb3648a32e62f42f815\spring-tx-7.0.8.jar;C:\Users\Stephan Prantl\.gradle\caches\modules-2\files-2.1\org.springframework.data\spring-data-commons\4.1.0\e8d1077d09c20e9ecf3574a72ce5cc90a29b902a\spring-data-commons-4.1.0.jar;C:\Users\Stephan Prantl\.gradle\caches\modules-2\files-2.1\org.springframework\spring-beans\7.0.8\829cdf4c82a9409e0e10922b9e57e2ef12d5f04d\spring-beans-7.0.8.jar;C:\Users\Stephan Prantl\.gradle\caches\modules-2\files-2.1\org.springframework\spring-expression\7.0.8\bb844eefd513820e356b575d7ea0f7084147af59\spring-expression-7.0.8.jar;C:\Users\Stephan Prantl\.gradle\caches\modules-2\files-2.1\org.springframework\spring-test\7.0.8\a69fb470b6fbf2960552150e4a37e6903dbd2f49\spring-test-7.0.8.jar;C:\Users\Stephan Prantl\.gradle\caches\modules-2\files-2.1\org.springframework\spring-core\7.0.8\25f5ebd179f92d7d12779e3761c96da4b0109ad\spring-core-7.0.8.jar;C:\Users\Stephan Prantl\.gradle\caches\modules-2\files-2.1\org.apache.xmlgraphics\fop-core\2.11\c0e5720146e7ba75a1e2365517429459a5d008fd\fop-core-2.11.jar;C:\Users\Stephan Prantl\.gradle\caches\modules-2\files-2.1\org.apache.pdfbox\fontbox\3.0.8\e9f4225dc564b212ecdc31d1574f2d0c1dc3ad30\fontbox-3.0.8.jar;C:\Users\Stephan Prantl\.gradle\caches\modules-2\files-2.1\org.apache.pdfbox\pdfbox-io\3.0.8\953f459ebc08048b75afc3e823aea2e0466a01b\pdfbox-io-3.0.8.jar;C:\Users\Stephan Prantl\.gradle\caches\modules-2\files-2.1\org.apache.xmlgraphics\fop-events\2.11\2edbfcab94f634be4dc429746f2dca7669ccc133\fop-events-2.11.jar;C:\Users\Stephan Prantl\.gradle\caches\modules-2\files-2.1\org.apache.xmlgraphics\fop-util\2.11\ab85b2fa0cdd372fd0f114d75f9ce1d1fd902924\fop-util-2.11.jar;C:\Users\Stephan Prantl\.gradle\caches\modules-2\files-2.1\org.apache.xmlgraphics\batik-extension\1.19\1cc6979acd0d2270fd3bcfa8f2fc43df63e89620\batik-extension-1.19.jar;C:\Users\Stephan Prantl\.gradle\caches\modules-2\files-2.1\org.apache.xmlgraphics\batik-codec\1.19\d6e0af9772d104e20ddc332330407b6c039cfdf4\batik-codec-1.19.jar;C:\Users\Stephan Prantl\.gradle\caches\modules-2\files-2.1\org.apache.xmlgraphics\batik-transcoder\1.19\5af06d38710d1ec1b8da3e0e76e3a45fcdb083da\batik-transcoder-1.19.jar;C:\Users\Stephan Prantl\.gradle\caches\modules-2\files-2.1\org.apache.xmlgraphics\batik-bridge\1.19\9b32c6c36a6c104e6b8611b09df07ed875e58eb8\batik-bridge-1.19.jar;C:\Users\Stephan Prantl\.gradle\caches\modules-2\files-2.1\org.apache.xmlgraphics\batik-script\1.19\ef523f9c7399b75cf94dcb3828d60124a8f09a85\batik-script-1.19.jar;C:\Users\Stephan Prantl\.gradle\caches\modules-2\files-2.1\org.apache.xmlgraphics\batik-anim\1.19\bb8f0cdbe47ff94afeab7b6e569d7dab11928ddb\batik-anim-1.19.jar;C:\Users\Stephan Prantl\.gradle\caches\modules-2\files-2.1\org.apache.xmlgraphics\batik-gvt\1.19\19b27455ef1e23c79fce748be07a84c70dc5db8a\batik-gvt-1.19.jar;C:\Users\Stephan Prantl\.gradle\caches\modules-2\files-2.1\org.apache.xmlgraphics\batik-svg-dom\1.19\7958ef79eecf535061c48caabc49b0425945d7e7\batik-svg-dom-1.19.jar;C:\Users\Stephan Prantl\.gradle\caches\modules-2\files-2.1\org.apache.xmlgraphics\batik-parser\1.19\4f5f83767ab48fb5aa92c794f7eb3531cc946715\batik-parser-1.19.jar;C:\Users\Stephan Prantl\.gradle\caches\modules-2\files-2.1\org.apache.xmlgraphics\batik-svggen\1.19\9f27bd3f13be9cf0c7a15ed449a84201e709c23d\batik-svggen-1.19.jar;C:\Users\Stephan Prantl\.gradle\caches\modules-2\files-2.1\org.apache.xmlgraphics\batik-awt-util\1.19\858ea4772e2299af37cb2753202307a5c089602c\batik-awt-util-1.19.jar;C:\Users\Stephan Prantl\.gradle\caches\modules-2\files-2.1\org.apache.xmlgraphics\batik-dom\1.19\46dae3cde886b023d92b18e7237d7bb37360b206\batik-dom-1.19.jar;C:\Users\Stephan Prantl\.gradle\caches\modules-2\files-2.1\org.apache.xmlgraphics\batik-css\1.19\5fd19312a31e1b61c5d9595d65a085b81af30e6b\batik-css-1.19.jar;C:\Users\Stephan Prantl\.gradle\caches\modules-2\files-2.1\org.apache.xmlgraphics\xmlgraphics-commons\2.11\4adc636cc7051d40f859f53287ae268684ab6a80\xmlgraphics-commons-2.11.jar;C:\Users\Stephan Prantl\.gradle\caches\modules-2\files-2.1\commons-logging\commons-logging\1.4.0\e8f6313365dfa0580e49c58837afc8caa9b4ce05\commons-logging-1.4.0.jar;C:\Users\Stephan Prantl\.gradle\caches\modules-2\files-2.1\org.thymeleaf\thymeleaf-spring6\3.1.5.RELEASE\d9dcb89be976a321df29518cc634d89a83973800\thymeleaf-spring6-3.1.5.RELEASE.jar;C:\Users\Stephan Prantl\.gradle\caches\modules-2\files-2.1\org.thymeleaf\thymeleaf\3.1.5.RELEASE\8986b45086f74f7773c440055a2f473817dd3fa8\thymeleaf-3.1.5.RELEASE.jar;C:\Users\Stephan Prantl\.gradle\caches\modules-2\files-2.1\org.unbescape\unbescape\1.1.6.RELEASE\7b90360afb2b860e09e8347112800d12c12b2a13\unbescape-1.1.6.RELEASE.jar;C:\Users\Stephan Prantl\.gradle\caches\modules-2\files-2.1\org.hibernate.orm\hibernate-core\7.4.1.Final\b405096e4aa04ff9c99a3e6e632eb2b8d252e1f1\hibernate-core-7.4.1.Final.jar;C:\Users\Stephan Prantl\.gradle\caches\modules-2\files-2.1\org.glassfish.jaxb\jaxb-runtime\4.0.9\500c199572538675d2819c938fbafe34935d8d6b\jaxb-runtime-4.0.9.jar;C:\Users\Stephan Prantl\.gradle\caches\modules-2\files-2.1\org.glassfish.jaxb\jaxb-core\4.0.9\3f32ec949d109d666fa30994223d1c25a47b105f\jaxb-core-4.0.9.jar;C:\Users\Stephan Prantl\.gradle\caches\modules-2\files-2.1\jakarta.xml.bind\jakarta.xml.bind-api\4.0.5\161811f36cad3c65991502e80317f2f6703361df\jakarta.xml.bind-api-4.0.5.jar;C:\Users\Stephan Prantl\.gradle\caches\modules-2\files-2.1\org.eclipse.angus\angus-mail\2.0.5\427f6d52ec0782f7efaca0c0732042e347a6cb4f\angus-mail-2.0.5.jar;C:\Users\Stephan Prantl\.gradle\caches\modules-2\files-2.1\jakarta.mail\jakarta.mail-api\2.1.5\be9b3b677ed6083f575c437ebc442a6a4bd2b931\jakarta.mail-api-2.1.5.jar;C:\Users\Stephan Prantl\.gradle\caches\modules-2\files-2.1\org.eclipse.angus\angus-activation\2.0.3\7f80607ea5014fef0b1779e6c33d63a88a45a563\angus-activation-2.0.3.jar;C:\Users\Stephan Prantl\.gradle\caches\modules-2\files-2.1\jakarta.activation\jakarta.activation-api\2.1.4\9e5c2a0d75dde71a0bedc4dbdbe47b78a5dc50f8\jakarta.activation-api-2.1.4.jar;C:\Users\Stephan Prantl\.gradle\caches\modules-2\files-2.1\org.assertj\assertj-core\3.27.7\2f4f64f054c9d618d4b1d89e7611559f5e2cfff7\assertj-core-3.27.7.jar;C:\Users\Stephan Prantl\.gradle\caches\modules-2\files-2.1\io.micrometer\micrometer-jakarta9\1.17.0\e8a0380f6a92110cd76d7d9a329a3c57740c6e3f\micrometer-jakarta9-1.17.0.jar;C:\Users\Stephan Prantl\.gradle\caches\modules-2\files-2.1\io.micrometer\micrometer-core\1.17.0\b71d95b2819c5959bedf186e9a667e932b573dad\micrometer-core-1.17.0.jar;C:\Users\Stephan Prantl\.gradle\caches\modules-2\files-2.1\io.micrometer\micrometer-observation\1.17.0\2037bdaeb5725bdddb2390cbf93be3c19f8b8b48\micrometer-observation-1.17.0.jar;C:\Users\Stephan Prantl\.gradle\caches\modules-2\files-2.1\io.prometheus\prometheus-metrics-tracer-common\1.7.0\2feee6463c9ad7a6ef142020c3379835ffeb6701\prometheus-metrics-tracer-common-1.7.0.jar;C:\Users\Stephan Prantl\.gradle\caches\modules-2\files-2.1\com.jayway.jsonpath\json-path\2.10.0\e1a0b2e6db75401181c9c1c64c6d155ca5c6d608\json-path-2.10.0.jar;C:\Users\Stephan Prantl\.gradle\caches\modules-2\files-2.1\io.prometheus\prometheus-metrics-core\1.7.0\4779014a044c3c300d8ec36eb2a51ecb7541887\prometheus-metrics-core-1.7.0.jar;C:\Users\Stephan Prantl\.gradle\caches\modules-2\files-2.1\io.prometheus\prometheus-metrics-exposition-formats\1.7.0\e1023556dc6cdcb7142c2635b586782610fdab10\prometheus-metrics-exposition-formats-1.7.0.jar;C:\Users\Stephan Prantl\.gradle\caches\modules-2\files-2.1\io.prometheus\prometheus-metrics-exposition-textformats\1.7.0\c94fc72615c1943e01e4bf4a8451a9c7e91ac213\prometheus-metrics-exposition-textformats-1.7.0.jar;C:\Users\Stephan Prantl\.gradle\caches\modules-2\files-2.1\io.prometheus\prometheus-metrics-model\1.7.0\d953f718cf1f62af34f7bf2545645c1f6f4698d5\prometheus-metrics-model-1.7.0.jar;C:\Users\Stephan Prantl\.gradle\caches\modules-2\files-2.1\org.mockito\mockito-core\5.23.0\a5cf3cf244300e4cd05f779827cf50d373a8460e\mockito-core-5.23.0.jar;C:\Users\Stephan Prantl\.gradle\caches\modules-2\files-2.1\net.bytebuddy\byte-buddy-agent\1.18.10\9426d28828bdcdf42666bb7a68c468279ea78f59\byte-buddy-agent-1.18.10.jar;C:\Users\Stephan Prantl\.gradle\caches\modules-2\files-2.1\net.bytebuddy\byte-buddy\1.18.10\5b34812ced047973a6d42654d50c3b69124ce587\byte-buddy-1.18.10.jar;C:\Users\Stephan Prantl\.gradle\caches\modules-2\files-2.1\jakarta.transaction\jakarta.transaction-api\2.0.1\51a520e3fae406abb84e2e1148e6746ce3f80a1a\jakarta.transaction-api-2.0.1.jar;C:\Users\Stephan Prantl\.gradle\caches\modules-2\files-2.1\org.apache.xmlgraphics\batik-ext\1.19\7e73d5c6378a53b53fa9421ae9fd75916a6c2979\batik-ext-1.19.jar;C:\Users\Stephan Prantl\.gradle\caches\modules-2\files-2.1\org.apache.xmlgraphics\batik-xml\1.19\bf37203619e48844d4d25e336b745501b50cbd76\batik-xml-1.19.jar;C:\Users\Stephan Prantl\.gradle\caches\modules-2\files-2.1\org.apache.xmlgraphics\batik-util\1.19\f246bb0e8b645a552697a7a507e24536af764fc\batik-util-1.19.jar;C:\Users\Stephan Prantl\.gradle\caches\modules-2\files-2.1\org.apache.xmlgraphics\batik-constants\1.19\aef5a746a204f8597a3f7c0c5e28a0192c1f3e\batik-constants-1.19.jar;C:\Users\Stephan Prantl\.gradle\caches\modules-2\files-2.1\org.apache.xmlgraphics\batik-i18n\1.19\9df77dbefde9120a1c0c4edaa287fa7fe2263cd6\batik-i18n-1.19.jar;C:\Users\Stephan Prantl\.gradle\caches\modules-2\files-2.1\org.apache.xmlgraphics\batik-shared-resources\1.19\db8a1ad3a24f747f5170f623ccd785a95145b724\batik-shared-resources-1.19.jar;C:\Users\Stephan Prantl\.gradle\caches\modules-2\files-2.1\org.webjars\webjars-locator-lite\1.1.3\217ce590453251b39b72c4a9af3986998f6fdbd9\webjars-locator-lite-1.1.3.jar;C:\Users\Stephan Prantl\.gradle\caches\modules-2\files-2.1\io.micrometer\micrometer-commons\1.17.0\2edbb561cdd2b2777fbcd83aa9f2204ebabf592b\micrometer-commons-1.17.0.jar;C:\Users\Stephan Prantl\.gradle\caches\modules-2\files-2.1\org.jspecify\jspecify\1.0.0\7425a601c1c7ec76645a78d22b8c6a627edee507\jspecify-1.0.0.jar;C:\Users\Stephan Prantl\.gradle\caches\modules-2\files-2.1\org.springframework\spring-aspects\7.0.8\daf535194ee6cd1e1e23c7368c58b5f02fe18f65\spring-aspects-7.0.8.jar;C:\Users\Stephan Prantl\.gradle\caches\modules-2\files-2.1\org.aspectj\aspectjweaver\1.9.25.1\a713c790da4d794c7dfb542b550d4e44898d5e23\aspectjweaver-1.9.25.1.jar;C:\Users\Stephan Prantl\.gradle\caches\modules-2\files-2.1\io.swagger.core.v3\swagger-annotations-jakarta\2.2.52\3806bb2a46610b20b5841c7f711b2d660ca5848\swagger-annotations-jakarta-2.2.52.jar;C:\Users\Stephan Prantl\.gradle\caches\modules-2\files-2.1\org.springframework.boot\spring-boot-starter-logging\4.1.0\f2e2615d9fb27a035a8fc7aef19670769739ae76\spring-boot-starter-logging-4.1.0.jar;C:\Users\Stephan Prantl\.gradle\caches\modules-2\files-2.1\org.apache.tomcat.embed\tomcat-embed-websocket\11.0.22\5686ff1ad745491d981d771514027d8fc55aed4f\tomcat-embed-websocket-11.0.22.jar;C:\Users\Stephan Prantl\.gradle\caches\modules-2\files-2.1\org.apache.tomcat.embed\tomcat-embed-core\11.0.22\cc7307efaa60c0d31784bf053ec4aa48a404f44b\tomcat-embed-core-11.0.22.jar;C:\Users\Stephan Prantl\.gradle\caches\modules-2\files-2.1\org.hamcrest\hamcrest\3.0\8fd9b78a8e6a6510a078a9e30e9e86a6035cfaf7\hamcrest-3.0.jar;C:\Users\Stephan Prantl\.gradle\caches\modules-2\files-2.1\com.thoughtworks.qdox\qdox\1.12\466993f8362511ecc42e6508d3db1880bfcd5c56\qdox-1.12.jar;C:\Users\Stephan Prantl\.gradle\caches\modules-2\files-2.1\org.antlr\antlr4-runtime\4.13.2\fc3db6d844df652a3d5db31c87fa12757f13691d\antlr4-runtime-4.13.2.jar;C:\Users\Stephan Prantl\.gradle\caches\modules-2\files-2.1\org.glassfish.jaxb\txw2\4.0.9\70325ebdebca3e7aae1dfa395fd41fc25d8a6f4e\txw2-4.0.9.jar;C:\Users\Stephan Prantl\.gradle\caches\modules-2\files-2.1\jakarta.persistence\jakarta.persistence-api\3.2.0\bb75a113f3fa191c2c7ee7b206d8e674251b3129\jakarta.persistence-api-3.2.0.jar;C:\Users\Stephan Prantl\.gradle\caches\modules-2\files-2.1\org.skyscreamer\jsonassert\1.5.3\aaa43e0823d2a0e106e8754d6a9c4ab24e05e9bc\jsonassert-1.5.3.jar;C:\Users\Stephan Prantl\.gradle\caches\modules-2\files-2.1\org.apache.logging.log4j\log4j-to-slf4j\2.25.4\68df56640a5d245192e91bd2ac89e504b477cc10\log4j-to-slf4j-2.25.4.jar;C:\Users\Stephan Prantl\.gradle\caches\modules-2\files-2.1\org.rnorth.duct-tape\duct-tape\1.0.8\92edc22a9ab2f3e17c9bf700aaee377d50e8b530\duct-tape-1.0.8.jar;C:\Users\Stephan Prantl\.gradle\caches\modules-2\files-2.1\com.tngtech.archunit\archunit-junit5-api\1.5.0\380a41b454697f77753d3790583eb24db13f846c\archunit-junit5-api-1.5.0.jar;C:\Users\Stephan Prantl\.gradle\caches\modules-2\files-2.1\com.tngtech.archunit\archunit\1.5.0\5076957a58007dd5c512facb5c179d3dd7c3c2b8\archunit-1.5.0.jar;C:\Users\Stephan Prantl\.gradle\caches\modules-2\files-2.1\org.objenesis\objenesis\3.4\675cbe121a68019235d27f6c34b4f0ac30e07418\objenesis-3.4.jar;C:\Users\Stephan Prantl\.gradle\caches\modules-2\files-2.1\com.vaadin.external.google\android-json\0.0.20131108.vaadin1\fa26d351fe62a6a17f5cda1287c1c6110dec413f\android-json-0.0.20131108.vaadin1.jar;C:\Users\Stephan Prantl\.gradle\caches\modules-2\files-2.1\org.hibernate.models\hibernate-models\1.1.1\c890a4cc781fd8720e0e2613b4a24b33cdaa80a1\hibernate-models-1.1.1.jar;C:\Users\Stephan Prantl\.gradle\caches\modules-2\files-2.1\org.apache.logging.log4j\log4j-api\2.25.4\89ff2217b193fb187b134aa6ebcbfa8a28b018a9\log4j-api-2.25.4.jar;C:\Users\Stephan Prantl\.gradle\caches\modules-2\files-2.1\com.zaxxer\HikariCP\7.0.2\c2b43c946b86a14a96342379e22b004c56c6166d\HikariCP-7.0.2.jar;C:\Users\Stephan Prantl\.gradle\caches\modules-2\files-2.1\com.github.docker-java\docker-java-transport-zerodep\3.7.1\6b1af9996b2004703a41e0fbbf1031cabbbe4e6b\docker-java-transport-zerodep-3.7.1.jar;C:\Users\Stephan Prantl\.gradle\caches\modules-2\files-2.1\ch.qos.logback\logback-classic\1.5.34\e598899bad5824511cd3019299254230468e1fa2\logback-classic-1.5.34.jar;C:\Users\Stephan Prantl\.gradle\caches\modules-2\files-2.1\org.slf4j\jul-to-slf4j\2.0.18\79739c98001d5c9d078d087d5a348ec9e474ec8f\jul-to-slf4j-2.0.18.jar;C:\Users\Stephan Prantl\.gradle\caches\modules-2\files-2.1\org.slf4j\slf4j-api\2.0.18\78a9e7a37cd6360e0b818e86341b24123d28d4df\slf4j-api-2.0.18.jar;C:\Users\Stephan Prantl\.gradle\caches\modules-2\files-2.1\net.minidev\json-smart\2.6.0\5f858a43a325a8673da6869ab2bc787a1bcb2244\json-smart-2.6.0.jar;C:\Users\Stephan Prantl\.gradle\caches\modules-2\files-2.1\org.hibernate.validator\hibernate-validator\9.1.0.Final\53505ad984428ab42b4a4f3456aab9ec343bf2f2\hibernate-validator-9.1.0.Final.jar;C:\Users\Stephan Prantl\.gradle\caches\modules-2\files-2.1\jakarta.validation\jakarta.validation-api\3.1.1\ec8622148afc5564235d17af80ea80288d0e7f92\jakarta.validation-api-3.1.1.jar;C:\Users\Stephan Prantl\.gradle\caches\modules-2\files-2.1\org.jetbrains\annotations\23.0.0\8cc20c07506ec18e0834947b84a864bfc094484e\annotations-23.0.0.jar;C:\Users\Stephan Prantl\.gradle\caches\modules-2\files-2.1\org.springframework.security\spring-security-crypto\7.1.0\819461a33c5b10b92bb1a125db933a17fc0db792\spring-security-crypto-7.1.0.jar;C:\Users\Stephan Prantl\.gradle\caches\modules-2\files-2.1\commons-io\commons-io\2.20.0\36f3474daec2849c149e877614e7f979b2082cd2\commons-io-2.20.0.jar;C:\Users\Stephan Prantl\.gradle\caches\modules-2\files-2.1\com.fasterxml.woodstox\woodstox-core\7.2.1\68867a734916adfb379bc6881df6e1d8b575edb9\woodstox-core-7.2.1.jar;C:\Users\Stephan Prantl\.gradle\caches\modules-2\files-2.1\org.codehaus.woodstox\stax2-api\4.3.0\59251773c44122e8d1366f68884e29dd784e141b\stax2-api-4.3.0.jar;C:\Users\Stephan Prantl\.gradle\caches\modules-2\files-2.1\com.sun.istack\istack-commons-runtime\4.1.2\18ec117c85f3ba0ac65409136afa8e42bc74e739\istack-commons-runtime-4.1.2.jar;C:\Users\Stephan Prantl\.gradle\caches\modules-2\files-2.1\net.minidev\accessors-smart\2.6.0\2d96f1d9b6ab7f13261aa81b15703574185747a0\accessors-smart-2.6.0.jar;C:\Users\Stephan Prantl\.gradle\caches\modules-2\files-2.1\xml-apis\xml-apis\1.4.01\3789d9fada2d3d458c4ba2de349d48780f381ee3\xml-apis-1.4.01.jar;C:\Users\Stephan Prantl\.gradle\caches\modules-2\files-2.1\org.yaml\snakeyaml\2.6\2bc14918a2f8d5414749ab12d0c590cd3198b8c1\snakeyaml-2.6.jar;C:\Users\Stephan Prantl\.gradle\caches\modules-2\files-2.1\org.apache.tomcat.embed\tomcat-embed-el\11.0.22\db92447e16c3561e9ca7bf9311b6b6389816699e\tomcat-embed-el-11.0.22.jar;C:\Users\Stephan Prantl\.gradle\caches\modules-2\files-2.1\xml-apis\xml-apis-ext\1.3.04\41a8b86b358e87f3f13cf46069721719105aff66\xml-apis-ext-1.3.04.jar;C:\Users\Stephan Prantl\.gradle\caches\modules-2\files-2.1\jakarta.inject\jakarta.inject-api\2.0.1\4c28afe1991a941d7702fe1362c365f0a8641d1e\jakarta.inject-api-2.0.1.jar;C:\Users\Stephan Prantl\.gradle\caches\modules-2\files-2.1\org.opentest4j\opentest4j\1.3.0\152ea56b3a72f655d4fd677fc0ef2596c3dd5e6e\opentest4j-1.3.0.jar;C:\Users\Stephan Prantl\.gradle\caches\modules-2\files-2.1\net.java.dev.jna\jna\5.18.1\b27ba04287cc4abe769642fe8318d39fc89bf937\jna-5.18.1.jar;C:\Users\Stephan Prantl\.gradle\caches\modules-2\files-2.1\org.attoparser\attoparser\2.0.7.RELEASE\e5d0e988d9124139d645bb5872b24dfa23e283cc\attoparser-2.0.7.RELEASE.jar;C:\Users\Stephan Prantl\.gradle\caches\modules-2\files-2.1\org.checkerframework\checker-qual\3.55.1\3d40699936a66b2d4c1f759f2f1a0446c8cf64fc\checker-qual-3.55.1.jar;C:\Users\Stephan Prantl\.gradle\caches\modules-2\files-2.1\com.google.code.findbugs\jsr305\3.0.2\25ea2e8b0c338a877313bd4672d3fe056ea78f0d\jsr305-3.0.2.jar;C:\Users\Stephan Prantl\.gradle\caches\modules-2\files-2.1\org.hdrhistogram\HdrHistogram\2.2.2\7959933ebcc0f05b2eaa5af0a0c8689fa257b15c\HdrHistogram-2.2.2.jar;C:\Users\Stephan Prantl\.gradle\caches\modules-2\files-2.1\org.ow2.asm\asm\9.7.1\f0ed132a49244b042cd0e15702ab9f2ce3cc8436\asm-9.7.1.jar;C:\Users\Stephan Prantl\.gradle\caches\modules-2\files-2.1\io.prometheus\prometheus-metrics-config\1.7.0\739329fa28a2372515f14c875d4012b32e17df09\prometheus-metrics-config-1.7.0.jar;C:\Users\Stephan Prantl\.gradle\caches\modules-2\files-2.1\com.fasterxml\classmate\1.7.3\f61c7e7b81e9249b0f6a05914eff9d54fb09f4a0\classmate-1.7.3.jar;C:\Users\Stephan Prantl\.gradle\caches\modules-2\files-2.1\commons-codec\commons-codec\1.21.0\d95f998db5f89900fe895daf6cd2cddcb2f1d64b\commons-codec-1.21.0.jar;C:\Users\Stephan Prantl\.gradle\caches\modules-2\files-2.1\jakarta.annotation\jakarta.annotation-api\3.0.0\54f928fadec906a99d558536756d171917b9d936\jakarta.annotation-api-3.0.0.jar;C:\Users\Stephan Prantl\.gradle\caches\modules-2\files-2.1\com.github.docker-java\docker-java-transport\3.7.1\7b8f1b7486e83f2871d9f98a7e12c529dfddc9c2\docker-java-transport-3.7.1.jar;C:\Users\Stephan Prantl\.gradle\caches\modules-2\files-2.1\org.jboss.logging\jboss-logging\3.6.3.Final\1cc9f976725720bb4a66f80af3e3aa6b9890d969\jboss-logging-3.6.3.Final.jar;C:\Users\Stephan Prantl\.gradle\caches\modules-2\files-2.1\ch.qos.logback\logback-core\1.5.34\378692f76c337b3325c15bffb89e013dc1f897b4\logback-core-1.5.34.jar;C:\Users\Stephan Prantl\.gradle\caches\modules-2\files-2.1\org.xmlunit\xmlunit-core\2.11.0\85521d7f60fb599a4ac1bdec0d19628c3a264156\xmlunit-core-2.11.0.jar
Launcher Type: SUN_STANDARD

[Global flags]
     bool AOTAdapterCaching                        = false                                  {diagnostic} {ergonomic}
     bool AOTInvokeDynamicLinking                  = false                                  {diagnostic} {ergonomic}
     bool AOTRecordTraining                        = false                                  {diagnostic} {ergonomic}
     bool AOTReplayTraining                        = false                                  {diagnostic} {ergonomic}
     bool AOTStubCaching                           = false                                  {diagnostic} {ergonomic}
     intx CICompilerCount                          = 12                                        {product} {ergonomic}
     uint ConcGCThreads                            = 4                                         {product} {ergonomic}
     uint G1ConcRefinementThreads                  = 15                                        {product} {ergonomic}
     uint G1EagerReclaimRemSetThreshold            = 10                                   {experimental} {ergonomic}
   size_t G1HeapRegionSize                         = 1048576                                   {product} {ergonomic}
     uint G1RemSetArrayOfCardsEntries              = 10                                   {experimental} {ergonomic}
     uint G1RemSetHowlMaxNumBuckets                = 8                                    {experimental} {ergonomic}
     uint G1RemSetHowlNumBuckets                   = 4                                    {experimental} {ergonomic}
   size_t InitialHeapSize                          = 8388608                                   {product} {ergonomic}
     bool IntelJccErratumMitigation                = false                             {ARCH diagnostic} {ergonomic}
   size_t MarkStackSize                            = 4194304                                   {product} {ergonomic}
   size_t MarkStackSizeMax                         = 536870912                                 {product} {ergonomic}
   size_t MaxHeapSize                              = 536870912                                 {product} {command line}
   size_t MaxNewSize                               = 321912832                                 {product} {ergonomic}
 uint64_t MaxRAM                                   = 34122297344                               {product} {ergonomic}
   size_t MinHeapDeltaBytes                        = 1048576                                   {product} {ergonomic}
   size_t MinHeapSize                              = 8388608                                   {product} {ergonomic}
   size_t NonNMethodCodeHeapSize                   = 7667712                                {pd product} {ergonomic}
   size_t NonProfiledCodeHeapSize                  = 122028032                              {pd product} {ergonomic}
   size_t ProfiledCodeHeapSize                     = 122028032                              {pd product} {ergonomic}
   size_t ReservedCodeCacheSize                    = 251723776                              {pd product} {ergonomic}
     bool SegmentedCodeCache                       = true                                      {product} {ergonomic}
   size_t SoftMaxHeapSize                          = 536870912                              {manageable} {ergonomic}
     bool UseCompressedOops                        = true                           {product lp64_product} {ergonomic}
     bool UseCondCardMark                          = true                                      {product} {ergonomic}
     bool UseFastUnorderedTimeStamps               = true                                 {experimental} {ergonomic}
     bool UseG1GC                                  = true                                      {product} {ergonomic}
     bool UseLargePagesIndividualAllocation        = false                                  {pd product} {ergonomic}
      int X86ICacheSync                            = 3                                 {ARCH diagnostic} {ergonomic}

Logging:
Log output configuration:
 #0: stdout all=warning uptime,level,tags foldmultilines=false
 #1: stderr all=off uptime,level,tags foldmultilines=false

Release file:
IMPLEMENTOR="Amazon.com Inc." 
IMPLEMENTOR_VERSION="Corretto-26.0.1.8.1" 
JAVA_RUNTIME_VERSION="26.0.1+8-FR" 
JAVA_VERSION="26.0.1" 
JAVA_VERSION_DATE="2026-04-21" 
LIBC="default" 
MODULES="java.base java.compiler java.datatransfer java.xml java.prefs java.desktop java.instrument java.logging java.management java.security.sasl java.naming java.rmi java.management.rmi java.net.http java.scripting java.security.jgss java.transaction.xa java.sql java.sql.rowset java.xml.crypto java.se java.smartcardio jdk.accessibility jdk.internal.jvmstat jdk.attach jdk.charsets jdk.internal.opt jdk.zipfs jdk.compiler jdk.crypto.cryptoki jdk.crypto.ec jdk.crypto.mscapi jdk.dynalink jdk.internal.ed jdk.editpad jdk.internal.vm.ci jdk.graal.compiler jdk.graal.compiler.management jdk.hotspot.agent jdk.httpserver jdk.incubator.vector jdk.internal.le jdk.internal.md jdk.jartool jdk.javadoc jdk.jcmd jdk.management jdk.management.agent jdk.jconsole jdk.jdeps jdk.jdwp.agent jdk.jdi jdk.jfr jdk.jlink jdk.jpackage jdk.jshell jdk.jstatd jdk.localedata jdk.management.jfr jdk.naming.dns jdk.naming.rmi jdk.net jdk.nio.mapmode jdk.sctp jdk.security.auth jdk.security.jgss jdk.unsupported jdk.unsupported.desktop jdk.xml.dom" 
OS_ARCH="x86_64" 
OS_NAME="Windows" 
SOURCE="" 

Environment Variables:
JAVA_HOME=C:\Users\Stephan Prantl\.jdks\openjdk-21.0.1
PATH=C:\Users\Stephan Prantl\bin;C:\Program Files\Git\mingw64\bin;C:\Program Files\Git\usr\local\bin;C:\Program Files\Git\usr\bin;C:\Program Files\Git\usr\bin;C:\Program Files\Git\mingw64\bin;C:\Program Files\Git\usr\bin;C:\Users\Stephan Prantl\bin;C:\Users\Stephan Prantl\.jdks\openjdk-21.0.1\bin;C:\Program Files\Oculus\Support\oculus-runtime;C:\Program Files\Amazon Corretto\jdk17.0.5_8\bin;C:\Windows\system32;C:\Windows;C:\Windows\System32\Wbem;C:\Windows\System32\WindowsPowerShell\v1.0;C:\Windows\System32\OpenSSH;C:\Program Files\PuTTY;C:\Users\Stephan Prantl\AppData\Roaming\nvm;C:\Program Files\dotnet;C:\Program Files\Git\cmd;C:\WINDOWS\system32;C:\WINDOWS;C:\WINDOWS\System32\Wbem;C:\WINDOWS\System32\WindowsPowerShell\v1.0;C:\WINDOWS\System32\OpenSSH;C:\Program Files\WireGuard;C:\Program Files\NVIDIA Corporation\NVIDIA App\NvDLISR;C:\Program Files (x86)\NVIDIA Corporation\PhysX\Common;C:\Program Files\Go\bin;C:\Users\Stephan Prantl\AppData\Roaming\nvm;C:\nvm4w\nodejs;C:\Program Files\GitHub CLI;C:\Program Files\Docker\Docker\resources\bin;C:\Users\Stephan Prantl\AppData\Local\qwen-code\bin;C:\Users\Stephan Prantl\AppData\Local\Programs\Python\Python310\Scripts;C:\Users\Stephan Prantl\AppData\Local\Programs\Python\Python310;C:\Users\Stephan Prantl\AppData\Local\Programs\Python\Python312\Scripts;C:\Users\Stephan Prantl\AppData\Local\Programs\Python\Python312;C:\Users\Stephan Prantl\AppData\Local\Programs\Python\Launcher;C:\Users\Stephan Prantl\AppData\Local\Microsoft\WindowsApps;C:\Program Files\JetBrains\IntelliJ IDEA 2022.1.4\bin;C:\Users\Stephan Prantl\AppData\Roaming\nvm;C:\Program Files (x86)\GnuWin32\bin;C:\development\tools\ffmpeg\bin;C:\Program Files\Google\Chrome\Application;D:\development\tools\gradle-9.5.1\bin;C:\Program Files\OpenSCAD;C:\Users\Stephan Prantl\.dotnet\tools;C:\Users\Stephan Prantl\AppData\Local\Programs\Microsoft VS Code\bin;D:\development\tools;C:\Users\Stephan Prantl\AppData\Local\Programs\Ollama;C:\Users\Stephan Prantl\.local\bin;C:\Users\Stephan Prantl\AppData\Local\Microsoft\WinGet\Packages\GitHub.Copilot_Microsoft.Winget.Source_8wekyb3d8bbwe;C:\Users\Stephan Prantl\go\bin;C:\Users\Stephan Prantl\AppData\Roaming\nvm;C:\nvm4w\nodejs;C:\Program Files\Git\usr\bin\vendor_perl;C:\Program Files\Git\usr\bin\core_perl;C:\Users\Stephan Prantl\.claude\plugins\cache\claude-plugins-official\claude-md-management\1.0.0\bin;C:\Users\Stephan Prantl\.claude\plugins\cache\claude-plugins-official\kotlin-lsp\1.0.0\bin;C:\Users\Stephan Prantl\.claude\plugins\cache\claude-plugins-official\typescript-lsp\1.0.0\bin;C:\Users\Stephan Prantl\.claude\plugins\cache\claude-plugins-official\context7\unknown\bin;C:\Users\Stephan Prantl\.claude\plugins\cache\claude-plugins-official\security-guidance\2.0.6\bin;C:\Users\Stephan Prantl\.claude\plugins\cache\claude-plugins-official\frontend-design\unknown\bin;C:\Users\Stephan Prantl\.claude\plugins\cache\claude-plugins-official\chrome-devtools-mcp\1.6.0\bin
USERNAME=Stephan Prantl
SHELL=C:\Program Files\Git\usr\bin\bash.exe
TERM=xterm-256color
OS=Windows_NT
PROCESSOR_IDENTIFIER=Intel64 Family 6 Model 151 Stepping 2, GenuineIntel
TMP=C:\Users\STEPHA~1\AppData\Local\Temp
TEMP=C:\Users\STEPHA~1\AppData\Local\Temp




Compilation memory statistics disabled.

Periodic native trim disabled

---------------  S Y S T E M  ---------------

OS:
 Windows 11 , 64 bit Build 26100 (10.0.26100.8875)
OS uptime: 9 days 0:44 hours
Hyper-V role detected

CPU: total 20 (initial active 20) (hybrid) family 6 model 151 stepping 2 microcode 0x1a, cx8, cmov, fxsr, ht, mmx, 3dnowpref, sse, sse2, sse3, ssse3, sse4.1, sse4.2, popcnt, lzcnt, tsc, tscinvbit, avx, avx2, aes, erms, clmul, bmi1, bmi2, adx, sha, fma, vzeroupper, clflush, clflushopt, clwb, hv, serialize, rdtscp, rdpid, fsrm, gfni, f16c, cet_ibt, cet_ss, hybrid
Processor Information for processor 0
  Max Mhz: 3600, Current Mhz: 3600, Mhz Limit: 3600
Processor Information for processor 1
  Max Mhz: 3600, Current Mhz: 3600, Mhz Limit: 3600
Processor Information for processor 2
  Max Mhz: 3600, Current Mhz: 3600, Mhz Limit: 3600
Processor Information for processor 3
  Max Mhz: 3600, Current Mhz: 3600, Mhz Limit: 3600
Processor Information for processor 4
  Max Mhz: 3600, Current Mhz: 3600, Mhz Limit: 3600
Processor Information for processor 5
  Max Mhz: 3600, Current Mhz: 3600, Mhz Limit: 3600
Processor Information for processor 6
  Max Mhz: 3600, Current Mhz: 3600, Mhz Limit: 3600
Processor Information for processor 7
  Max Mhz: 3600, Current Mhz: 3600, Mhz Limit: 3600
Processor Information for processor 8
  Max Mhz: 3600, Current Mhz: 3600, Mhz Limit: 3600
Processor Information for processor 9
  Max Mhz: 3600, Current Mhz: 3600, Mhz Limit: 3600
Processor Information for processor 10
  Max Mhz: 3600, Current Mhz: 3600, Mhz Limit: 3600
Processor Information for processor 11
  Max Mhz: 3600, Current Mhz: 3600, Mhz Limit: 3600
Processor Information for processor 12
  Max Mhz: 3600, Current Mhz: 3600, Mhz Limit: 3600
Processor Information for processor 13
  Max Mhz: 3600, Current Mhz: 3600, Mhz Limit: 3600
Processor Information for processor 14
  Max Mhz: 3600, Current Mhz: 3600, Mhz Limit: 3600
Processor Information for processor 15
  Max Mhz: 3600, Current Mhz: 3600, Mhz Limit: 3600
Processor Information for processor 16
  Max Mhz: 3600, Current Mhz: 2700, Mhz Limit: 2700
Processor Information for processor 17
  Max Mhz: 3600, Current Mhz: 2700, Mhz Limit: 2700
Processor Information for processor 18
  Max Mhz: 3600, Current Mhz: 2700, Mhz Limit: 2700
Processor Information for processor 19
  Max Mhz: 3600, Current Mhz: 2700, Mhz Limit: 2700

Memory: 4k page, system-wide physical 32541M (1586M free)
TotalPageFile size 130845M (AvailPageFile size 20M)
current process WorkingSet (physical memory assigned to process): 1070M, peak: 1074M
current process commit charge ("private bytes"): 1113M, peak: 1140M

vm_info: OpenJDK 64-Bit Server VM (26.0.1+8-FR) for windows-amd64 JRE (26.0.1+8-FR), built on 2026-04-16T20:19:22Z with MS VC++ 17.14 (VS2022)

END.
