#
# There is insufficient memory for the Java Runtime Environment to continue.
# Native memory allocation (malloc) failed to allocate 2922392 bytes. Error detail: Chunk::new
# Possible reasons:
#   The system is out of physical RAM or swap space
#   This process is running with CompressedOops enabled, and the Java Heap may be blocking the growth of the native heap
# Possible solutions:
#   Reduce memory load on the system
#   Increase physical memory or swap space
#   Check if swap backing store is full
#   Decrease Java heap size (-Xmx/-Xms)
#   Decrease number of Java threads
#   Decrease Java thread stack sizes (-Xss)
#   Set larger code cache with -XX:ReservedCodeCacheSize=
#   JVM is running with Unscaled Compressed Oops mode in which the Java heap is
#     placed in the first 4GB address space. The Java Heap base address is the
#     maximum limit for the native heap growth. Please use -XX:HeapBaseMinAddress
#     to set the Java Heap base and to place the Java Heap above 4GB virtual address.
# This output file may be truncated or incomplete.
#
#  Out of Memory Error (arena.cpp:193), pid=27976, tid=65760
#
# JRE version: OpenJDK Runtime Environment Corretto-26.0.1.8.1 (26.0.1+8) (build 26.0.1+8-FR)
# Java VM: OpenJDK 64-Bit Server VM Corretto-26.0.1.8.1 (26.0.1+8-FR, mixed mode, sharing, tiered, compressed oops, compressed class ptrs, g1 gc, windows-amd64)
# No core dump will be written. Minidumps are not enabled by default on client versions of Windows
#

---------------  S U M M A R Y ------------

Command Line: -Dorg.gradle.internal.worker.tmpdir=C:\development\repos\admin2\backend\build\tmp\test\work -Duser.timezone=Europe/Vienna -javaagent:C:\development\repos\admin2\backend\build\tmp\.cache\expanded\zip_27729b840c216bdc69a9315e04b27ab1\jacocoagent.jar=destfile=build/jacoco/test.exec,append=true,inclnolocationclasses=false,dumponexit=true,output=file,jmx=false -Xmx512m -Dfile.encoding=UTF-8 -Duser.country=DE -Duser.language=de -Duser.variant -ea worker.org.gradle.process.internal.worker.GradleWorkerMain 'Gradle Test Executor 4'

Host: 12th Gen Intel(R) Core(TM) i7-12700K, 20 cores, 31G,  Windows 11 , 64 bit Build 26100 (10.0.26100.8875)
Time: Sun Aug  9 21:35:05 2026 Mitteleuropäische Sommerzeit elapsed time: 289.545561 seconds (0d 0h 4m 49s)

---------------  T H R E A D  ---------------

Current thread (0x000002c56f540cb0):  JavaThread "C2 CompilerThread0" daemon [_thread_in_native, id=65760, stack(0x000000e211600000,0x000000e211700000) (1024K)]


Current CompileTask:
C2:289545 38159       4       java.lang.String::toLowerCase (8 bytes)

Stack: [0x000000e211600000,0x000000e211700000]
Native frames: (J=compiled Java code, j=interpreted, Vv=VM code, C=native code)
V  [jvm.dll+0x7e03f9]  (no source info available)
V  [jvm.dll+0x7ace2d]  (no source info available)
V  [jvm.dll+0xa49872]  (no source info available)
V  [jvm.dll+0xa4bcb5]  (no source info available)
V  [jvm.dll+0xa4c393]  (no source info available)
V  [jvm.dll+0x315c96]  (no source info available)
V  [jvm.dll+0x11fe76]  (no source info available)
V  [jvm.dll+0x1201a6]  (no source info available)
V  [jvm.dll+0x1b72d6]  (no source info available)
V  [jvm.dll+0x3d2bb2]  (no source info available)
V  [jvm.dll+0x7e8f80]  (no source info available)
V  [jvm.dll+0x2d8a07]  (no source info available)
V  [jvm.dll+0x2d791e]  (no source info available)
V  [jvm.dll+0x24e230]  (no source info available)
V  [jvm.dll+0x2e77e0]  (no source info available)
V  [jvm.dll+0x2e59cd]  (no source info available)
V  [jvm.dll+0x4ad045]  (no source info available)
V  [jvm.dll+0x9e7ec9]  (no source info available)
V  [jvm.dll+0x7e1e38]  (no source info available)
C  [ucrtbase.dll+0x2cd30]  (no source info available)
C  [KERNEL32.DLL+0x2e957]  (no source info available)
C  [ntdll.dll+0xaad6c]  (no source info available)

Lock stack of current Java thread (top to bottom):


---------------  P R O C E S S  ---------------

Threads class SMR info:
_java_thread_list=0x000002c577d2ded0, length=48, elements={
0x000002c5536a45c0, 0x000002c56f529500, 0x000002c56f529cb0, 0x000002c56f52cf20,
0x000002c56f52fc10, 0x000002c56f531360, 0x000002c56f534050, 0x000002c56f540cb0,
0x000002c56f5562d0, 0x000002c5741668e0, 0x000002c574f84dc0, 0x000002c576521fe0,
0x000002c5757ff8c0, 0x000002c575803f10, 0x000002c575801800, 0x000002c577e7ae20,
0x000002c577e7bdc0, 0x000002c577e79e80, 0x000002c577e7c590, 0x000002c57649ee20,
0x000002c575805e50, 0x000002c5769b81a0, 0x000002c5769b9910, 0x000002c5769b7200,
0x000002c5769b79d0, 0x000002c5769b6260, 0x000002c5769b6a30, 0x000002c5769ba8b0,
0x000002c5769bb080, 0x000002c5769bc7f0, 0x000002c57990f760, 0x000002c57990c880,
0x000002c579912640, 0x000002c579910700, 0x000002c579913db0, 0x000002c579912e10,
0x000002c576764430, 0x000002c576764c00, 0x000002c5763f6220, 0x000002c579a0cdf0,
0x000002c579a0aeb0, 0x000002c579a0f500, 0x000002c579a0fcd0, 0x000002c579a104a0,
0x000002c579a10c70, 0x000002c579a11440, 0x000002c5767605b0, 0x000002c57828c700
}

Java Threads: ( => current thread )
  0x000002c5536a45c0 JavaThread "Test worker"                       [_thread_in_native, id=51492, stack(0x000000e210700000,0x000000e210800000) (1024K)]
  0x000002c56f529500 JavaThread "Reference Handler"          daemon [_thread_blocked, id=66700, stack(0x000000e211000000,0x000000e211100000) (1024K)]
  0x000002c56f529cb0 JavaThread "Finalizer"                  daemon [_thread_blocked, id=38880, stack(0x000000e211100000,0x000000e211200000) (1024K)]
  0x000002c56f52cf20 JavaThread "Signal Dispatcher"          daemon [_thread_blocked, id=24312, stack(0x000000e211200000,0x000000e211300000) (1024K)]
  0x000002c56f52fc10 JavaThread "Attach Listener"            daemon [_thread_blocked, id=55592, stack(0x000000e211300000,0x000000e211400000) (1024K)]
  0x000002c56f531360 JavaThread "Service Thread"             daemon [_thread_blocked, id=62792, stack(0x000000e211400000,0x000000e211500000) (1024K)]
  0x000002c56f534050 JavaThread "Monitor Deflation Thread"   daemon [_thread_blocked, id=56484, stack(0x000000e211500000,0x000000e211600000) (1024K)]
=>0x000002c56f540cb0 JavaThread "C2 CompilerThread0"         daemon [_thread_in_native, id=65760, stack(0x000000e211600000,0x000000e211700000) (1024K)]
  0x000002c56f5562d0 JavaThread "C1 CompilerThread0"         daemon [_thread_blocked, id=39952, stack(0x000000e211700000,0x000000e211800000) (1024K)]
  0x000002c5741668e0 JavaThread "Common-Cleaner"             daemon [_thread_blocked, id=52740, stack(0x000000e211a00000,0x000000e211b00000) (1024K)]
  0x000002c574f84dc0 JavaThread "Notification Thread"        daemon [_thread_blocked, id=46296, stack(0x000000e212000000,0x000000e212100000) (1024K)]
  0x000002c576521fe0 JavaThread "/127.0.0.1:49684 to /127.0.0.1:49683 workers"        [_thread_blocked, id=46576, stack(0x000000e212500000,0x000000e212600000) (1024K)]
  0x000002c5757ff8c0 JavaThread "InnocuousThread-1"          daemon [_thread_blocked, id=58544, stack(0x000000e212600000,0x000000e212700000) (1024K)]
  0x000002c575803f10 JavaThread "/127.0.0.1:49684 to /127.0.0.1:49683 workers Thread 2"        [_thread_blocked, id=63360, stack(0x000000e212700000,0x000000e212800000) (1024K)]
  0x000002c575801800 JavaThread "/127.0.0.1:49684 to /127.0.0.1:49683 workers Thread 3"        [_thread_in_native, id=31160, stack(0x000000e212800000,0x000000e212900000) (1024K)]
  0x000002c577e7ae20 JavaThread "InnocuousThread-2"          daemon [_thread_in_native, id=65856, stack(0x000000e213800000,0x000000e213900000) (1024K)]
  0x000002c577e7bdc0 JavaThread "InnocuousThread-3"          daemon [_thread_in_native, id=16720, stack(0x000000e213900000,0x000000e213a00000) (1024K)]
  0x000002c577e79e80 JavaThread "InnocuousThread-4"          daemon [_thread_in_native, id=66396, stack(0x000000e213a00000,0x000000e213b00000) (1024K)]
  0x000002c577e7c590 JavaThread "InnocuousThread-5"          daemon [_thread_in_native, id=63232, stack(0x000000e213b00000,0x000000e213c00000) (1024K)]
  0x000002c57649ee20 JavaThread "InnocuousThread-6"          daemon [_thread_in_native, id=35420, stack(0x000000e213c00000,0x000000e213d00000) (1024K)]
  0x000002c575805e50 JavaThread "InnocuousThread-7"          daemon [_thread_in_native, id=26416, stack(0x000000e213d00000,0x000000e213e00000) (1024K)]
  0x000002c5769b81a0 JavaThread "InnocuousThread-8"          daemon [_thread_in_native, id=62620, stack(0x000000e213e00000,0x000000e213f00000) (1024K)]
  0x000002c5769b9910 JavaThread "InnocuousThread-9"          daemon [_thread_in_native, id=61748, stack(0x000000e213f00000,0x000000e214000000) (1024K)]
  0x000002c5769b7200 JavaThread "InnocuousThread-10"         daemon [_thread_in_native, id=65580, stack(0x000000e214000000,0x000000e214100000) (1024K)]
  0x000002c5769b79d0 JavaThread "InnocuousThread-11"         daemon [_thread_in_native, id=68100, stack(0x000000e214100000,0x000000e214200000) (1024K)]
  0x000002c5769b6260 JavaThread "InnocuousThread-12"         daemon [_thread_in_native, id=61772, stack(0x000000e214200000,0x000000e214300000) (1024K)]
  0x000002c5769b6a30 JavaThread "InnocuousThread-13"         daemon [_thread_in_native, id=47284, stack(0x000000e214300000,0x000000e214400000) (1024K)]
  0x000002c5769ba8b0 JavaThread "InnocuousThread-14"         daemon [_thread_in_native, id=68380, stack(0x000000e214400000,0x000000e214500000) (1024K)]
  0x000002c5769bb080 JavaThread "InnocuousThread-15"         daemon [_thread_in_native, id=31220, stack(0x000000e214500000,0x000000e214600000) (1024K)]
  0x000002c5769bc7f0 JavaThread "InnocuousThread-16"         daemon [_thread_in_native, id=39244, stack(0x000000e214600000,0x000000e214700000) (1024K)]
  0x000002c57990f760 JavaThread "InnocuousThread-17"         daemon [_thread_in_native, id=63892, stack(0x000000e214700000,0x000000e214800000) (1024K)]
  0x000002c57990c880 JavaThread "InnocuousThread-18"         daemon [_thread_in_native, id=45984, stack(0x000000e214800000,0x000000e214900000) (1024K)]
  0x000002c579912640 JavaThread "InnocuousThread-19"         daemon [_thread_in_native, id=56980, stack(0x000000e214900000,0x000000e214a00000) (1024K)]
  0x000002c579910700 JavaThread "InnocuousThread-20"         daemon [_thread_in_native, id=5760, stack(0x000000e214a00000,0x000000e214b00000) (1024K)]
  0x000002c579913db0 JavaThread "InnocuousThread-21"         daemon [_thread_in_native, id=66868, stack(0x000000e214b00000,0x000000e214c00000) (1024K)]
  0x000002c579912e10 JavaThread "InnocuousThread-22"         daemon [_thread_in_native, id=23396, stack(0x000000e214c00000,0x000000e214d00000) (1024K)]
  0x000002c576764430 JavaThread "testcontainers-ryuk"        daemon [_thread_blocked, id=62444, stack(0x000000e211900000,0x000000e211a00000) (1024K)]
  0x000002c576764c00 JavaThread "Cleaner-0"                  daemon [_thread_blocked, id=56280, stack(0x000000e212300000,0x000000e212400000) (1024K)]
  0x000002c5763f6220 JavaThread "HikariPool-1:housekeeper"   daemon [_thread_blocked, id=34032, stack(0x000000e211800000,0x000000e211900000) (1024K)]
  0x000002c579a0cdf0 JavaThread "DefaultDispatcher-worker-1 @coroutine#1" daemon [_thread_in_native, id=60684, stack(0x000000e212e00000,0x000000e212f00000) (1024K)]
  0x000002c579a0aeb0 JavaThread "DefaultDispatcher-worker-2" daemon [_thread_blocked, id=61932, stack(0x000000e213100000,0x000000e213200000) (1024K)]
  0x000002c579a0f500 JavaThread "DefaultDispatcher-worker-3" daemon [_thread_blocked, id=49628, stack(0x000000e213700000,0x000000e213800000) (1024K)]
  0x000002c579a0fcd0 JavaThread "VirtualThread-unblocker"    daemon [_thread_blocked, id=16232, stack(0x000000e214d00000,0x000000e214e00000) (1024K)]
  0x000002c579a104a0 JavaThread "ForkJoinPool-1-worker-1"    daemon [_thread_in_native, id=64948, stack(0x000000e214e00000,0x000000e214f00000) (1024K)]
  0x000002c579a10c70 JavaThread "ForkJoinPool-1-worker-2"    daemon [_thread_in_native, id=62472, stack(0x000000e214f00000,0x000000e215000000) (1024K)]
  0x000002c579a11440 JavaThread "ForkJoinPool-1-worker-3"    daemon [_thread_blocked, id=37668, stack(0x000000e215000000,0x000000e215100000) (1024K)]
  0x000002c5767605b0 JavaThread "scheduling-1"                      [_thread_blocked, id=47544, stack(0x000000e215200000,0x000000e215300000) (1024K)]
  0x000002c57828c700 JavaThread "HikariPool-2:housekeeper"   daemon [_thread_blocked, id=61992, stack(0x000000e215400000,0x000000e215500000) (1024K)]
Total: 48

Other Threads:
  0x000002c56f517a80 VMThread "VM Thread"                           [id=24784, stack(0x000000e210f00000,0x000000e211000000) (1024K)]
  0x000002c56f5067b0 WatcherThread "VM Periodic Task Thread"        [id=55112, stack(0x000000e210e00000,0x000000e210f00000) (1024K)]
  0x000002c5536d5530 WorkerThread "GC Thread#0"                     [id=43556, stack(0x000000e210800000,0x000000e210900000) (1024K)]
  0x000002c574511880 WorkerThread "GC Thread#1"                     [id=32856, stack(0x000000e211c00000,0x000000e211d00000) (1024K)]
  0x000002c57630c260 WorkerThread "GC Thread#2"                     [id=60128, stack(0x000000e212200000,0x000000e212300000) (1024K)]
  0x000002c5776e5570 WorkerThread "GC Thread#3"                     [id=27328, stack(0x000000e212900000,0x000000e212a00000) (1024K)]
  0x000002c5776c0d00 WorkerThread "GC Thread#4"                     [id=68108, stack(0x000000e212a00000,0x000000e212b00000) (1024K)]
  0x000002c575785710 WorkerThread "GC Thread#5"                     [id=16252, stack(0x000000e212b00000,0x000000e212c00000) (1024K)]
  0x000002c575786850 WorkerThread "GC Thread#6"                     [id=24588, stack(0x000000e212c00000,0x000000e212d00000) (1024K)]
  0x000002c575785b60 WorkerThread "GC Thread#7"                     [id=66744, stack(0x000000e212d00000,0x000000e212e00000) (1024K)]
  0x000002c5764b0870 WorkerThread "GC Thread#8"                     [id=25436, stack(0x000000e212f00000,0x000000e213000000) (1024K)]
  0x000002c5764affd0 WorkerThread "GC Thread#9"                     [id=64436, stack(0x000000e213000000,0x000000e213100000) (1024K)]
  0x000002c5764b0cc0 WorkerThread "GC Thread#10"                    [id=60364, stack(0x000000e213200000,0x000000e213300000) (1024K)]
  0x000002c5764b0420 WorkerThread "GC Thread#11"                    [id=66284, stack(0x000000e213300000,0x000000e213400000) (1024K)]
  0x000002c5764b1e00 WorkerThread "GC Thread#12"                    [id=6060, stack(0x000000e213400000,0x000000e213500000) (1024K)]
  0x000002c578d72780 WorkerThread "GC Thread#13"                    [id=27424, stack(0x000000e213500000,0x000000e213600000) (1024K)]
  0x000002c578d73470 WorkerThread "GC Thread#14"                    [id=67788, stack(0x000000e213600000,0x000000e213700000) (1024K)]
  0x000002c5536d65b0 ConcurrentGCThread "G1 Main Marker"            [id=29552, stack(0x000000e210900000,0x000000e210a00000) (1024K)]
  0x000002c5536da330 WorkerThread "G1 Conc#0"                       [id=56836, stack(0x000000e210a00000,0x000000e210b00000) (1024K)]
  0x000002c574511ca0 WorkerThread "G1 Conc#1"                       [id=54484, stack(0x000000e211d00000,0x000000e211e00000) (1024K)]
  0x000002c57433a130 WorkerThread "G1 Conc#2"                       [id=43404, stack(0x000000e211e00000,0x000000e211f00000) (1024K)]
  0x000002c57433a820 WorkerThread "G1 Conc#3"                       [id=67348, stack(0x000000e211f00000,0x000000e212000000) (1024K)]
  0x000002c56f3ce1c0 WorkerThread "G1 Refinement Workers#0"         [id=8676, stack(0x000000e210c00000,0x000000e210d00000) (1024K)]
  0x000002c56f3cd950 ConcurrentGCThread "G1 Refine Control"         [id=32524, stack(0x000000e210b00000,0x000000e210c00000) (1024K)]
  0x000002c56f3d69f0 ConcurrentGCThread "G1 Service"                [id=56952, stack(0x000000e210d00000,0x000000e210e00000) (1024K)]
Total: 25

Threads with active compile tasks:
C2 CompilerThread0  289582 38159       4       java.lang.String::toLowerCase (8 bytes)
Total: 1

VM state: not at safepoint (normal execution)

VM Mutex/Monitor currently owned by a thread: None

Heap address: 0x00000000e0000000, size: 512 MB, Compressed Oops mode: 32-bit

CDS archive(s) mapped at: [0x000000001b000000-0x000000001bde0000-0x000000001bde0000), size 14548992, SharedBaseAddress: 0x000000001b000000, ArchiveRelocationMode: 1.
Compressed class space mapped at: 0x000000001c000000-0x000000005c000000, reserved size: 1073741824
UseCompressedClassPointers 1, UseCompactObjectHeaders 0
Narrow klass pointer bits 32, Max shift 3
Narrow klass base: 0x000000001b000000, Narrow klass shift: 0
Encoding Range: [0x000000001b000000 - 0x000000011b000000), (4294967296 bytes)
Klass Range:    [0x000000001b000000 - 0x000000005c000000), (1090519040 bytes)
Klass ID Range:  [8 - 1090519033) (1090519025)
Protection zone: [0x000000001b000000 - 0x000000001b010000), (65536 bytes)

GC Precious Log:
 CardTable entry size: 512
 Card Set container configuration: InlinePtr #cards 5 size 8 Array Of Cards #cards 10 size 36 Howl #buckets 4 coarsen threshold 1843 Howl Bitmap #cards 512 size 80 coarsen threshold 460 Card regions per heap region 1 cards per card region 2048
 CPUs: 20 total, 20 available
 Memory: 32541M
 Large Page Support: Disabled
 NUMA Support: Disabled
 Compressed Oops: Enabled (32-bit)
 Heap Region Size: 1M
 Heap Min Capacity: 8M
 Heap Initial Capacity: 8M
 Heap Max Capacity: 512M
 Pre-touch: Disabled
 Parallel Workers: 15
 Concurrent Workers: 4
 Concurrent Refinement Workers: 15
 Periodic GC: Disabled

Heap:
 garbage-first heap   total reserved 524288K, committed 417792K, used 350694K [0x00000000e0000000, 0x0000000100000000)
  region size 1M, 77 eden (77M), 10 survivor (10M), 252 old (252M), 5 humongous (5M), 64 free (64M)

Heap Regions: E=young(eden), S=young(survivor), O=old, HS=humongous(starts), HC=humongous(continues), CS=collection set, F=free, TAMS=top-at-mark-start, PB=parsable bottom
|    0|0x00000000e0000000, 0x00000000e0100000, 0x00000000e0100000|100%|HS|  |TAMS 0x00000000e0000000| PB 0x00000000e0000000| Complete  |  0
|    1|0x00000000e0100000, 0x00000000e0200000, 0x00000000e0200000|100%| O|  |TAMS 0x00000000e0100000| PB 0x00000000e0100000| Untracked |  0
|    2|0x00000000e0200000, 0x00000000e0300000, 0x00000000e0300000|100%| O|  |TAMS 0x00000000e0200000| PB 0x00000000e0200000| Untracked |  0
|    3|0x00000000e0300000, 0x00000000e0400000, 0x00000000e0400000|100%|HS|  |TAMS 0x00000000e0300000| PB 0x00000000e0300000| Complete  |  0
|    4|0x00000000e0400000, 0x00000000e0500000, 0x00000000e0500000|100%| O|  |TAMS 0x00000000e0400000| PB 0x00000000e0400000| Untracked |  0
|    5|0x00000000e0500000, 0x00000000e0600000, 0x00000000e0600000|100%| O|  |TAMS 0x00000000e0500000| PB 0x00000000e0500000| Untracked |  0
|    6|0x00000000e0600000, 0x00000000e0700000, 0x00000000e0700000|100%| O|  |TAMS 0x00000000e0600000| PB 0x00000000e0600000| Untracked |  0
|    7|0x00000000e0700000, 0x00000000e0800000, 0x00000000e0800000|100%| O|  |TAMS 0x00000000e0700000| PB 0x00000000e0700000| Untracked |  0
|    8|0x00000000e0800000, 0x00000000e0900000, 0x00000000e0900000|100%|HS|  |TAMS 0x00000000e0800000| PB 0x00000000e0800000| Complete  |  0
|    9|0x00000000e0900000, 0x00000000e0a00000, 0x00000000e0a00000|100%|HC|  |TAMS 0x00000000e0900000| PB 0x00000000e0900000| Complete  |  0
|   10|0x00000000e0a00000, 0x00000000e0b00000, 0x00000000e0b00000|100%| O|  |TAMS 0x00000000e0a00000| PB 0x00000000e0a00000| Untracked |  0
|   11|0x00000000e0b00000, 0x00000000e0c00000, 0x00000000e0c00000|100%| O|  |TAMS 0x00000000e0b00000| PB 0x00000000e0b00000| Untracked |  0
|   12|0x00000000e0c00000, 0x00000000e0d00000, 0x00000000e0d00000|100%| O|  |TAMS 0x00000000e0c00000| PB 0x00000000e0c00000| Untracked |  0
|   13|0x00000000e0d00000, 0x00000000e0e00000, 0x00000000e0e00000|100%| O|  |TAMS 0x00000000e0d00000| PB 0x00000000e0d00000| Untracked |  0
|   14|0x00000000e0e00000, 0x00000000e0f00000, 0x00000000e0f00000|100%| O|  |TAMS 0x00000000e0e00000| PB 0x00000000e0e00000| Untracked |  0
|   15|0x00000000e0f00000, 0x00000000e1000000, 0x00000000e1000000|100%| O|  |TAMS 0x00000000e0f00000| PB 0x00000000e0f00000| Untracked |  0
|   16|0x00000000e1000000, 0x00000000e1100000, 0x00000000e1100000|100%| O|  |TAMS 0x00000000e1000000| PB 0x00000000e1000000| Untracked |  0
|   17|0x00000000e1100000, 0x00000000e1200000, 0x00000000e1200000|100%| O|  |TAMS 0x00000000e1100000| PB 0x00000000e1100000| Untracked |  0
|   18|0x00000000e1200000, 0x00000000e1300000, 0x00000000e1300000|100%| O|  |TAMS 0x00000000e1200000| PB 0x00000000e1200000| Untracked |  0
|   19|0x00000000e1300000, 0x00000000e1400000, 0x00000000e1400000|100%| O|  |TAMS 0x00000000e1300000| PB 0x00000000e1300000| Untracked |  0
|   20|0x00000000e1400000, 0x00000000e1500000, 0x00000000e1500000|100%| O|  |TAMS 0x00000000e1400000| PB 0x00000000e1400000| Untracked |  0
|   21|0x00000000e1500000, 0x00000000e1600000, 0x00000000e1600000|100%| O|  |TAMS 0x00000000e1500000| PB 0x00000000e1500000| Untracked |  0
|   22|0x00000000e1600000, 0x00000000e1700000, 0x00000000e1700000|100%| O|  |TAMS 0x00000000e1600000| PB 0x00000000e1600000| Untracked |  0
|   23|0x00000000e1700000, 0x00000000e1800000, 0x00000000e1800000|100%| O|  |TAMS 0x00000000e1700000| PB 0x00000000e1700000| Untracked |  0
|   24|0x00000000e1800000, 0x00000000e1900000, 0x00000000e1900000|100%| O|  |TAMS 0x00000000e1800000| PB 0x00000000e1800000| Untracked |  0
|   25|0x00000000e1900000, 0x00000000e1a00000, 0x00000000e1a00000|100%| O|  |TAMS 0x00000000e1900000| PB 0x00000000e1900000| Untracked |  0
|   26|0x00000000e1a00000, 0x00000000e1b00000, 0x00000000e1b00000|100%| O|  |TAMS 0x00000000e1a00000| PB 0x00000000e1a00000| Untracked |  0
|   27|0x00000000e1b00000, 0x00000000e1c00000, 0x00000000e1c00000|100%| O|  |TAMS 0x00000000e1b00000| PB 0x00000000e1b00000| Untracked |  0
|   28|0x00000000e1c00000, 0x00000000e1d00000, 0x00000000e1d00000|100%| O|  |TAMS 0x00000000e1c00000| PB 0x00000000e1c00000| Untracked |  0
|   29|0x00000000e1d00000, 0x00000000e1e00000, 0x00000000e1e00000|100%| O|  |TAMS 0x00000000e1d00000| PB 0x00000000e1d00000| Untracked |  0
|   30|0x00000000e1e00000, 0x00000000e1f00000, 0x00000000e1f00000|100%| O|  |TAMS 0x00000000e1e00000| PB 0x00000000e1e00000| Untracked |  0
|   31|0x00000000e1f00000, 0x00000000e2000000, 0x00000000e2000000|100%| O|  |TAMS 0x00000000e1f00000| PB 0x00000000e1f00000| Untracked |  0
|   32|0x00000000e2000000, 0x00000000e2100000, 0x00000000e2100000|100%| O|  |TAMS 0x00000000e2000000| PB 0x00000000e2000000| Untracked |  0
|   33|0x00000000e2100000, 0x00000000e2200000, 0x00000000e2200000|100%| O|  |TAMS 0x00000000e2100000| PB 0x00000000e2100000| Untracked |  0
|   34|0x00000000e2200000, 0x00000000e2300000, 0x00000000e2300000|100%| O|  |TAMS 0x00000000e2200000| PB 0x00000000e2200000| Untracked |  0
|   35|0x00000000e2300000, 0x00000000e2400000, 0x00000000e2400000|100%| O|  |TAMS 0x00000000e2300000| PB 0x00000000e2300000| Untracked |  0
|   36|0x00000000e2400000, 0x00000000e2500000, 0x00000000e2500000|100%| O|  |TAMS 0x00000000e2400000| PB 0x00000000e2400000| Untracked |  0
|   37|0x00000000e2500000, 0x00000000e2600000, 0x00000000e2600000|100%| O|  |TAMS 0x00000000e2500000| PB 0x00000000e2500000| Untracked |  0
|   38|0x00000000e2600000, 0x00000000e2700000, 0x00000000e2700000|100%| O|  |TAMS 0x00000000e2600000| PB 0x00000000e2600000| Untracked |  0
|   39|0x00000000e2700000, 0x00000000e2800000, 0x00000000e2800000|100%| O|  |TAMS 0x00000000e2700000| PB 0x00000000e2700000| Untracked |  0
|   40|0x00000000e2800000, 0x00000000e2900000, 0x00000000e2900000|100%| O|  |TAMS 0x00000000e2800000| PB 0x00000000e2800000| Untracked |  0
|   41|0x00000000e2900000, 0x00000000e2a00000, 0x00000000e2a00000|100%| O|  |TAMS 0x00000000e2900000| PB 0x00000000e2900000| Untracked |  0
|   42|0x00000000e2a00000, 0x00000000e2b00000, 0x00000000e2b00000|100%| O|  |TAMS 0x00000000e2a00000| PB 0x00000000e2a00000| Untracked |  0
|   43|0x00000000e2b00000, 0x00000000e2c00000, 0x00000000e2c00000|100%| O|  |TAMS 0x00000000e2b00000| PB 0x00000000e2b00000| Untracked |  0
|   44|0x00000000e2c00000, 0x00000000e2d00000, 0x00000000e2d00000|100%| O|  |TAMS 0x00000000e2c00000| PB 0x00000000e2c00000| Untracked |  0
|   45|0x00000000e2d00000, 0x00000000e2e00000, 0x00000000e2e00000|100%| O|  |TAMS 0x00000000e2d00000| PB 0x00000000e2d00000| Untracked |  0
|   46|0x00000000e2e00000, 0x00000000e2f00000, 0x00000000e2f00000|100%| O|  |TAMS 0x00000000e2e00000| PB 0x00000000e2e00000| Untracked |  0
|   47|0x00000000e2f00000, 0x00000000e3000000, 0x00000000e3000000|100%| O|  |TAMS 0x00000000e2f00000| PB 0x00000000e2f00000| Untracked |  0
|   48|0x00000000e3000000, 0x00000000e3100000, 0x00000000e3100000|100%|HS|  |TAMS 0x00000000e3000000| PB 0x00000000e3000000| Complete  |  0
|   49|0x00000000e3100000, 0x00000000e3200000, 0x00000000e3200000|100%| O|  |TAMS 0x00000000e3100000| PB 0x00000000e3100000| Untracked |  0
|   50|0x00000000e3200000, 0x00000000e3200000, 0x00000000e3300000|  0%| F|  |TAMS 0x00000000e3200000| PB 0x00000000e3200000| Untracked |  0
|   51|0x00000000e3300000, 0x00000000e3400000, 0x00000000e3400000|100%| O|  |TAMS 0x00000000e3300000| PB 0x00000000e3300000| Untracked |  0
|   52|0x00000000e3400000, 0x00000000e3500000, 0x00000000e3500000|100%| O|  |TAMS 0x00000000e3400000| PB 0x00000000e3400000| Untracked |  0
|   53|0x00000000e3500000, 0x00000000e3600000, 0x00000000e3600000|100%| O|  |TAMS 0x00000000e3500000| PB 0x00000000e3500000| Untracked |  0
|   54|0x00000000e3600000, 0x00000000e3700000, 0x00000000e3700000|100%| O|  |TAMS 0x00000000e3600000| PB 0x00000000e3600000| Untracked |  0
|   55|0x00000000e3700000, 0x00000000e3800000, 0x00000000e3800000|100%| O|  |TAMS 0x00000000e3700000| PB 0x00000000e3700000| Untracked |  0
|   56|0x00000000e3800000, 0x00000000e3900000, 0x00000000e3900000|100%| O|  |TAMS 0x00000000e3800000| PB 0x00000000e3800000| Untracked |  0
|   57|0x00000000e3900000, 0x00000000e3a00000, 0x00000000e3a00000|100%| O|  |TAMS 0x00000000e3900000| PB 0x00000000e3900000| Untracked |  0
|   58|0x00000000e3a00000, 0x00000000e3b00000, 0x00000000e3b00000|100%| O|  |TAMS 0x00000000e3a00000| PB 0x00000000e3a00000| Untracked |  0
|   59|0x00000000e3b00000, 0x00000000e3c00000, 0x00000000e3c00000|100%| O|  |TAMS 0x00000000e3b00000| PB 0x00000000e3b00000| Untracked |  0
|   60|0x00000000e3c00000, 0x00000000e3d00000, 0x00000000e3d00000|100%| O|  |TAMS 0x00000000e3c00000| PB 0x00000000e3c00000| Untracked |  0
|   61|0x00000000e3d00000, 0x00000000e3e00000, 0x00000000e3e00000|100%| O|  |TAMS 0x00000000e3d00000| PB 0x00000000e3d00000| Untracked |  0
|   62|0x00000000e3e00000, 0x00000000e3f00000, 0x00000000e3f00000|100%| O|  |TAMS 0x00000000e3e00000| PB 0x00000000e3e00000| Untracked |  0
|   63|0x00000000e3f00000, 0x00000000e4000000, 0x00000000e4000000|100%| O|  |TAMS 0x00000000e3f00000| PB 0x00000000e3f00000| Untracked |  0
|   64|0x00000000e4000000, 0x00000000e4100000, 0x00000000e4100000|100%| O|  |TAMS 0x00000000e4000000| PB 0x00000000e4000000| Untracked |  0
|   65|0x00000000e4100000, 0x00000000e4200000, 0x00000000e4200000|100%| O|  |TAMS 0x00000000e4100000| PB 0x00000000e4100000| Untracked |  0
|   66|0x00000000e4200000, 0x00000000e4300000, 0x00000000e4300000|100%| O|  |TAMS 0x00000000e4200000| PB 0x00000000e4200000| Untracked |  0
|   67|0x00000000e4300000, 0x00000000e4400000, 0x00000000e4400000|100%| O|  |TAMS 0x00000000e4300000| PB 0x00000000e4300000| Untracked |  0
|   68|0x00000000e4400000, 0x00000000e4500000, 0x00000000e4500000|100%| O|  |TAMS 0x00000000e4400000| PB 0x00000000e4400000| Untracked |  0
|   69|0x00000000e4500000, 0x00000000e4600000, 0x00000000e4600000|100%| O|  |TAMS 0x00000000e4500000| PB 0x00000000e4500000| Untracked |  0
|   70|0x00000000e4600000, 0x00000000e4700000, 0x00000000e4700000|100%| O|  |TAMS 0x00000000e4600000| PB 0x00000000e4600000| Untracked |  0
|   71|0x00000000e4700000, 0x00000000e4800000, 0x00000000e4800000|100%| O|  |TAMS 0x00000000e4700000| PB 0x00000000e4700000| Untracked |  0
|   72|0x00000000e4800000, 0x00000000e4900000, 0x00000000e4900000|100%| O|  |TAMS 0x00000000e4800000| PB 0x00000000e4800000| Untracked |  0
|   73|0x00000000e4900000, 0x00000000e4a00000, 0x00000000e4a00000|100%| O|  |TAMS 0x00000000e4900000| PB 0x00000000e4900000| Untracked |  0
|   74|0x00000000e4a00000, 0x00000000e4b00000, 0x00000000e4b00000|100%| O|  |TAMS 0x00000000e4a00000| PB 0x00000000e4a00000| Untracked |  0
|   75|0x00000000e4b00000, 0x00000000e4c00000, 0x00000000e4c00000|100%| O|  |TAMS 0x00000000e4b00000| PB 0x00000000e4b00000| Untracked |  0
|   76|0x00000000e4c00000, 0x00000000e4d00000, 0x00000000e4d00000|100%| O|  |TAMS 0x00000000e4c00000| PB 0x00000000e4c00000| Untracked |  0
|   77|0x00000000e4d00000, 0x00000000e4e00000, 0x00000000e4e00000|100%| O|  |TAMS 0x00000000e4d00000| PB 0x00000000e4d00000| Untracked |  0
|   78|0x00000000e4e00000, 0x00000000e4f00000, 0x00000000e4f00000|100%| O|  |TAMS 0x00000000e4e00000| PB 0x00000000e4e00000| Untracked |  0
|   79|0x00000000e4f00000, 0x00000000e5000000, 0x00000000e5000000|100%| O|  |TAMS 0x00000000e4f00000| PB 0x00000000e4f00000| Untracked |  0
|   80|0x00000000e5000000, 0x00000000e5100000, 0x00000000e5100000|100%| O|  |TAMS 0x00000000e5000000| PB 0x00000000e5000000| Untracked |  0
|   81|0x00000000e5100000, 0x00000000e5200000, 0x00000000e5200000|100%| O|  |TAMS 0x00000000e5100000| PB 0x00000000e5100000| Untracked |  0
|   82|0x00000000e5200000, 0x00000000e5300000, 0x00000000e5300000|100%| O|  |TAMS 0x00000000e5200000| PB 0x00000000e5200000| Untracked |  0
|   83|0x00000000e5300000, 0x00000000e5400000, 0x00000000e5400000|100%| O|  |TAMS 0x00000000e5300000| PB 0x00000000e5300000| Untracked |  0
|   84|0x00000000e5400000, 0x00000000e5500000, 0x00000000e5500000|100%| O|  |TAMS 0x00000000e5400000| PB 0x00000000e5400000| Untracked |  0
|   85|0x00000000e5500000, 0x00000000e5600000, 0x00000000e5600000|100%| O|  |TAMS 0x00000000e5500000| PB 0x00000000e5500000| Untracked |  0
|   86|0x00000000e5600000, 0x00000000e5700000, 0x00000000e5700000|100%| O|  |TAMS 0x00000000e5600000| PB 0x00000000e5600000| Untracked |  0
|   87|0x00000000e5700000, 0x00000000e5800000, 0x00000000e5800000|100%| O|  |TAMS 0x00000000e5700000| PB 0x00000000e5700000| Untracked |  0
|   88|0x00000000e5800000, 0x00000000e5900000, 0x00000000e5900000|100%| O|  |TAMS 0x00000000e5800000| PB 0x00000000e5800000| Untracked |  0
|   89|0x00000000e5900000, 0x00000000e5a00000, 0x00000000e5a00000|100%| O|  |TAMS 0x00000000e5900000| PB 0x00000000e5900000| Untracked |  0
|   90|0x00000000e5a00000, 0x00000000e5b00000, 0x00000000e5b00000|100%| O|  |TAMS 0x00000000e5a00000| PB 0x00000000e5a00000| Untracked |  0
|   91|0x00000000e5b00000, 0x00000000e5c00000, 0x00000000e5c00000|100%| O|  |TAMS 0x00000000e5b00000| PB 0x00000000e5b00000| Untracked |  0
|   92|0x00000000e5c00000, 0x00000000e5d00000, 0x00000000e5d00000|100%| O|  |TAMS 0x00000000e5c00000| PB 0x00000000e5c00000| Untracked |  0
|   93|0x00000000e5d00000, 0x00000000e5e00000, 0x00000000e5e00000|100%| O|  |TAMS 0x00000000e5d00000| PB 0x00000000e5d00000| Untracked |  0
|   94|0x00000000e5e00000, 0x00000000e5f00000, 0x00000000e5f00000|100%| O|  |TAMS 0x00000000e5e00000| PB 0x00000000e5e00000| Untracked |  0
|   95|0x00000000e5f00000, 0x00000000e6000000, 0x00000000e6000000|100%| O|  |TAMS 0x00000000e5f00000| PB 0x00000000e5f00000| Untracked |  0
|   96|0x00000000e6000000, 0x00000000e6100000, 0x00000000e6100000|100%| O|  |TAMS 0x00000000e6000000| PB 0x00000000e6000000| Untracked |  0
|   97|0x00000000e6100000, 0x00000000e6200000, 0x00000000e6200000|100%| O|  |TAMS 0x00000000e6100000| PB 0x00000000e6100000| Untracked |  0
|   98|0x00000000e6200000, 0x00000000e6300000, 0x00000000e6300000|100%| O|  |TAMS 0x00000000e6200000| PB 0x00000000e6200000| Untracked |  0
|   99|0x00000000e6300000, 0x00000000e6400000, 0x00000000e6400000|100%| O|  |TAMS 0x00000000e6300000| PB 0x00000000e6300000| Untracked |  0
|  100|0x00000000e6400000, 0x00000000e6500000, 0x00000000e6500000|100%| O|  |TAMS 0x00000000e6400000| PB 0x00000000e6400000| Untracked |  0
|  101|0x00000000e6500000, 0x00000000e6600000, 0x00000000e6600000|100%| O|  |TAMS 0x00000000e6500000| PB 0x00000000e6500000| Untracked |  0
|  102|0x00000000e6600000, 0x00000000e6700000, 0x00000000e6700000|100%| O|  |TAMS 0x00000000e6600000| PB 0x00000000e6600000| Untracked |  0
|  103|0x00000000e6700000, 0x00000000e6800000, 0x00000000e6800000|100%| O|  |TAMS 0x00000000e6700000| PB 0x00000000e6700000| Untracked |  0
|  104|0x00000000e6800000, 0x00000000e6900000, 0x00000000e6900000|100%| O|  |TAMS 0x00000000e6800000| PB 0x00000000e6800000| Untracked |  0
|  105|0x00000000e6900000, 0x00000000e6a00000, 0x00000000e6a00000|100%| O|  |TAMS 0x00000000e6900000| PB 0x00000000e6900000| Untracked |  0
|  106|0x00000000e6a00000, 0x00000000e6b00000, 0x00000000e6b00000|100%| O|  |TAMS 0x00000000e6a00000| PB 0x00000000e6a00000| Untracked |  0
|  107|0x00000000e6b00000, 0x00000000e6c00000, 0x00000000e6c00000|100%| O|  |TAMS 0x00000000e6b00000| PB 0x00000000e6b00000| Untracked |  0
|  108|0x00000000e6c00000, 0x00000000e6d00000, 0x00000000e6d00000|100%| O|  |TAMS 0x00000000e6c00000| PB 0x00000000e6c00000| Untracked |  0
|  109|0x00000000e6d00000, 0x00000000e6e00000, 0x00000000e6e00000|100%| O|  |TAMS 0x00000000e6d00000| PB 0x00000000e6d00000| Untracked |  0
|  110|0x00000000e6e00000, 0x00000000e6f00000, 0x00000000e6f00000|100%| O|  |TAMS 0x00000000e6e00000| PB 0x00000000e6e00000| Untracked |  0
|  111|0x00000000e6f00000, 0x00000000e7000000, 0x00000000e7000000|100%| O|  |TAMS 0x00000000e6f00000| PB 0x00000000e6f00000| Untracked |  0
|  112|0x00000000e7000000, 0x00000000e7100000, 0x00000000e7100000|100%| O|  |TAMS 0x00000000e7000000| PB 0x00000000e7000000| Untracked |  0
|  113|0x00000000e7100000, 0x00000000e7200000, 0x00000000e7200000|100%| O|  |TAMS 0x00000000e7100000| PB 0x00000000e7100000| Untracked |  0
|  114|0x00000000e7200000, 0x00000000e7300000, 0x00000000e7300000|100%| O|  |TAMS 0x00000000e7200000| PB 0x00000000e7200000| Untracked |  0
|  115|0x00000000e7300000, 0x00000000e7400000, 0x00000000e7400000|100%| O|  |TAMS 0x00000000e7300000| PB 0x00000000e7300000| Untracked |  0
|  116|0x00000000e7400000, 0x00000000e7500000, 0x00000000e7500000|100%| O|  |TAMS 0x00000000e7400000| PB 0x00000000e7400000| Untracked |  0
|  117|0x00000000e7500000, 0x00000000e7600000, 0x00000000e7600000|100%| O|  |TAMS 0x00000000e7500000| PB 0x00000000e7500000| Untracked |  0
|  118|0x00000000e7600000, 0x00000000e7700000, 0x00000000e7700000|100%| O|  |TAMS 0x00000000e7600000| PB 0x00000000e7600000| Untracked |  0
|  119|0x00000000e7700000, 0x00000000e7800000, 0x00000000e7800000|100%| O|  |TAMS 0x00000000e7700000| PB 0x00000000e7700000| Untracked |  0
|  120|0x00000000e7800000, 0x00000000e7900000, 0x00000000e7900000|100%| O|  |TAMS 0x00000000e7800000| PB 0x00000000e7800000| Untracked |  0
|  121|0x00000000e7900000, 0x00000000e7a00000, 0x00000000e7a00000|100%| O|  |TAMS 0x00000000e7900000| PB 0x00000000e7900000| Untracked |  0
|  122|0x00000000e7a00000, 0x00000000e7b00000, 0x00000000e7b00000|100%| O|  |TAMS 0x00000000e7a00000| PB 0x00000000e7a00000| Untracked |  0
|  123|0x00000000e7b00000, 0x00000000e7c00000, 0x00000000e7c00000|100%| O|  |TAMS 0x00000000e7b00000| PB 0x00000000e7b00000| Untracked |  0
|  124|0x00000000e7c00000, 0x00000000e7d00000, 0x00000000e7d00000|100%| O|  |TAMS 0x00000000e7c00000| PB 0x00000000e7c00000| Untracked |  0
|  125|0x00000000e7d00000, 0x00000000e7e00000, 0x00000000e7e00000|100%| O|  |TAMS 0x00000000e7d00000| PB 0x00000000e7d00000| Untracked |  0
|  126|0x00000000e7e00000, 0x00000000e7f00000, 0x00000000e7f00000|100%| O|  |TAMS 0x00000000e7e00000| PB 0x00000000e7e00000| Untracked |  0
|  127|0x00000000e7f00000, 0x00000000e8000000, 0x00000000e8000000|100%| O|  |TAMS 0x00000000e7f00000| PB 0x00000000e7f00000| Untracked |  0
|  128|0x00000000e8000000, 0x00000000e8100000, 0x00000000e8100000|100%| O|  |TAMS 0x00000000e8000000| PB 0x00000000e8000000| Untracked |  0
|  129|0x00000000e8100000, 0x00000000e8200000, 0x00000000e8200000|100%| O|  |TAMS 0x00000000e8100000| PB 0x00000000e8100000| Untracked |  0
|  130|0x00000000e8200000, 0x00000000e8300000, 0x00000000e8300000|100%| O|  |TAMS 0x00000000e8200000| PB 0x00000000e8200000| Untracked |  0
|  131|0x00000000e8300000, 0x00000000e8400000, 0x00000000e8400000|100%| O|  |TAMS 0x00000000e8300000| PB 0x00000000e8300000| Untracked |  0
|  132|0x00000000e8400000, 0x00000000e8500000, 0x00000000e8500000|100%| O|  |TAMS 0x00000000e8400000| PB 0x00000000e8400000| Untracked |  0
|  133|0x00000000e8500000, 0x00000000e8600000, 0x00000000e8600000|100%| O|  |TAMS 0x00000000e8500000| PB 0x00000000e8500000| Untracked |  0
|  134|0x00000000e8600000, 0x00000000e8700000, 0x00000000e8700000|100%| O|  |TAMS 0x00000000e8600000| PB 0x00000000e8600000| Untracked |  0
|  135|0x00000000e8700000, 0x00000000e8700000, 0x00000000e8800000|  0%| F|  |TAMS 0x00000000e8700000| PB 0x00000000e8700000| Untracked |  0
|  136|0x00000000e8800000, 0x00000000e8900000, 0x00000000e8900000|100%| O|  |TAMS 0x00000000e8800000| PB 0x00000000e8800000| Untracked |  0
|  137|0x00000000e8900000, 0x00000000e8a00000, 0x00000000e8a00000|100%| O|  |TAMS 0x00000000e8900000| PB 0x00000000e8900000| Untracked |  0
|  138|0x00000000e8a00000, 0x00000000e8b00000, 0x00000000e8b00000|100%| O|  |TAMS 0x00000000e8a00000| PB 0x00000000e8a00000| Untracked |  0
|  139|0x00000000e8b00000, 0x00000000e8c00000, 0x00000000e8c00000|100%| O|  |TAMS 0x00000000e8b00000| PB 0x00000000e8b00000| Untracked |  0
|  140|0x00000000e8c00000, 0x00000000e8d00000, 0x00000000e8d00000|100%| O|  |TAMS 0x00000000e8c00000| PB 0x00000000e8c00000| Untracked |  0
|  141|0x00000000e8d00000, 0x00000000e8e00000, 0x00000000e8e00000|100%| O|  |TAMS 0x00000000e8d00000| PB 0x00000000e8d00000| Untracked |  0
|  142|0x00000000e8e00000, 0x00000000e8f00000, 0x00000000e8f00000|100%| O|  |TAMS 0x00000000e8e00000| PB 0x00000000e8e00000| Untracked |  0
|  143|0x00000000e8f00000, 0x00000000e9000000, 0x00000000e9000000|100%| O|  |TAMS 0x00000000e8f00000| PB 0x00000000e8f00000| Untracked |  0
|  144|0x00000000e9000000, 0x00000000e9100000, 0x00000000e9100000|100%| O|  |TAMS 0x00000000e9000000| PB 0x00000000e9000000| Untracked |  0
|  145|0x00000000e9100000, 0x00000000e9200000, 0x00000000e9200000|100%| O|  |TAMS 0x00000000e9100000| PB 0x00000000e9100000| Untracked |  0
|  146|0x00000000e9200000, 0x00000000e9300000, 0x00000000e9300000|100%| O|  |TAMS 0x00000000e9200000| PB 0x00000000e9200000| Untracked |  0
|  147|0x00000000e9300000, 0x00000000e9400000, 0x00000000e9400000|100%| O|  |TAMS 0x00000000e9300000| PB 0x00000000e9300000| Untracked |  0
|  148|0x00000000e9400000, 0x00000000e9500000, 0x00000000e9500000|100%| O|  |TAMS 0x00000000e9400000| PB 0x00000000e9400000| Untracked |  0
|  149|0x00000000e9500000, 0x00000000e9600000, 0x00000000e9600000|100%| O|  |TAMS 0x00000000e9500000| PB 0x00000000e9500000| Untracked |  0
|  150|0x00000000e9600000, 0x00000000e9700000, 0x00000000e9700000|100%| O|  |TAMS 0x00000000e9600000| PB 0x00000000e9600000| Untracked |  0
|  151|0x00000000e9700000, 0x00000000e9800000, 0x00000000e9800000|100%| O|  |TAMS 0x00000000e9700000| PB 0x00000000e9700000| Untracked |  0
|  152|0x00000000e9800000, 0x00000000e9900000, 0x00000000e9900000|100%| O|  |TAMS 0x00000000e9800000| PB 0x00000000e9800000| Untracked |  0
|  153|0x00000000e9900000, 0x00000000e9a00000, 0x00000000e9a00000|100%| O|  |TAMS 0x00000000e9900000| PB 0x00000000e9900000| Untracked |  0
|  154|0x00000000e9a00000, 0x00000000e9b00000, 0x00000000e9b00000|100%| O|  |TAMS 0x00000000e9a00000| PB 0x00000000e9a00000| Untracked |  0
|  155|0x00000000e9b00000, 0x00000000e9c00000, 0x00000000e9c00000|100%| O|  |TAMS 0x00000000e9b00000| PB 0x00000000e9b00000| Untracked |  0
|  156|0x00000000e9c00000, 0x00000000e9d00000, 0x00000000e9d00000|100%| O|  |TAMS 0x00000000e9c00000| PB 0x00000000e9c00000| Untracked |  0
|  157|0x00000000e9d00000, 0x00000000e9e00000, 0x00000000e9e00000|100%| O|  |TAMS 0x00000000e9d00000| PB 0x00000000e9d00000| Untracked |  0
|  158|0x00000000e9e00000, 0x00000000e9f00000, 0x00000000e9f00000|100%| O|  |TAMS 0x00000000e9e00000| PB 0x00000000e9e00000| Untracked |  0
|  159|0x00000000e9f00000, 0x00000000ea000000, 0x00000000ea000000|100%| O|  |TAMS 0x00000000e9f00000| PB 0x00000000e9f00000| Untracked |  0
|  160|0x00000000ea000000, 0x00000000ea100000, 0x00000000ea100000|100%| O|  |TAMS 0x00000000ea000000| PB 0x00000000ea000000| Untracked |  0
|  161|0x00000000ea100000, 0x00000000ea200000, 0x00000000ea200000|100%| O|  |TAMS 0x00000000ea100000| PB 0x00000000ea100000| Untracked |  0
|  162|0x00000000ea200000, 0x00000000ea300000, 0x00000000ea300000|100%| O|  |TAMS 0x00000000ea200000| PB 0x00000000ea200000| Untracked |  0
|  163|0x00000000ea300000, 0x00000000ea400000, 0x00000000ea400000|100%| O|  |TAMS 0x00000000ea300000| PB 0x00000000ea300000| Untracked |  0
|  164|0x00000000ea400000, 0x00000000ea500000, 0x00000000ea500000|100%| O|  |TAMS 0x00000000ea400000| PB 0x00000000ea400000| Untracked |  0
|  165|0x00000000ea500000, 0x00000000ea600000, 0x00000000ea600000|100%| O|  |TAMS 0x00000000ea500000| PB 0x00000000ea500000| Untracked |  0
|  166|0x00000000ea600000, 0x00000000ea700000, 0x00000000ea700000|100%| O|  |TAMS 0x00000000ea600000| PB 0x00000000ea600000| Untracked |  0
|  167|0x00000000ea700000, 0x00000000ea800000, 0x00000000ea800000|100%| O|  |TAMS 0x00000000ea700000| PB 0x00000000ea700000| Untracked |  0
|  168|0x00000000ea800000, 0x00000000ea900000, 0x00000000ea900000|100%| O|  |TAMS 0x00000000ea800000| PB 0x00000000ea800000| Untracked |  0
|  169|0x00000000ea900000, 0x00000000eaa00000, 0x00000000eaa00000|100%| O|  |TAMS 0x00000000ea900000| PB 0x00000000ea900000| Untracked |  0
|  170|0x00000000eaa00000, 0x00000000eaa00000, 0x00000000eab00000|  0%| F|  |TAMS 0x00000000eaa00000| PB 0x00000000eaa00000| Untracked |  0
|  171|0x00000000eab00000, 0x00000000eac00000, 0x00000000eac00000|100%| O|  |TAMS 0x00000000eab00000| PB 0x00000000eab00000| Untracked |  0
|  172|0x00000000eac00000, 0x00000000ead00000, 0x00000000ead00000|100%| O|  |TAMS 0x00000000eac00000| PB 0x00000000eac00000| Untracked |  0
|  173|0x00000000ead00000, 0x00000000eae00000, 0x00000000eae00000|100%| O|  |TAMS 0x00000000ead00000| PB 0x00000000ead00000| Untracked |  0
|  174|0x00000000eae00000, 0x00000000eaf00000, 0x00000000eaf00000|100%| O|  |TAMS 0x00000000eae00000| PB 0x00000000eae00000| Untracked |  0
|  175|0x00000000eaf00000, 0x00000000eb000000, 0x00000000eb000000|100%| O|  |TAMS 0x00000000eaf00000| PB 0x00000000eaf00000| Untracked |  0
|  176|0x00000000eb000000, 0x00000000eb100000, 0x00000000eb100000|100%| O|  |TAMS 0x00000000eb000000| PB 0x00000000eb000000| Untracked |  0
|  177|0x00000000eb100000, 0x00000000eb200000, 0x00000000eb200000|100%| O|  |TAMS 0x00000000eb100000| PB 0x00000000eb100000| Untracked |  0
|  178|0x00000000eb200000, 0x00000000eb300000, 0x00000000eb300000|100%| O|  |TAMS 0x00000000eb200000| PB 0x00000000eb200000| Untracked |  0
|  179|0x00000000eb300000, 0x00000000eb400000, 0x00000000eb400000|100%| O|  |TAMS 0x00000000eb300000| PB 0x00000000eb300000| Untracked |  0
|  180|0x00000000eb400000, 0x00000000eb500000, 0x00000000eb500000|100%| O|  |TAMS 0x00000000eb400000| PB 0x00000000eb400000| Untracked |  0
|  181|0x00000000eb500000, 0x00000000eb600000, 0x00000000eb600000|100%| O|  |TAMS 0x00000000eb500000| PB 0x00000000eb500000| Untracked |  0
|  182|0x00000000eb600000, 0x00000000eb700000, 0x00000000eb700000|100%| O|  |TAMS 0x00000000eb600000| PB 0x00000000eb600000| Untracked |  0
|  183|0x00000000eb700000, 0x00000000eb800000, 0x00000000eb800000|100%| O|  |TAMS 0x00000000eb700000| PB 0x00000000eb700000| Untracked |  0
|  184|0x00000000eb800000, 0x00000000eb900000, 0x00000000eb900000|100%| O|  |TAMS 0x00000000eb800000| PB 0x00000000eb800000| Untracked |  0
|  185|0x00000000eb900000, 0x00000000eba00000, 0x00000000eba00000|100%| O|  |TAMS 0x00000000eb900000| PB 0x00000000eb900000| Untracked |  0
|  186|0x00000000eba00000, 0x00000000eba00000, 0x00000000ebb00000|  0%| F|  |TAMS 0x00000000eba00000| PB 0x00000000eba00000| Untracked |  0
|  187|0x00000000ebb00000, 0x00000000ebb80000, 0x00000000ebc00000| 50%| O|  |TAMS 0x00000000ebb00000| PB 0x00000000ebb00000| Untracked |  0
|  188|0x00000000ebc00000, 0x00000000ebc00000, 0x00000000ebd00000|  0%| F|  |TAMS 0x00000000ebc00000| PB 0x00000000ebc00000| Untracked |  0
|  189|0x00000000ebd00000, 0x00000000ebd00000, 0x00000000ebe00000|  0%| F|  |TAMS 0x00000000ebd00000| PB 0x00000000ebd00000| Untracked |  0
|  190|0x00000000ebe00000, 0x00000000ebf00000, 0x00000000ebf00000|100%| O|  |TAMS 0x00000000ebe00000| PB 0x00000000ebe00000| Untracked |  0
|  191|0x00000000ebf00000, 0x00000000ec000000, 0x00000000ec000000|100%| O|  |TAMS 0x00000000ebf00000| PB 0x00000000ebf00000| Untracked |  0
|  192|0x00000000ec000000, 0x00000000ec100000, 0x00000000ec100000|100%| O|  |TAMS 0x00000000ec000000| PB 0x00000000ec000000| Untracked |  0
|  193|0x00000000ec100000, 0x00000000ec200000, 0x00000000ec200000|100%| O|  |TAMS 0x00000000ec100000| PB 0x00000000ec100000| Untracked |  0
|  194|0x00000000ec200000, 0x00000000ec300000, 0x00000000ec300000|100%| O|  |TAMS 0x00000000ec200000| PB 0x00000000ec200000| Untracked |  0
|  195|0x00000000ec300000, 0x00000000ec400000, 0x00000000ec400000|100%| O|  |TAMS 0x00000000ec300000| PB 0x00000000ec300000| Untracked |  0
|  196|0x00000000ec400000, 0x00000000ec500000, 0x00000000ec500000|100%| O|  |TAMS 0x00000000ec400000| PB 0x00000000ec400000| Untracked |  0
|  197|0x00000000ec500000, 0x00000000ec600000, 0x00000000ec600000|100%| O|  |TAMS 0x00000000ec500000| PB 0x00000000ec500000| Untracked |  0
|  198|0x00000000ec600000, 0x00000000ec600000, 0x00000000ec700000|  0%| F|  |TAMS 0x00000000ec600000| PB 0x00000000ec600000| Untracked |  0
|  199|0x00000000ec700000, 0x00000000ec800000, 0x00000000ec800000|100%| O|  |TAMS 0x00000000ec700000| PB 0x00000000ec700000| Untracked |  0
|  200|0x00000000ec800000, 0x00000000ec900000, 0x00000000ec900000|100%| O|  |TAMS 0x00000000ec800000| PB 0x00000000ec800000| Untracked |  0
|  201|0x00000000ec900000, 0x00000000eca00000, 0x00000000eca00000|100%| O|  |TAMS 0x00000000ec900000| PB 0x00000000ec900000| Untracked |  0
|  202|0x00000000eca00000, 0x00000000eca00000, 0x00000000ecb00000|  0%| F|  |TAMS 0x00000000eca00000| PB 0x00000000eca00000| Untracked |  0
|  203|0x00000000ecb00000, 0x00000000ecc00000, 0x00000000ecc00000|100%| O|  |TAMS 0x00000000ecb00000| PB 0x00000000ecb00000| Untracked |  0
|  204|0x00000000ecc00000, 0x00000000ecd00000, 0x00000000ecd00000|100%| O|  |TAMS 0x00000000ecc00000| PB 0x00000000ecc00000| Untracked |  0
|  205|0x00000000ecd00000, 0x00000000ecd00000, 0x00000000ece00000|  0%| F|  |TAMS 0x00000000ecd00000| PB 0x00000000ecd00000| Untracked |  0
|  206|0x00000000ece00000, 0x00000000ece00000, 0x00000000ecf00000|  0%| F|  |TAMS 0x00000000ece00000| PB 0x00000000ece00000| Untracked |  0
|  207|0x00000000ecf00000, 0x00000000ed000000, 0x00000000ed000000|100%| O|  |TAMS 0x00000000ecf00000| PB 0x00000000ecf00000| Untracked |  0
|  208|0x00000000ed000000, 0x00000000ed100000, 0x00000000ed100000|100%| O|  |TAMS 0x00000000ed000000| PB 0x00000000ed000000| Untracked |  0
|  209|0x00000000ed100000, 0x00000000ed200000, 0x00000000ed200000|100%| O|  |TAMS 0x00000000ed100000| PB 0x00000000ed100000| Untracked |  0
|  210|0x00000000ed200000, 0x00000000ed300000, 0x00000000ed300000|100%| O|  |TAMS 0x00000000ed200000| PB 0x00000000ed200000| Untracked |  0
|  211|0x00000000ed300000, 0x00000000ed400000, 0x00000000ed400000|100%| O|  |TAMS 0x00000000ed300000| PB 0x00000000ed300000| Untracked |  0
|  212|0x00000000ed400000, 0x00000000ed500000, 0x00000000ed500000|100%| O|  |TAMS 0x00000000ed400000| PB 0x00000000ed400000| Untracked |  0
|  213|0x00000000ed500000, 0x00000000ed600000, 0x00000000ed600000|100%| O|  |TAMS 0x00000000ed500000| PB 0x00000000ed500000| Untracked |  0
|  214|0x00000000ed600000, 0x00000000ed600000, 0x00000000ed700000|  0%| F|  |TAMS 0x00000000ed600000| PB 0x00000000ed600000| Untracked |  0
|  215|0x00000000ed700000, 0x00000000ed800000, 0x00000000ed800000|100%| O|  |TAMS 0x00000000ed700000| PB 0x00000000ed700000| Untracked |  0
|  216|0x00000000ed800000, 0x00000000ed900000, 0x00000000ed900000|100%| O|  |TAMS 0x00000000ed800000| PB 0x00000000ed800000| Untracked |  0
|  217|0x00000000ed900000, 0x00000000eda00000, 0x00000000eda00000|100%| O|  |TAMS 0x00000000ed900000| PB 0x00000000ed900000| Untracked |  0
|  218|0x00000000eda00000, 0x00000000edb00000, 0x00000000edb00000|100%| O|  |TAMS 0x00000000eda00000| PB 0x00000000eda00000| Untracked |  0
|  219|0x00000000edb00000, 0x00000000edb00000, 0x00000000edc00000|  0%| F|  |TAMS 0x00000000edb00000| PB 0x00000000edb00000| Untracked |  0
|  220|0x00000000edc00000, 0x00000000edc00000, 0x00000000edd00000|  0%| F|  |TAMS 0x00000000edc00000| PB 0x00000000edc00000| Untracked |  0
|  221|0x00000000edd00000, 0x00000000ede00000, 0x00000000ede00000|100%| O|  |TAMS 0x00000000edd00000| PB 0x00000000edd00000| Untracked |  0
|  222|0x00000000ede00000, 0x00000000edf00000, 0x00000000edf00000|100%| O|  |TAMS 0x00000000ede00000| PB 0x00000000ede00000| Untracked |  0
|  223|0x00000000edf00000, 0x00000000ee000000, 0x00000000ee000000|100%| O|  |TAMS 0x00000000edf00000| PB 0x00000000edf00000| Untracked |  0
|  224|0x00000000ee000000, 0x00000000ee000000, 0x00000000ee100000|  0%| F|  |TAMS 0x00000000ee000000| PB 0x00000000ee000000| Untracked |  0
|  225|0x00000000ee100000, 0x00000000ee200000, 0x00000000ee200000|100%| O|  |TAMS 0x00000000ee100000| PB 0x00000000ee100000| Untracked |  0
|  226|0x00000000ee200000, 0x00000000ee300000, 0x00000000ee300000|100%| O|  |TAMS 0x00000000ee200000| PB 0x00000000ee200000| Untracked |  0
|  227|0x00000000ee300000, 0x00000000ee400000, 0x00000000ee400000|100%| O|  |TAMS 0x00000000ee300000| PB 0x00000000ee300000| Untracked |  0
|  228|0x00000000ee400000, 0x00000000ee400000, 0x00000000ee500000|  0%| F|  |TAMS 0x00000000ee400000| PB 0x00000000ee400000| Untracked |  0
|  229|0x00000000ee500000, 0x00000000ee500000, 0x00000000ee600000|  0%| F|  |TAMS 0x00000000ee500000| PB 0x00000000ee500000| Untracked |  0
|  230|0x00000000ee600000, 0x00000000ee600000, 0x00000000ee700000|  0%| F|  |TAMS 0x00000000ee600000| PB 0x00000000ee600000| Untracked |  0
|  231|0x00000000ee700000, 0x00000000ee700000, 0x00000000ee800000|  0%| F|  |TAMS 0x00000000ee700000| PB 0x00000000ee700000| Untracked |  0
|  232|0x00000000ee800000, 0x00000000ee900000, 0x00000000ee900000|100%| O|  |TAMS 0x00000000ee800000| PB 0x00000000ee800000| Untracked |  0
|  233|0x00000000ee900000, 0x00000000ee900000, 0x00000000eea00000|  0%| F|  |TAMS 0x00000000ee900000| PB 0x00000000ee900000| Untracked |  0
|  234|0x00000000eea00000, 0x00000000eea00000, 0x00000000eeb00000|  0%| F|  |TAMS 0x00000000eea00000| PB 0x00000000eea00000| Untracked |  0
|  235|0x00000000eeb00000, 0x00000000eeb00000, 0x00000000eec00000|  0%| F|  |TAMS 0x00000000eeb00000| PB 0x00000000eeb00000| Untracked |  0
|  236|0x00000000eec00000, 0x00000000eecf98a0, 0x00000000eed00000| 97%| S|CS|TAMS 0x00000000eec00000| PB 0x00000000eec00000| Complete  |  0
|  237|0x00000000eed00000, 0x00000000eee00000, 0x00000000eee00000|100%| S|CS|TAMS 0x00000000eed00000| PB 0x00000000eed00000| Complete  |  0
|  238|0x00000000eee00000, 0x00000000eef00000, 0x00000000eef00000|100%| S|CS|TAMS 0x00000000eee00000| PB 0x00000000eee00000| Complete  |  0
|  239|0x00000000eef00000, 0x00000000ef000000, 0x00000000ef000000|100%| S|CS|TAMS 0x00000000eef00000| PB 0x00000000eef00000| Complete  |  0
|  240|0x00000000ef000000, 0x00000000ef100000, 0x00000000ef100000|100%| S|CS|TAMS 0x00000000ef000000| PB 0x00000000ef000000| Complete  |  0
|  241|0x00000000ef100000, 0x00000000ef200000, 0x00000000ef200000|100%| O|  |TAMS 0x00000000ef100000| PB 0x00000000ef100000| Untracked |  0
|  242|0x00000000ef200000, 0x00000000ef300000, 0x00000000ef300000|100%| O|  |TAMS 0x00000000ef200000| PB 0x00000000ef200000| Untracked |  0
|  243|0x00000000ef300000, 0x00000000ef400000, 0x00000000ef400000|100%| O|  |TAMS 0x00000000ef300000| PB 0x00000000ef300000| Untracked |  0
|  244|0x00000000ef400000, 0x00000000ef500000, 0x00000000ef500000|100%| O|  |TAMS 0x00000000ef400000| PB 0x00000000ef400000| Untracked |  0
|  245|0x00000000ef500000, 0x00000000ef600000, 0x00000000ef600000|100%| O|  |TAMS 0x00000000ef500000| PB 0x00000000ef500000| Untracked |  0
|  246|0x00000000ef600000, 0x00000000ef700000, 0x00000000ef700000|100%| O|  |TAMS 0x00000000ef600000| PB 0x00000000ef600000| Untracked |  0
|  247|0x00000000ef700000, 0x00000000ef800000, 0x00000000ef800000|100%| O|  |TAMS 0x00000000ef700000| PB 0x00000000ef700000| Untracked |  0
|  248|0x00000000ef800000, 0x00000000ef900000, 0x00000000ef900000|100%| O|  |TAMS 0x00000000ef800000| PB 0x00000000ef800000| Untracked |  0
|  249|0x00000000ef900000, 0x00000000efa00000, 0x00000000efa00000|100%| O|  |TAMS 0x00000000ef900000| PB 0x00000000ef900000| Untracked |  0
|  250|0x00000000efa00000, 0x00000000efb00000, 0x00000000efb00000|100%| O|  |TAMS 0x00000000efa00000| PB 0x00000000efa00000| Untracked |  0
|  251|0x00000000efb00000, 0x00000000efb00000, 0x00000000efc00000|  0%| F|  |TAMS 0x00000000efb00000| PB 0x00000000efb00000| Untracked |  0
|  252|0x00000000efc00000, 0x00000000efd00000, 0x00000000efd00000|100%| S|CS|TAMS 0x00000000efc00000| PB 0x00000000efc00000| Complete  |  0
|  253|0x00000000efd00000, 0x00000000efd00000, 0x00000000efe00000|  0%| F|  |TAMS 0x00000000efd00000| PB 0x00000000efd00000| Untracked |  0
|  254|0x00000000efe00000, 0x00000000efe00000, 0x00000000eff00000|  0%| F|  |TAMS 0x00000000efe00000| PB 0x00000000efe00000| Untracked |  0
|  255|0x00000000eff00000, 0x00000000eff00000, 0x00000000f0000000|  0%| F|  |TAMS 0x00000000eff00000| PB 0x00000000eff00000| Untracked |  0
|  256|0x00000000f0000000, 0x00000000f0000000, 0x00000000f0100000|  0%| F|  |TAMS 0x00000000f0000000| PB 0x00000000f0000000| Untracked |  0
|  257|0x00000000f0100000, 0x00000000f0100000, 0x00000000f0200000|  0%| F|  |TAMS 0x00000000f0100000| PB 0x00000000f0100000| Untracked |  0
|  258|0x00000000f0200000, 0x00000000f0300000, 0x00000000f0300000|100%| S|CS|TAMS 0x00000000f0200000| PB 0x00000000f0200000| Complete  |  0
|  259|0x00000000f0300000, 0x00000000f0400000, 0x00000000f0400000|100%| S|CS|TAMS 0x00000000f0300000| PB 0x00000000f0300000| Complete  |  0
|  260|0x00000000f0400000, 0x00000000f0500000, 0x00000000f0500000|100%| S|CS|TAMS 0x00000000f0400000| PB 0x00000000f0400000| Complete  |  0
|  261|0x00000000f0500000, 0x00000000f0600000, 0x00000000f0600000|100%| S|CS|TAMS 0x00000000f0500000| PB 0x00000000f0500000| Complete  |  0
|  262|0x00000000f0600000, 0x00000000f0600000, 0x00000000f0700000|  0%| F|  |TAMS 0x00000000f0600000| PB 0x00000000f0600000| Untracked |  0
|  263|0x00000000f0700000, 0x00000000f0700000, 0x00000000f0800000|  0%| F|  |TAMS 0x00000000f0700000| PB 0x00000000f0700000| Untracked |  0
|  264|0x00000000f0800000, 0x00000000f0800000, 0x00000000f0900000|  0%| F|  |TAMS 0x00000000f0800000| PB 0x00000000f0800000| Untracked |  0
|  265|0x00000000f0900000, 0x00000000f0900000, 0x00000000f0a00000|  0%| F|  |TAMS 0x00000000f0900000| PB 0x00000000f0900000| Untracked |  0
|  266|0x00000000f0a00000, 0x00000000f0a00000, 0x00000000f0b00000|  0%| F|  |TAMS 0x00000000f0a00000| PB 0x00000000f0a00000| Untracked |  0
|  267|0x00000000f0b00000, 0x00000000f0b00000, 0x00000000f0c00000|  0%| F|  |TAMS 0x00000000f0b00000| PB 0x00000000f0b00000| Untracked |  0
|  268|0x00000000f0c00000, 0x00000000f0c00000, 0x00000000f0d00000|  0%| F|  |TAMS 0x00000000f0c00000| PB 0x00000000f0c00000| Untracked |  0
|  269|0x00000000f0d00000, 0x00000000f0d00000, 0x00000000f0e00000|  0%| F|  |TAMS 0x00000000f0d00000| PB 0x00000000f0d00000| Untracked |  0
|  270|0x00000000f0e00000, 0x00000000f0e00000, 0x00000000f0f00000|  0%| F|  |TAMS 0x00000000f0e00000| PB 0x00000000f0e00000| Untracked |  0
|  271|0x00000000f0f00000, 0x00000000f0f00000, 0x00000000f1000000|  0%| F|  |TAMS 0x00000000f0f00000| PB 0x00000000f0f00000| Untracked |  0
|  272|0x00000000f1000000, 0x00000000f1000000, 0x00000000f1100000|  0%| F|  |TAMS 0x00000000f1000000| PB 0x00000000f1000000| Untracked |  0
|  273|0x00000000f1100000, 0x00000000f1100000, 0x00000000f1200000|  0%| F|  |TAMS 0x00000000f1100000| PB 0x00000000f1100000| Untracked |  0
|  274|0x00000000f1200000, 0x00000000f1200000, 0x00000000f1300000|  0%| F|  |TAMS 0x00000000f1200000| PB 0x00000000f1200000| Untracked |  0
|  275|0x00000000f1300000, 0x00000000f1300000, 0x00000000f1400000|  0%| F|  |TAMS 0x00000000f1300000| PB 0x00000000f1300000| Untracked |  0
|  276|0x00000000f1400000, 0x00000000f1400000, 0x00000000f1500000|  0%| F|  |TAMS 0x00000000f1400000| PB 0x00000000f1400000| Untracked |  0
|  277|0x00000000f1500000, 0x00000000f1500000, 0x00000000f1600000|  0%| F|  |TAMS 0x00000000f1500000| PB 0x00000000f1500000| Untracked |  0
|  278|0x00000000f1600000, 0x00000000f1600000, 0x00000000f1700000|  0%| F|  |TAMS 0x00000000f1600000| PB 0x00000000f1600000| Untracked |  0
|  279|0x00000000f1700000, 0x00000000f1700000, 0x00000000f1800000|  0%| F|  |TAMS 0x00000000f1700000| PB 0x00000000f1700000| Untracked |  0
|  280|0x00000000f1800000, 0x00000000f1800000, 0x00000000f1900000|  0%| F|  |TAMS 0x00000000f1800000| PB 0x00000000f1800000| Untracked |  0
|  281|0x00000000f1900000, 0x00000000f1900000, 0x00000000f1a00000|  0%| F|  |TAMS 0x00000000f1900000| PB 0x00000000f1900000| Untracked |  0
|  282|0x00000000f1a00000, 0x00000000f1a00000, 0x00000000f1b00000|  0%| F|  |TAMS 0x00000000f1a00000| PB 0x00000000f1a00000| Untracked |  0
|  283|0x00000000f1b00000, 0x00000000f1b00000, 0x00000000f1c00000|  0%| F|  |TAMS 0x00000000f1b00000| PB 0x00000000f1b00000| Untracked |  0
|  284|0x00000000f1c00000, 0x00000000f1c00000, 0x00000000f1d00000|  0%| F|  |TAMS 0x00000000f1c00000| PB 0x00000000f1c00000| Untracked |  0
|  285|0x00000000f1d00000, 0x00000000f1d00000, 0x00000000f1e00000|  0%| F|  |TAMS 0x00000000f1d00000| PB 0x00000000f1d00000| Untracked |  0
|  286|0x00000000f1e00000, 0x00000000f1e00000, 0x00000000f1f00000|  0%| F|  |TAMS 0x00000000f1e00000| PB 0x00000000f1e00000| Untracked |  0
|  287|0x00000000f1f00000, 0x00000000f1f00000, 0x00000000f2000000|  0%| F|  |TAMS 0x00000000f1f00000| PB 0x00000000f1f00000| Untracked |  0
|  288|0x00000000f2000000, 0x00000000f2000000, 0x00000000f2100000|  0%| F|  |TAMS 0x00000000f2000000| PB 0x00000000f2000000| Untracked |  0
|  289|0x00000000f2100000, 0x00000000f2100000, 0x00000000f2200000|  0%| F|  |TAMS 0x00000000f2100000| PB 0x00000000f2100000| Untracked |  0
|  290|0x00000000f2200000, 0x00000000f2200000, 0x00000000f2300000|  0%| F|  |TAMS 0x00000000f2200000| PB 0x00000000f2200000| Untracked |  0
|  291|0x00000000f2300000, 0x00000000f2300000, 0x00000000f2400000|  0%| F|  |TAMS 0x00000000f2300000| PB 0x00000000f2300000| Untracked |  0
|  292|0x00000000f2400000, 0x00000000f2400000, 0x00000000f2500000|  0%| F|  |TAMS 0x00000000f2400000| PB 0x00000000f2400000| Untracked |  0
|  293|0x00000000f2500000, 0x00000000f2500000, 0x00000000f2600000|  0%| F|  |TAMS 0x00000000f2500000| PB 0x00000000f2500000| Untracked |  0
|  294|0x00000000f2600000, 0x00000000f2600000, 0x00000000f2700000|  0%| F|  |TAMS 0x00000000f2600000| PB 0x00000000f2600000| Untracked |  0
|  295|0x00000000f2700000, 0x00000000f2700000, 0x00000000f2800000|  0%| F|  |TAMS 0x00000000f2700000| PB 0x00000000f2700000| Untracked |  0
|  296|0x00000000f2800000, 0x00000000f2800000, 0x00000000f2900000|  0%| F|  |TAMS 0x00000000f2800000| PB 0x00000000f2800000| Untracked |  0
|  297|0x00000000f2900000, 0x00000000f2900000, 0x00000000f2a00000|  0%| F|  |TAMS 0x00000000f2900000| PB 0x00000000f2900000| Untracked |  0
|  298|0x00000000f2a00000, 0x00000000f2a00000, 0x00000000f2b00000|  0%| F|  |TAMS 0x00000000f2a00000| PB 0x00000000f2a00000| Untracked |  0
|  299|0x00000000f2b00000, 0x00000000f2b80000, 0x00000000f2c00000| 50%| E|CS|TAMS 0x00000000f2b00000| PB 0x00000000f2b00000| Complete  |  0
|  300|0x00000000f2c00000, 0x00000000f2d00000, 0x00000000f2d00000|100%| E|CS|TAMS 0x00000000f2c00000| PB 0x00000000f2c00000| Complete  |  0
|  301|0x00000000f2d00000, 0x00000000f2e00000, 0x00000000f2e00000|100%| E|CS|TAMS 0x00000000f2d00000| PB 0x00000000f2d00000| Complete  |  0
|  302|0x00000000f2e00000, 0x00000000f2f00000, 0x00000000f2f00000|100%| E|CS|TAMS 0x00000000f2e00000| PB 0x00000000f2e00000| Complete  |  0
|  303|0x00000000f2f00000, 0x00000000f3000000, 0x00000000f3000000|100%| E|CS|TAMS 0x00000000f2f00000| PB 0x00000000f2f00000| Complete  |  0
|  304|0x00000000f3000000, 0x00000000f3100000, 0x00000000f3100000|100%| E|CS|TAMS 0x00000000f3000000| PB 0x00000000f3000000| Complete  |  0
|  305|0x00000000f3100000, 0x00000000f3200000, 0x00000000f3200000|100%| E|CS|TAMS 0x00000000f3100000| PB 0x00000000f3100000| Complete  |  0
|  306|0x00000000f3200000, 0x00000000f3300000, 0x00000000f3300000|100%| E|CS|TAMS 0x00000000f3200000| PB 0x00000000f3200000| Complete  |  0
|  307|0x00000000f3300000, 0x00000000f3400000, 0x00000000f3400000|100%| E|CS|TAMS 0x00000000f3300000| PB 0x00000000f3300000| Complete  |  0
|  308|0x00000000f3400000, 0x00000000f3500000, 0x00000000f3500000|100%| E|CS|TAMS 0x00000000f3400000| PB 0x00000000f3400000| Complete  |  0
|  309|0x00000000f3500000, 0x00000000f3600000, 0x00000000f3600000|100%| E|CS|TAMS 0x00000000f3500000| PB 0x00000000f3500000| Complete  |  0
|  310|0x00000000f3600000, 0x00000000f3700000, 0x00000000f3700000|100%| E|CS|TAMS 0x00000000f3600000| PB 0x00000000f3600000| Complete  |  0
|  311|0x00000000f3700000, 0x00000000f3800000, 0x00000000f3800000|100%| E|CS|TAMS 0x00000000f3700000| PB 0x00000000f3700000| Complete  |  0
|  312|0x00000000f3800000, 0x00000000f3900000, 0x00000000f3900000|100%| E|CS|TAMS 0x00000000f3800000| PB 0x00000000f3800000| Complete  |  0
|  313|0x00000000f3900000, 0x00000000f3a00000, 0x00000000f3a00000|100%| E|CS|TAMS 0x00000000f3900000| PB 0x00000000f3900000| Complete  |  0
|  314|0x00000000f3a00000, 0x00000000f3b00000, 0x00000000f3b00000|100%| E|CS|TAMS 0x00000000f3a00000| PB 0x00000000f3a00000| Complete  |  0
|  315|0x00000000f3b00000, 0x00000000f3c00000, 0x00000000f3c00000|100%| E|CS|TAMS 0x00000000f3b00000| PB 0x00000000f3b00000| Complete  |  0
|  316|0x00000000f3c00000, 0x00000000f3d00000, 0x00000000f3d00000|100%| E|CS|TAMS 0x00000000f3c00000| PB 0x00000000f3c00000| Complete  |  0
|  317|0x00000000f3d00000, 0x00000000f3e00000, 0x00000000f3e00000|100%| E|CS|TAMS 0x00000000f3d00000| PB 0x00000000f3d00000| Complete  |  0
|  318|0x00000000f3e00000, 0x00000000f3f00000, 0x00000000f3f00000|100%| E|CS|TAMS 0x00000000f3e00000| PB 0x00000000f3e00000| Complete  |  0
|  319|0x00000000f3f00000, 0x00000000f4000000, 0x00000000f4000000|100%| E|CS|TAMS 0x00000000f3f00000| PB 0x00000000f3f00000| Complete  |  0
|  320|0x00000000f4000000, 0x00000000f4100000, 0x00000000f4100000|100%| E|CS|TAMS 0x00000000f4000000| PB 0x00000000f4000000| Complete  |  0
|  321|0x00000000f4100000, 0x00000000f4200000, 0x00000000f4200000|100%| E|CS|TAMS 0x00000000f4100000| PB 0x00000000f4100000| Complete  |  0
|  322|0x00000000f4200000, 0x00000000f4300000, 0x00000000f4300000|100%| E|CS|TAMS 0x00000000f4200000| PB 0x00000000f4200000| Complete  |  0
|  323|0x00000000f4300000, 0x00000000f4400000, 0x00000000f4400000|100%| E|CS|TAMS 0x00000000f4300000| PB 0x00000000f4300000| Complete  |  0
|  324|0x00000000f4400000, 0x00000000f4500000, 0x00000000f4500000|100%| E|CS|TAMS 0x00000000f4400000| PB 0x00000000f4400000| Complete  |  0
|  325|0x00000000f4500000, 0x00000000f4600000, 0x00000000f4600000|100%| E|CS|TAMS 0x00000000f4500000| PB 0x00000000f4500000| Complete  |  0
|  326|0x00000000f4600000, 0x00000000f4700000, 0x00000000f4700000|100%| E|CS|TAMS 0x00000000f4600000| PB 0x00000000f4600000| Complete  |  0
|  327|0x00000000f4700000, 0x00000000f4800000, 0x00000000f4800000|100%| E|CS|TAMS 0x00000000f4700000| PB 0x00000000f4700000| Complete  |  0
|  328|0x00000000f4800000, 0x00000000f4900000, 0x00000000f4900000|100%| E|CS|TAMS 0x00000000f4800000| PB 0x00000000f4800000| Complete  |  0
|  329|0x00000000f4900000, 0x00000000f4a00000, 0x00000000f4a00000|100%| E|CS|TAMS 0x00000000f4900000| PB 0x00000000f4900000| Complete  |  0
|  330|0x00000000f4a00000, 0x00000000f4b00000, 0x00000000f4b00000|100%| E|CS|TAMS 0x00000000f4a00000| PB 0x00000000f4a00000| Complete  |  0
|  331|0x00000000f4b00000, 0x00000000f4c00000, 0x00000000f4c00000|100%| E|CS|TAMS 0x00000000f4b00000| PB 0x00000000f4b00000| Complete  |  0
|  332|0x00000000f4c00000, 0x00000000f4d00000, 0x00000000f4d00000|100%| E|CS|TAMS 0x00000000f4c00000| PB 0x00000000f4c00000| Complete  |  0
|  333|0x00000000f4d00000, 0x00000000f4e00000, 0x00000000f4e00000|100%| E|CS|TAMS 0x00000000f4d00000| PB 0x00000000f4d00000| Complete  |  0
|  334|0x00000000f4e00000, 0x00000000f4f00000, 0x00000000f4f00000|100%| E|CS|TAMS 0x00000000f4e00000| PB 0x00000000f4e00000| Complete  |  0
|  335|0x00000000f4f00000, 0x00000000f5000000, 0x00000000f5000000|100%| E|CS|TAMS 0x00000000f4f00000| PB 0x00000000f4f00000| Complete  |  0
|  336|0x00000000f5000000, 0x00000000f5100000, 0x00000000f5100000|100%| E|CS|TAMS 0x00000000f5000000| PB 0x00000000f5000000| Complete  |  0
|  337|0x00000000f5100000, 0x00000000f5200000, 0x00000000f5200000|100%| E|CS|TAMS 0x00000000f5100000| PB 0x00000000f5100000| Complete  |  0
|  338|0x00000000f5200000, 0x00000000f5300000, 0x00000000f5300000|100%| E|CS|TAMS 0x00000000f5200000| PB 0x00000000f5200000| Complete  |  0
|  339|0x00000000f5300000, 0x00000000f5400000, 0x00000000f5400000|100%| E|CS|TAMS 0x00000000f5300000| PB 0x00000000f5300000| Complete  |  0
|  340|0x00000000f5400000, 0x00000000f5500000, 0x00000000f5500000|100%| E|CS|TAMS 0x00000000f5400000| PB 0x00000000f5400000| Complete  |  0
|  341|0x00000000f5500000, 0x00000000f5600000, 0x00000000f5600000|100%| E|CS|TAMS 0x00000000f5500000| PB 0x00000000f5500000| Complete  |  0
|  342|0x00000000f5600000, 0x00000000f5700000, 0x00000000f5700000|100%| E|CS|TAMS 0x00000000f5600000| PB 0x00000000f5600000| Complete  |  0
|  343|0x00000000f5700000, 0x00000000f5800000, 0x00000000f5800000|100%| E|CS|TAMS 0x00000000f5700000| PB 0x00000000f5700000| Complete  |  0
|  344|0x00000000f5800000, 0x00000000f5900000, 0x00000000f5900000|100%| E|CS|TAMS 0x00000000f5800000| PB 0x00000000f5800000| Complete  |  0
|  345|0x00000000f5900000, 0x00000000f5a00000, 0x00000000f5a00000|100%| E|CS|TAMS 0x00000000f5900000| PB 0x00000000f5900000| Complete  |  0
|  346|0x00000000f5a00000, 0x00000000f5b00000, 0x00000000f5b00000|100%| E|CS|TAMS 0x00000000f5a00000| PB 0x00000000f5a00000| Complete  |  0
|  347|0x00000000f5b00000, 0x00000000f5c00000, 0x00000000f5c00000|100%| E|CS|TAMS 0x00000000f5b00000| PB 0x00000000f5b00000| Complete  |  0
|  348|0x00000000f5c00000, 0x00000000f5d00000, 0x00000000f5d00000|100%| E|CS|TAMS 0x00000000f5c00000| PB 0x00000000f5c00000| Complete  |  0
|  349|0x00000000f5d00000, 0x00000000f5e00000, 0x00000000f5e00000|100%| E|CS|TAMS 0x00000000f5d00000| PB 0x00000000f5d00000| Complete  |  0
|  350|0x00000000f5e00000, 0x00000000f5f00000, 0x00000000f5f00000|100%| E|CS|TAMS 0x00000000f5e00000| PB 0x00000000f5e00000| Complete  |  0
|  351|0x00000000f5f00000, 0x00000000f6000000, 0x00000000f6000000|100%| E|CS|TAMS 0x00000000f5f00000| PB 0x00000000f5f00000| Complete  |  0
|  352|0x00000000f6000000, 0x00000000f6100000, 0x00000000f6100000|100%| E|CS|TAMS 0x00000000f6000000| PB 0x00000000f6000000| Complete  |  0
|  353|0x00000000f6100000, 0x00000000f6200000, 0x00000000f6200000|100%| E|CS|TAMS 0x00000000f6100000| PB 0x00000000f6100000| Complete  |  0
|  354|0x00000000f6200000, 0x00000000f6300000, 0x00000000f6300000|100%| E|CS|TAMS 0x00000000f6200000| PB 0x00000000f6200000| Complete  |  0
|  355|0x00000000f6300000, 0x00000000f6400000, 0x00000000f6400000|100%| E|CS|TAMS 0x00000000f6300000| PB 0x00000000f6300000| Complete  |  0
|  356|0x00000000f6400000, 0x00000000f6500000, 0x00000000f6500000|100%| E|CS|TAMS 0x00000000f6400000| PB 0x00000000f6400000| Complete  |  0
|  357|0x00000000f6500000, 0x00000000f6600000, 0x00000000f6600000|100%| E|CS|TAMS 0x00000000f6500000| PB 0x00000000f6500000| Complete  |  0
|  358|0x00000000f6600000, 0x00000000f6700000, 0x00000000f6700000|100%| E|CS|TAMS 0x00000000f6600000| PB 0x00000000f6600000| Complete  |  0
|  359|0x00000000f6700000, 0x00000000f6800000, 0x00000000f6800000|100%| E|CS|TAMS 0x00000000f6700000| PB 0x00000000f6700000| Complete  |  0
|  360|0x00000000f6800000, 0x00000000f6900000, 0x00000000f6900000|100%| E|CS|TAMS 0x00000000f6800000| PB 0x00000000f6800000| Complete  |  0
|  361|0x00000000f6900000, 0x00000000f6a00000, 0x00000000f6a00000|100%| E|CS|TAMS 0x00000000f6900000| PB 0x00000000f6900000| Complete  |  0
|  362|0x00000000f6a00000, 0x00000000f6b00000, 0x00000000f6b00000|100%| E|CS|TAMS 0x00000000f6a00000| PB 0x00000000f6a00000| Complete  |  0
|  363|0x00000000f6b00000, 0x00000000f6c00000, 0x00000000f6c00000|100%| E|CS|TAMS 0x00000000f6b00000| PB 0x00000000f6b00000| Complete  |  0
|  364|0x00000000f6c00000, 0x00000000f6d00000, 0x00000000f6d00000|100%| E|CS|TAMS 0x00000000f6c00000| PB 0x00000000f6c00000| Complete  |  0
|  365|0x00000000f6d00000, 0x00000000f6e00000, 0x00000000f6e00000|100%| E|CS|TAMS 0x00000000f6d00000| PB 0x00000000f6d00000| Complete  |  0
|  470|0x00000000fd600000, 0x00000000fd700000, 0x00000000fd700000|100%| O|  |TAMS 0x00000000fd600000| PB 0x00000000fd600000| Untracked |  0
|  471|0x00000000fd700000, 0x00000000fd800000, 0x00000000fd800000|100%| O|  |TAMS 0x00000000fd700000| PB 0x00000000fd700000| Untracked |  0
|  472|0x00000000fd800000, 0x00000000fd900000, 0x00000000fd900000|100%| O|  |TAMS 0x00000000fd800000| PB 0x00000000fd800000| Untracked |  0
|  473|0x00000000fd900000, 0x00000000fda00000, 0x00000000fda00000|100%| O|  |TAMS 0x00000000fd900000| PB 0x00000000fd900000| Untracked |  0
|  474|0x00000000fda00000, 0x00000000fdb00000, 0x00000000fdb00000|100%| O|  |TAMS 0x00000000fda00000| PB 0x00000000fda00000| Untracked |  0
|  475|0x00000000fdb00000, 0x00000000fdc00000, 0x00000000fdc00000|100%| O|  |TAMS 0x00000000fdb00000| PB 0x00000000fdb00000| Untracked |  0
|  476|0x00000000fdc00000, 0x00000000fdd00000, 0x00000000fdd00000|100%| O|  |TAMS 0x00000000fdc00000| PB 0x00000000fdc00000| Untracked |  0
|  477|0x00000000fdd00000, 0x00000000fde00000, 0x00000000fde00000|100%| O|  |TAMS 0x00000000fdd00000| PB 0x00000000fdd00000| Untracked |  0
|  478|0x00000000fde00000, 0x00000000fdf00000, 0x00000000fdf00000|100%| O|  |TAMS 0x00000000fde00000| PB 0x00000000fde00000| Untracked |  0
|  479|0x00000000fdf00000, 0x00000000fe000000, 0x00000000fe000000|100%| O|  |TAMS 0x00000000fdf00000| PB 0x00000000fdf00000| Untracked |  0
|  480|0x00000000fe000000, 0x00000000fe100000, 0x00000000fe100000|100%| O|  |TAMS 0x00000000fe000000| PB 0x00000000fe000000| Untracked |  0
|  481|0x00000000fe100000, 0x00000000fe200000, 0x00000000fe200000|100%| O|  |TAMS 0x00000000fe100000| PB 0x00000000fe100000| Untracked |  0
|  482|0x00000000fe200000, 0x00000000fe300000, 0x00000000fe300000|100%| O|  |TAMS 0x00000000fe200000| PB 0x00000000fe200000| Untracked |  0
|  483|0x00000000fe300000, 0x00000000fe400000, 0x00000000fe400000|100%| O|  |TAMS 0x00000000fe300000| PB 0x00000000fe300000| Untracked |  0
|  484|0x00000000fe400000, 0x00000000fe500000, 0x00000000fe500000|100%| O|  |TAMS 0x00000000fe400000| PB 0x00000000fe400000| Untracked |  0
|  485|0x00000000fe500000, 0x00000000fe600000, 0x00000000fe600000|100%| O|  |TAMS 0x00000000fe500000| PB 0x00000000fe500000| Untracked |  0
|  486|0x00000000fe600000, 0x00000000fe700000, 0x00000000fe700000|100%| O|  |TAMS 0x00000000fe600000| PB 0x00000000fe600000| Untracked |  0
|  487|0x00000000fe700000, 0x00000000fe800000, 0x00000000fe800000|100%| O|  |TAMS 0x00000000fe700000| PB 0x00000000fe700000| Untracked |  0
|  488|0x00000000fe800000, 0x00000000fe900000, 0x00000000fe900000|100%| O|  |TAMS 0x00000000fe800000| PB 0x00000000fe800000| Untracked |  0
|  489|0x00000000fe900000, 0x00000000fea00000, 0x00000000fea00000|100%| O|  |TAMS 0x00000000fe900000| PB 0x00000000fe900000| Untracked |  0
|  490|0x00000000fea00000, 0x00000000feb00000, 0x00000000feb00000|100%| O|  |TAMS 0x00000000fea00000| PB 0x00000000fea00000| Untracked |  0
|  491|0x00000000feb00000, 0x00000000fec00000, 0x00000000fec00000|100%| O|  |TAMS 0x00000000feb00000| PB 0x00000000feb00000| Untracked |  0
|  492|0x00000000fec00000, 0x00000000fed00000, 0x00000000fed00000|100%| E|CS|TAMS 0x00000000fec00000| PB 0x00000000fec00000| Complete  |  0
|  493|0x00000000fed00000, 0x00000000fee00000, 0x00000000fee00000|100%| O|  |TAMS 0x00000000fed00000| PB 0x00000000fed00000| Untracked |  0
|  494|0x00000000fee00000, 0x00000000fef00000, 0x00000000fef00000|100%| E|CS|TAMS 0x00000000fee00000| PB 0x00000000fee00000| Complete  |  0
|  495|0x00000000fef00000, 0x00000000ff000000, 0x00000000ff000000|100%| O|  |TAMS 0x00000000fef00000| PB 0x00000000fef00000| Untracked |  0
|  496|0x00000000ff000000, 0x00000000ff100000, 0x00000000ff100000|100%| O|  |TAMS 0x00000000ff000000| PB 0x00000000ff000000| Untracked |  0
|  497|0x00000000ff100000, 0x00000000ff200000, 0x00000000ff200000|100%| O|  |TAMS 0x00000000ff100000| PB 0x00000000ff100000| Untracked |  0
|  498|0x00000000ff200000, 0x00000000ff300000, 0x00000000ff300000|100%| E|CS|TAMS 0x00000000ff200000| PB 0x00000000ff200000| Complete  |  0
|  499|0x00000000ff300000, 0x00000000ff400000, 0x00000000ff400000|100%| O|  |TAMS 0x00000000ff300000| PB 0x00000000ff300000| Untracked |  0
|  500|0x00000000ff400000, 0x00000000ff500000, 0x00000000ff500000|100%| E|CS|TAMS 0x00000000ff400000| PB 0x00000000ff400000| Complete  |  0
|  501|0x00000000ff500000, 0x00000000ff600000, 0x00000000ff600000|100%| O|  |TAMS 0x00000000ff500000| PB 0x00000000ff500000| Untracked |  0
|  502|0x00000000ff600000, 0x00000000ff700000, 0x00000000ff700000|100%| E|CS|TAMS 0x00000000ff600000| PB 0x00000000ff600000| Complete  |  0
|  503|0x00000000ff700000, 0x00000000ff800000, 0x00000000ff800000|100%| E|CS|TAMS 0x00000000ff700000| PB 0x00000000ff700000| Complete  |  0
|  504|0x00000000ff800000, 0x00000000ff900000, 0x00000000ff900000|100%| E|CS|TAMS 0x00000000ff800000| PB 0x00000000ff800000| Complete  |  0
|  505|0x00000000ff900000, 0x00000000ffa00000, 0x00000000ffa00000|100%| E|CS|TAMS 0x00000000ff900000| PB 0x00000000ff900000| Complete  |  0
|  506|0x00000000ffa00000, 0x00000000ffb00000, 0x00000000ffb00000|100%| E|CS|TAMS 0x00000000ffa00000| PB 0x00000000ffa00000| Complete  |  0
|  507|0x00000000ffb00000, 0x00000000ffc00000, 0x00000000ffc00000|100%| E|CS|TAMS 0x00000000ffb00000| PB 0x00000000ffb00000| Complete  |  0
|  508|0x00000000ffc00000, 0x00000000ffd00000, 0x00000000ffd00000|100%| O|  |TAMS 0x00000000ffc00000| PB 0x00000000ffc00000| Untracked |  0
|  509|0x00000000ffd00000, 0x00000000ffe00000, 0x00000000ffe00000|100%| O|  |TAMS 0x00000000ffd00000| PB 0x00000000ffd00000| Untracked |  0
|  510|0x00000000ffe00000, 0x00000000fff00000, 0x00000000fff00000|100%| O|  |TAMS 0x00000000ffe00000| PB 0x00000000ffe00000| Untracked |  0
|  511|0x00000000fff00000, 0x0000000100000000, 0x0000000100000000|100%| O|  |TAMS 0x00000000fff00000| PB 0x00000000fff00000| Untracked |  0

Card table byte_map: [0x000002c56c210000,0x000002c56c310000] _byte_map_base: 0x000002c56bb10000
Refinement table byte_map: [0x000002c56c310000,0x000002c56c410000] _byte_map_base: 0x000002c56bc10000

Marking Bits: (CMBitMap*) 0x000002c5536d5cb0
 Bits: [0x000002c56c410000, 0x000002c56cc10000)

Polling page: 0x000002c551480000

Metaspace:
Metaspace        used 183176K, committed 184192K, reserved 1245184K
 class space     used 22143K, committed 22592K, reserved 1048576K

Usage:
  Non-class:    157.26 MB used.
      Class:     21.62 MB used.
       Both:    178.88 MB used.

Virtual space:
  Non-class space:      192.00 MB reserved,     157.81 MB ( 82%) committed,  3 nodes.
      Class space:        1.00 GB reserved,      22.06 MB (  2%) committed,  1 nodes.
             Both:        1.19 GB reserved,     179.88 MB ( 15%) committed. 

Chunk freelists:
   Non-Class:  2.14 MB
       Class:  9.83 MB
        Both:  11.98 MB

MaxMetaspaceSize: unlimited
CompressedClassSpaceSize: 1.00 GB
Initial GC threshold: 21.00 MB
Current GC threshold: 292.62 MB
CDS: on
 - commit_granule_bytes: 65536.
 - commit_granule_words: 8192.
 - virtual_space_node_default_size: 8388608.
 - enlarge_chunks_in_place: 1.
UseCompressedClassPointers 1, UseCompactObjectHeaders 0
Narrow klass pointer bits 32, Max shift 3
Narrow klass base: 0x000000001b000000, Narrow klass shift: 0
Encoding Range: [0x000000001b000000 - 0x000000011b000000), (4294967296 bytes)
Klass Range:    [0x000000001b000000 - 0x000000005c000000), (1090519040 bytes)
Klass ID Range:  [8 - 1090519033) (1090519025)
Protection zone: [0x000000001b000000 - 0x000000001b010000), (65536 bytes)


Internal statistics:

num_allocs_failed_limit: 6.
num_arena_births: 1652.
num_arena_deaths: 0.
num_vsnodes_births: 4.
num_vsnodes_deaths: 0.
num_space_committed: 2878.
num_space_uncommitted: 0.
num_chunks_returned_to_freelist: 6.
num_chunks_taken_from_freelist: 8140.
num_chunk_merges: 6.
num_chunk_splits: 6290.
num_chunks_enlarged: 5433.
num_inconsistent_stats: 0.

CodeHeap 'non-profiled nmethods': size=119168Kb used=9929Kb max_used=9929Kb free=109238Kb
 bounds [0x000002c564100000, 0x000002c564ac0000, 0x000002c56b560000]
CodeHeap 'profiled nmethods': size=119168Kb used=22447Kb max_used=25761Kb free=96720Kb
 bounds [0x000002c55c550000, 0x000002c55de90000, 0x000002c5639b0000]
CodeHeap 'non-nmethods': size=7488Kb used=1904Kb max_used=3772Kb free=5583Kb
 bounds [0x000002c5639b0000, 0x000002c563da0000, 0x000002c564100000]
CodeCache: size=245824Kb, used=34280Kb, max_used=39462Kb, free=211541Kb
 total_blobs=18460, nmethods=17463, adapters=897, full_count=0
Compilation: enabled, stopped_count=0, restarted_count=0

Compilation events (20 events):
Event: 285.732 Thread 0x000002c56f5562d0 nmethod 38149 0x000002c55c8c8708 code [0x000002c55c8c8800, 0x000002c55c8c8fb0]
Event: 285.732 Thread 0x000002c56f5562d0 38150       3       java.util.Calendar::getTimeZone (31 bytes)
Event: 285.732 Thread 0x000002c56f5562d0 nmethod 38150 0x000002c55c8c8108 code [0x000002c55c8c8200, 0x000002c55c8c8688]
Event: 286.118 Thread 0x000002c56f5562d0 38151       3       org.postgresql.util.ByteConverter::int8 (121 bytes)
Event: 286.118 Thread 0x000002c56f5562d0 nmethod 38151 0x000002c55c8c7c88 code [0x000002c55c8c7d80, 0x000002c55c8c80a0]
Event: 286.214 Thread 0x000002c56f5562d0 38152       3       org.postgresql.jdbc.FieldMetadata::<init> (20 bytes)
Event: 286.214 Thread 0x000002c56f5562d0 nmethod 38152 0x000002c55c8c7988 code [0x000002c55c8c7a80, 0x000002c55c8c7c48]
Event: 286.310 Thread 0x000002c56f5562d0 38153       3       org.flywaydb.core.internal.database.DatabaseTypeRegister$$Lambda/0x000000001ca8ec80::test (12 bytes)
Event: 286.310 Thread 0x000002c56f5562d0 nmethod 38153 0x000002c55c8c7608 code [0x000002c55c8c7700, 0x000002c55c8c7918]
Event: 286.310 Thread 0x000002c56f5562d0 38154       3       org.flywaydb.core.internal.database.DatabaseTypeRegister::lambda$getDatabaseTypeForConnection$3 (74 bytes)
Event: 286.310 Thread 0x000002c56f5562d0 nmethod 38154 0x000002c55c8c7008 code [0x000002c55c8c7100, 0x000002c55c8c75d0]
Event: 286.310 Thread 0x000002c56f5562d0 38155       3       org.flywaydb.core.api.configuration.ClassicConfiguration::isCommunityDBSupportEnabled (57 bytes)
Event: 286.310 Thread 0x000002c56f5562d0 nmethod 38155 0x000002c55c8c6888 code [0x000002c55c8c6980, 0x000002c55c8c6f98]
Event: 286.310 Thread 0x000002c56f5562d0 38156       3       org.flywaydb.core.internal.database.DatabaseTypeRegister$$Lambda/0x000000001ca8eee0::test (20 bytes)
Event: 286.310 Thread 0x000002c56f5562d0 nmethod 38156 0x000002c55c8c6508 code [0x000002c55c8c6600, 0x000002c55c8c6830]
Event: 286.310 Thread 0x000002c56f5562d0 38157       3       org.flywaydb.core.internal.database.DatabaseTypeRegister::lambda$getDatabaseTypeForConnection$4 (24 bytes)
Event: 286.310 Thread 0x000002c56f5562d0 nmethod 38157 0x000002c55c8c6188 code [0x000002c55c8c6280, 0x000002c55c8c6478]
Event: 288.223 Thread 0x000002c56f5562d0 38158       3       org.flywaydb.core.internal.util.StopWatch::nanoTime (14 bytes)
Event: 288.223 Thread 0x000002c56f5562d0 nmethod 38158 0x000002c55c8c5e88 code [0x000002c55c8c5f80, 0x000002c55c8c60d8]
Event: 288.538 Thread 0x000002c56f540cb0 38159       4       java.lang.String::toLowerCase (8 bytes)

GC Heap Usage History (20 events):
Event: 202.198 {heap Before GC invocations=80 (full 0):
 garbage-first heap   total reserved 524288K, committed 299008K, used 267697K [0x00000000e0000000, 0x0000000100000000)
  region size 1M, 71 eden (71M), 12 survivor (12M), 173 old (173M), 6 humongous (6M), 30 free (30M)
}
Event: 202.205 {heap After GC invocations=81 (full 0):
 garbage-first heap   total reserved 524288K, committed 299008K, used 206696K [0x00000000e0000000, 0x0000000100000000)
  region size 1M, 0 eden (0M), 11 survivor (11M), 186 old (186M), 5 humongous (5M), 90 free (90M)
}
Event: 202.403 {heap Before GC invocations=82 (full 0):
 garbage-first heap   total reserved 524288K, committed 299008K, used 271208K [0x00000000e0000000, 0x0000000100000000)
  region size 1M, 63 eden (63M), 11 survivor (11M), 186 old (186M), 5 humongous (5M), 27 free (27M)
}
Event: 202.410 {heap After GC invocations=83 (full 0):
 garbage-first heap   total reserved 524288K, committed 384000K, used 217843K [0x00000000e0000000, 0x0000000100000000)
  region size 1M, 0 eden (0M), 10 survivor (10M), 198 old (198M), 5 humongous (5M), 162 free (162M)
}
Event: 202.663 {heap Before GC invocations=83 (full 0):
 garbage-first heap   total reserved 524288K, committed 384000K, used 336627K [0x00000000e0000000, 0x0000000100000000)
  region size 1M, 116 eden (116M), 10 survivor (10M), 198 old (198M), 5 humongous (5M), 46 free (46M)
}
Event: 202.673 {heap After GC invocations=84 (full 0):
 garbage-first heap   total reserved 524288K, committed 384000K, used 234496K [0x00000000e0000000, 0x0000000100000000)
  region size 1M, 0 eden (0M), 16 survivor (16M), 208 old (208M), 5 humongous (5M), 146 free (146M)
}
Event: 202.915 {heap Before GC invocations=84 (full 0):
 garbage-first heap   total reserved 524288K, committed 384000K, used 342016K [0x00000000e0000000, 0x0000000100000000)
  region size 1M, 105 eden (105M), 16 survivor (16M), 208 old (208M), 5 humongous (5M), 41 free (41M)
}
Event: 202.926 {heap After GC invocations=85 (full 0):
 garbage-first heap   total reserved 524288K, committed 384000K, used 250880K [0x00000000e0000000, 0x0000000100000000)
  region size 1M, 0 eden (0M), 15 survivor (15M), 225 old (225M), 5 humongous (5M), 130 free (130M)
}
Event: 203.263 {heap Before GC invocations=86 (full 0):
 garbage-first heap   total reserved 524288K, committed 384000K, used 347136K [0x00000000e0000000, 0x0000000100000000)
  region size 1M, 94 eden (94M), 15 survivor (15M), 225 old (225M), 5 humongous (5M), 36 free (36M)
}
Event: 203.268 {heap After GC invocations=87 (full 0):
 garbage-first heap   total reserved 524288K, committed 384000K, used 254833K [0x00000000e0000000, 0x0000000100000000)
  region size 1M, 0 eden (0M), 5 survivor (5M), 240 old (240M), 5 humongous (5M), 125 free (125M)
}
Event: 203.407 {heap Before GC invocations=87 (full 0):
 garbage-first heap   total reserved 524288K, committed 384000K, used 351089K [0x00000000e0000000, 0x0000000100000000)
  region size 1M, 94 eden (94M), 5 survivor (5M), 240 old (240M), 5 humongous (5M), 31 free (31M)
}
Event: 203.412 {heap After GC invocations=88 (full 0):
 garbage-first heap   total reserved 524288K, committed 384000K, used 256475K [0x00000000e0000000, 0x0000000100000000)
  region size 1M, 0 eden (0M), 9 survivor (9M), 237 old (237M), 5 humongous (5M), 124 free (124M)
}
Event: 203.680 {heap Before GC invocations=88 (full 0):
 garbage-first heap   total reserved 524288K, committed 384000K, used 355803K [0x00000000e0000000, 0x0000000100000000)
  region size 1M, 97 eden (97M), 9 survivor (9M), 237 old (237M), 5 humongous (5M), 27 free (27M)
}
Event: 203.683 {heap After GC invocations=89 (full 0):
 garbage-first heap   total reserved 524288K, committed 384000K, used 258941K [0x00000000e0000000, 0x0000000100000000)
  region size 1M, 0 eden (0M), 7 survivor (7M), 241 old (241M), 5 humongous (5M), 122 free (122M)
}
Event: 204.826 {heap Before GC invocations=90 (full 0):
 garbage-first heap   total reserved 524288K, committed 384000K, used 360317K [0x00000000e0000000, 0x0000000100000000)
  region size 1M, 99 eden (99M), 7 survivor (7M), 241 old (241M), 5 humongous (5M), 23 free (23M)
}
Event: 204.828 {heap After GC invocations=91 (full 0):
 garbage-first heap   total reserved 524288K, committed 384000K, used 259965K [0x00000000e0000000, 0x0000000100000000)
  region size 1M, 0 eden (0M), 8 survivor (8M), 241 old (241M), 5 humongous (5M), 121 free (121M)
}
Event: 207.675 {heap Before GC invocations=91 (full 0):
 garbage-first heap   total reserved 524288K, committed 384000K, used 363389K [0x00000000e0000000, 0x0000000100000000)
  region size 1M, 101 eden (101M), 8 survivor (8M), 241 old (241M), 5 humongous (5M), 20 free (20M)
}
Event: 207.687 {heap After GC invocations=92 (full 0):
 garbage-first heap   total reserved 524288K, committed 417792K, used 263246K [0x00000000e0000000, 0x0000000100000000)
  region size 1M, 0 eden (0M), 14 survivor (14M), 239 old (239M), 5 humongous (5M), 150 free (150M)
}
Event: 208.130 {heap Before GC invocations=92 (full 0):
 garbage-first heap   total reserved 524288K, committed 417792K, used 370766K [0x00000000e0000000, 0x0000000100000000)
  region size 1M, 105 eden (105M), 14 survivor (14M), 239 old (239M), 5 humongous (5M), 45 free (45M)
}
Event: 208.135 {heap After GC invocations=93 (full 0):
 garbage-first heap   total reserved 524288K, committed 417792K, used 272870K [0x00000000e0000000, 0x0000000100000000)
  region size 1M, 0 eden (0M), 10 survivor (10M), 252 old (252M), 5 humongous (5M), 141 free (141M)
}

Metaspace Usage History (20 events):
Event: 202.198 {metaspace Before GC invocations=80 (full 0):
 Metaspace       used 175062K, committed 176128K, reserved 1245184K
  class space    used 21123K, committed 21568K, reserved 1048576K
}
Event: 202.205 {metaspace After GC invocations=81 (full 0):
 Metaspace       used 175062K, committed 176128K, reserved 1245184K
  class space    used 21123K, committed 21568K, reserved 1048576K
}
Event: 202.403 {metaspace Before GC invocations=82 (full 0):
 Metaspace       used 175176K, committed 176192K, reserved 1245184K
  class space    used 21135K, committed 21568K, reserved 1048576K
}
Event: 202.410 {metaspace After GC invocations=83 (full 0):
 Metaspace       used 175176K, committed 176192K, reserved 1245184K
  class space    used 21135K, committed 21568K, reserved 1048576K
}
Event: 202.663 {metaspace Before GC invocations=83 (full 0):
 Metaspace       used 175255K, committed 176256K, reserved 1245184K
  class space    used 21138K, committed 21568K, reserved 1048576K
}
Event: 202.673 {metaspace After GC invocations=84 (full 0):
 Metaspace       used 175255K, committed 176256K, reserved 1245184K
  class space    used 21138K, committed 21568K, reserved 1048576K
}
Event: 202.915 {metaspace Before GC invocations=84 (full 0):
 Metaspace       used 175636K, committed 176704K, reserved 1245184K
  class space    used 21178K, committed 21632K, reserved 1048576K
}
Event: 202.926 {metaspace After GC invocations=85 (full 0):
 Metaspace       used 175636K, committed 176704K, reserved 1245184K
  class space    used 21178K, committed 21632K, reserved 1048576K
}
Event: 203.263 {metaspace Before GC invocations=86 (full 0):
 Metaspace       used 176528K, committed 177536K, reserved 1245184K
  class space    used 21329K, committed 21760K, reserved 1048576K
}
Event: 203.268 {metaspace After GC invocations=87 (full 0):
 Metaspace       used 176528K, committed 177536K, reserved 1245184K
  class space    used 21329K, committed 21760K, reserved 1048576K
}
Event: 203.407 {metaspace Before GC invocations=87 (full 0):
 Metaspace       used 176585K, committed 177600K, reserved 1245184K
  class space    used 21329K, committed 21760K, reserved 1048576K
}
Event: 203.412 {metaspace After GC invocations=88 (full 0):
 Metaspace       used 176585K, committed 177600K, reserved 1245184K
  class space    used 21329K, committed 21760K, reserved 1048576K
}
Event: 203.680 {metaspace Before GC invocations=88 (full 0):
 Metaspace       used 178139K, committed 179136K, reserved 1245184K
  class space    used 21612K, committed 22080K, reserved 1048576K
}
Event: 203.683 {metaspace After GC invocations=89 (full 0):
 Metaspace       used 178139K, committed 179136K, reserved 1245184K
  class space    used 21612K, committed 22080K, reserved 1048576K
}
Event: 204.826 {metaspace Before GC invocations=90 (full 0):
 Metaspace       used 182441K, committed 183424K, reserved 1245184K
  class space    used 22098K, committed 22528K, reserved 1048576K
}
Event: 204.828 {metaspace After GC invocations=91 (full 0):
 Metaspace       used 182441K, committed 183424K, reserved 1245184K
  class space    used 22098K, committed 22528K, reserved 1048576K
}
Event: 207.675 {metaspace Before GC invocations=91 (full 0):
 Metaspace       used 182947K, committed 184000K, reserved 1245184K
  class space    used 22138K, committed 22592K, reserved 1048576K
}
Event: 207.687 {metaspace After GC invocations=92 (full 0):
 Metaspace       used 182947K, committed 184000K, reserved 1245184K
  class space    used 22138K, committed 22592K, reserved 1048576K
}
Event: 208.130 {metaspace Before GC invocations=92 (full 0):
 Metaspace       used 183083K, committed 184128K, reserved 1245184K
  class space    used 22142K, committed 22592K, reserved 1048576K
}
Event: 208.135 {metaspace After GC invocations=93 (full 0):
 Metaspace       used 183083K, committed 184128K, reserved 1245184K
  class space    used 22142K, committed 22592K, reserved 1048576K
}

Dll operation events (20 events):
Event: 0.097 Attempting to load shared library C:\Users\Stephan Prantl\.jdks\corretto-26.0.1\bin\net.dll
Event: 0.097 Loaded shared library C:\Users\Stephan Prantl\.jdks\corretto-26.0.1\bin\net.dll
Event: 0.097 Attempting to load shared library C:\Users\Stephan Prantl\.jdks\corretto-26.0.1\bin\nio.dll
Event: 0.098 Loaded shared library C:\Users\Stephan Prantl\.jdks\corretto-26.0.1\bin\nio.dll
Event: 0.101 Attempting to load shared library C:\Users\Stephan Prantl\.jdks\corretto-26.0.1\bin\zip.dll
Event: 0.101 Loaded shared library C:\Users\Stephan Prantl\.jdks\corretto-26.0.1\bin\zip.dll
Event: 0.181 Attempting to load shared library C:\Users\Stephan Prantl\.jdks\corretto-26.0.1\bin\verify.dll
Event: 0.181 Loaded shared library C:\Users\Stephan Prantl\.jdks\corretto-26.0.1\bin\verify.dll
Event: 0.199 Attempting to load shared library C:\Users\Stephan Prantl\.jdks\corretto-26.0.1\bin\jimage.dll
Event: 0.199 Loaded shared library C:\Users\Stephan Prantl\.jdks\corretto-26.0.1\bin\jimage.dll
Event: 0.500 Attempting to load shared library C:\Users\Stephan Prantl\.jdks\corretto-26.0.1\bin\extnet.dll
Event: 0.500 Loaded shared library C:\Users\Stephan Prantl\.jdks\corretto-26.0.1\bin\extnet.dll
Event: 0.565 Attempting to load shared library C:\Users\Stephan Prantl\.jdks\corretto-26.0.1\bin\sunmscapi.dll
Event: 0.566 Loaded shared library C:\Users\Stephan Prantl\.jdks\corretto-26.0.1\bin\sunmscapi.dll
Event: 200.106 Attempting to load shared library C:\Users\Stephan Prantl\.jdks\corretto-26.0.1\bin\management.dll
Event: 200.106 Loaded shared library C:\Users\Stephan Prantl\.jdks\corretto-26.0.1\bin\management.dll
Event: 200.108 Attempting to load shared library C:\Users\Stephan Prantl\.jdks\corretto-26.0.1\bin\management_ext.dll
Event: 200.108 Loaded shared library C:\Users\Stephan Prantl\.jdks\corretto-26.0.1\bin\management_ext.dll
Event: 200.533 Attempting to load shared library C:\Users\Stephan Prantl\.jdks\corretto-26.0.1\bin\instrument.dll
Event: 200.533 Loaded shared library C:\Users\Stephan Prantl\.jdks\corretto-26.0.1\bin\instrument.dll

Deoptimization events (20 events):
Event: 211.187 Thread 0x000002c5536a45c0 Uncommon trap: trap_request=0xffffff45 fr.pc=0x000002c564a338cc relative=0x0000000000000ccc
Event: 211.187 Thread 0x000002c5536a45c0 Uncommon trap: reason=unstable_if action=reinterpret pc=0x000002c564a338cc method=sun.nio.cs.StreamDecoder.implRead([CII)I @ 105 c2
Event: 211.187 Thread 0x000002c5536a45c0 DEOPT PACKING pc=0x000002c564a338cc sp=0x000000e2107f94d0
Event: 211.187 Thread 0x000002c5536a45c0 DEOPT UNPACKING pc=0x000002c563ad4882 sp=0x000000e2107f9368 mode 2
Event: 211.188 Thread 0x000002c5536a45c0 Uncommon trap: trap_request=0xffffff45 fr.pc=0x000002c564a355d4 relative=0x0000000000000954
Event: 211.188 Thread 0x000002c5536a45c0 Uncommon trap: reason=unstable_if action=reinterpret pc=0x000002c564a355d4 method=sun.nio.cs.StreamDecoder.implRead([CII)I @ 105 c2
Event: 211.188 Thread 0x000002c5536a45c0 DEOPT PACKING pc=0x000002c564a355d4 sp=0x000000e2107f9470
Event: 211.188 Thread 0x000002c5536a45c0 DEOPT UNPACKING pc=0x000002c563ad4882 sp=0x000000e2107f9388 mode 2
Event: 211.188 Thread 0x000002c5536a45c0 Uncommon trap: trap_request=0xffffff45 fr.pc=0x000002c564a2e2e0 relative=0x00000000000004e0
Event: 211.188 Thread 0x000002c5536a45c0 Uncommon trap: reason=unstable_if action=reinterpret pc=0x000002c564a2e2e0 method=sun.nio.cs.StreamDecoder.implRead([CII)I @ 105 c2
Event: 211.188 Thread 0x000002c5536a45c0 DEOPT PACKING pc=0x000002c564a2e2e0 sp=0x000000e2107f9520
Event: 211.188 Thread 0x000002c5536a45c0 DEOPT UNPACKING pc=0x000002c563ad4882 sp=0x000000e2107f94e0 mode 2
Event: 216.916 Thread 0x000002c5536a45c0 DEOPT PACKING pc=0x000002c55db5dd5e sp=0x000000e2107f9440
Event: 216.916 Thread 0x000002c5536a45c0 DEOPT UNPACKING pc=0x000002c563a01a02 sp=0x000000e2107f8900 mode 0
Event: 216.995 Thread 0x000002c5536a45c0 Uncommon trap: trap_request=0xffffff66 fr.pc=0x000002c564a6145c relative=0x00000000000001dc
Event: 216.995 Thread 0x000002c5536a45c0 Uncommon trap: reason=loop_limit_check action=maybe_recompile pc=0x000002c564a6145c method=org.flywaydb.core.internal.parser.Parser.getPreviousToken(Ljava/util/List;I)Lorg/flywaydb/core/internal/parser/Token; @ 25 c2
Event: 216.995 Thread 0x000002c5536a45c0 DEOPT PACKING pc=0x000002c564a6145c sp=0x000000e2107f94d0
Event: 216.995 Thread 0x000002c5536a45c0 DEOPT UNPACKING pc=0x000002c563ad4882 sp=0x000000e2107f9440 mode 2
Event: 232.911 Thread 0x000002c5536a45c0 DEOPT PACKING pc=0x000002c55dc8a63f sp=0x000000e2107f8d40
Event: 232.911 Thread 0x000002c5536a45c0 DEOPT UNPACKING pc=0x000002c563a01a02 sp=0x000000e2107f8370 mode 0

Classes loaded (20 events):
Event: 207.994 Loading class org/springframework/web/reactive/HandlerResult
Event: 207.994 Loading class org/springframework/web/reactive/HandlerResult done
Event: 207.995 Loading class org/springframework/security/oauth2/jwt/JwtDecoder
Event: 207.995 Loading class org/springframework/security/oauth2/jwt/JwtDecoder done
Event: 208.018 Loading class org/springframework/integration/monitor/IntegrationMBeanExporter
Event: 208.018 Loading class org/springframework/integration/monitor/IntegrationMBeanExporter done
Event: 208.018 Loading class org/springframework/integration/monitor/IntegrationMBeanExporter
Event: 208.018 Loading class org/springframework/integration/monitor/IntegrationMBeanExporter done
Event: 208.033 Loading class org/springframework/cglib/proxy/Enhancer$EnhancerKey
Event: 208.033 Loading class org/springframework/cglib/proxy/Enhancer$EnhancerKey done
Event: 208.057 Loading class jakarta/ejb/Asynchronous
Event: 208.057 Loading class jakarta/ejb/Asynchronous done
Event: 208.057 Loading class jakarta/enterprise/concurrent/Asynchronous
Event: 208.057 Loading class jakarta/enterprise/concurrent/Asynchronous done
Event: 208.121 Loading class org/h2/Driver
Event: 208.121 Loading class org/h2/Driver done
Event: 208.122 Loading class org/apache/derby/jdbc/EmbeddedDriver
Event: 208.122 Loading class org/apache/derby/jdbc/EmbeddedDriver done
Event: 208.122 Loading class org/hsqldb/jdbc/JDBCDriver
Event: 208.122 Loading class org/hsqldb/jdbc/JDBCDriver done

Classes unloaded (0 events):
No events

Classes redefined (20 events):
Event: 204.086 Thread 0x000002c56f517a80 redefined class name=org.springframework.data.repository.Repository, count=1
Event: 204.086 Thread 0x000002c56f517a80 redefined class name=org.springframework.data.repository.ListPagingAndSortingRepository, count=1
Event: 204.086 Thread 0x000002c56f517a80 redefined class name=org.springframework.data.repository.PagingAndSortingRepository, count=1
Event: 204.086 Thread 0x000002c56f517a80 redefined class name=org.springframework.data.repository.query.QueryByExampleExecutor, count=1
Event: 204.269 Thread 0x000002c56f517a80 redefined class name=jakarta.servlet.http.HttpServletRequest, count=1
Event: 204.269 Thread 0x000002c56f517a80 redefined class name=jakarta.servlet.ServletRequest, count=1
Event: 204.345 Thread 0x000002c56f517a80 redefined class name=jakarta.servlet.http.HttpServletResponse, count=1
Event: 204.345 Thread 0x000002c56f517a80 redefined class name=jakarta.servlet.ServletResponse, count=1
Event: 204.403 Thread 0x000002c56f517a80 redefined class name=java.lang.Object, count=1
Event: 204.529 Thread 0x000002c56f517a80 redefined class name=org.springframework.web.method.HandlerMethod, count=2
Event: 204.529 Thread 0x000002c56f517a80 redefined class name=org.springframework.core.annotation.AnnotatedMethod, count=2
Event: 204.736 Thread 0x000002c56f517a80 redefined class name=java.lang.reflect.Method, count=2
Event: 204.736 Thread 0x000002c56f517a80 redefined class name=java.lang.reflect.Executable, count=2
Event: 204.736 Thread 0x000002c56f517a80 redefined class name=java.lang.reflect.Member, count=2
Event: 204.736 Thread 0x000002c56f517a80 redefined class name=java.lang.reflect.GenericDeclaration, count=2
Event: 204.736 Thread 0x000002c56f517a80 redefined class name=java.lang.reflect.AnnotatedElement, count=2
Event: 204.736 Thread 0x000002c56f517a80 redefined class name=java.lang.reflect.AccessibleObject, count=2
Event: 204.891 Thread 0x000002c56f517a80 redefined class name=at.wrk.tafel.admin.backend.database.model.distribution.DistributionEntity, count=2
Event: 204.891 Thread 0x000002c56f517a80 redefined class name=at.wrk.tafel.admin.backend.database.model.base.BaseChangeTrackingEntity, count=2
Event: 204.891 Thread 0x000002c56f517a80 redefined class name=at.wrk.tafel.admin.backend.database.model.base.BaseEntity, count=2

Internal exceptions (20 events):
Event: 202.954 Thread 0x000002c5536a45c0 Exception <a 'java/lang/NoSuchMethodError'{0x00000000ff6b0b58}: 'void java.lang.invoke.DirectMethodHandle$Holder.invokeStatic(java.lang.Object, java.lang.Object, java.lang.Object, int)'> (0x00000000ff6b0b58) 
thrown [s\src\hotspot\share\interpreter\linkResolver.cpp, line 804]
Event: 202.987 Thread 0x000002c5536a45c0 Exception <a 'java/lang/NoSuchMethodError'{0x00000000f62b7508}: 'java.lang.Object java.lang.invoke.DirectMethodHandle$Holder.invokeStatic(java.lang.Object, int, java.lang.Object, java.lang.Object, java.lang.Object)'> (0x00000000f62b7508) 
thrown [s\src\hotspot\share\interpreter\linkResolver.cpp, line 804]
Event: 202.988 Thread 0x000002c5536a45c0 Exception <a 'java/lang/NoSuchMethodError'{0x00000000f62c84f0}: 'java.lang.Object java.lang.invoke.DirectMethodHandle$Holder.newInvokeSpecial(java.lang.Object, int, java.lang.Object, java.lang.Object)'> (0x00000000f62c84f0) 
thrown [s\src\hotspot\share\interpreter\linkResolver.cpp, line 804]
Event: 203.714 Thread 0x000002c5536a45c0 Exception <a 'java/lang/IncompatibleClassChangeError'{0x00000000ff4819e0}: Found class java.lang.Object, but interface was expected> (0x00000000ff4819e0) 
thrown [s\src\hotspot\share\interpreter\linkResolver.cpp, line 871]
Event: 204.197 Thread 0x000002c5536a45c0 Implicit null exception at 0x000002c5648d93b9 to 0x000002c5648db090
Event: 204.200 Thread 0x000002c5536a45c0 Exception <a 'java/lang/IncompatibleClassChangeError'{0x00000000f3936700}: Found class java.lang.Object, but interface was expected> (0x00000000f3936700) 
thrown [s\src\hotspot\share\interpreter\linkResolver.cpp, line 871]
Event: 207.814 Thread 0x000002c5536a45c0 Exception <a 'sun/nio/fs/WindowsException'{0x00000000f5059558}> (0x00000000f5059558) 
thrown [s\src\hotspot\share\prims\jni.cpp, line 514]
Event: 207.830 Thread 0x000002c5536a45c0 Exception <a 'sun/nio/fs/WindowsException'{0x00000000f4dde970}> (0x00000000f4dde970) 
thrown [s\src\hotspot\share\prims\jni.cpp, line 514]
Event: 208.074 Thread 0x000002c5536a45c0 Exception <a 'java/lang/ArrayIndexOutOfBoundsException'{0x00000000f18ea180}: Index 16 out of bounds for length 16> (0x00000000f18ea180) 
thrown [s\src\hotspot\share\interpreter\interpreterRuntime.cpp, line 420]
Event: 208.074 Thread 0x000002c5536a45c0 Exception <a 'java/lang/ArrayIndexOutOfBoundsException'{0x00000000f18eb218}: Index 16 out of bounds for length 16> (0x00000000f18eb218) 
thrown [s\src\hotspot\share\interpreter\interpreterRuntime.cpp, line 420]
Event: 208.075 Thread 0x000002c5536a45c0 Exception <a 'java/lang/ArrayIndexOutOfBoundsException'{0x00000000f18f43e0}> (0x00000000f18f43e0) 
thrown [s\src\hotspot\share\runtime\sharedRuntime.cpp, line 732]
Event: 208.075 Thread 0x000002c5536a45c0 Exception <a 'java/lang/ArrayIndexOutOfBoundsException'{0x00000000f18f5478}> (0x00000000f18f5478) 
thrown [s\src\hotspot\share\runtime\sharedRuntime.cpp, line 732]
Event: 208.075 Thread 0x000002c5536a45c0 Exception <a 'java/lang/ArrayIndexOutOfBoundsException'{0x00000000f18fe1e0}> (0x00000000f18fe1e0) 
thrown [s\src\hotspot\share\runtime\sharedRuntime.cpp, line 732]
Event: 208.075 Thread 0x000002c5536a45c0 Exception <a 'java/lang/ArrayIndexOutOfBoundsException'{0x00000000f18ff278}> (0x00000000f18ff278) 
thrown [s\src\hotspot\share\runtime\sharedRuntime.cpp, line 732]
Event: 208.076 Thread 0x000002c5536a45c0 Exception <a 'java/lang/ArrayIndexOutOfBoundsException'{0x00000000f17081a8}> (0x00000000f17081a8) 
thrown [s\src\hotspot\share\runtime\sharedRuntime.cpp, line 732]
Event: 208.076 Thread 0x000002c5536a45c0 Exception <a 'java/lang/ArrayIndexOutOfBoundsException'{0x00000000f1709240}> (0x00000000f1709240) 
thrown [s\src\hotspot\share\runtime\sharedRuntime.cpp, line 732]
Event: 208.076 Thread 0x000002c5536a45c0 Exception <a 'java/lang/ArrayIndexOutOfBoundsException'{0x00000000f17118f8}> (0x00000000f17118f8) 
thrown [s\src\hotspot\share\runtime\sharedRuntime.cpp, line 732]
Event: 208.076 Thread 0x000002c5536a45c0 Exception <a 'java/lang/ArrayIndexOutOfBoundsException'{0x00000000f1712990}> (0x00000000f1712990) 
thrown [s\src\hotspot\share\runtime\sharedRuntime.cpp, line 732]
Event: 208.076 Thread 0x000002c5536a45c0 Exception <a 'java/lang/ArrayIndexOutOfBoundsException'{0x00000000f171b650}> (0x00000000f171b650) 
thrown [s\src\hotspot\share\runtime\sharedRuntime.cpp, line 732]
Event: 208.076 Thread 0x000002c5536a45c0 Exception <a 'java/lang/ArrayIndexOutOfBoundsException'{0x00000000f171c6e8}> (0x00000000f171c6e8) 
thrown [s\src\hotspot\share\runtime\sharedRuntime.cpp, line 732]

VM Operations (20 events):
Event: 207.675 Executing safepoint VM operation: G1CollectForAllocation (G1 Evacuation Pause)
Event: 207.687 Executing safepoint VM operation: G1CollectForAllocation (G1 Evacuation Pause) done
Event: 208.130 Executing safepoint VM operation: G1CollectForAllocation (G1 Evacuation Pause)
Event: 208.135 Executing safepoint VM operation: G1CollectForAllocation (G1 Evacuation Pause) done
Event: 228.506 Executing non-safepoint VM operation: HandshakeAllThreads (G1 Java Thread CT swap)
Event: 228.506 Executing non-safepoint VM operation: HandshakeAllThreads (G1 Java Thread CT swap) done
Event: 228.506 Executing non-safepoint VM operation: G1RendezvousGCThreads
Event: 228.506 Executing non-safepoint VM operation: G1RendezvousGCThreads done
Event: 240.474 Executing non-safepoint VM operation: HandshakeAllThreads (DeflationHandshakeClosure)
Event: 240.474 Executing non-safepoint VM operation: HandshakeAllThreads (DeflationHandshakeClosure) done
Event: 240.474 Executing non-safepoint VM operation: RendezvousGCThreads
Event: 240.474 Executing non-safepoint VM operation: RendezvousGCThreads done
Event: 254.494 Executing non-safepoint VM operation: HandshakeAllThreads (G1 Java Thread CT swap)
Event: 254.494 Executing non-safepoint VM operation: HandshakeAllThreads (G1 Java Thread CT swap) done
Event: 254.494 Executing non-safepoint VM operation: G1RendezvousGCThreads
Event: 254.494 Executing non-safepoint VM operation: G1RendezvousGCThreads done
Event: 287.555 Executing non-safepoint VM operation: HandshakeAllThreads (G1 Java Thread CT swap)
Event: 287.555 Executing non-safepoint VM operation: HandshakeAllThreads (G1 Java Thread CT swap) done
Event: 287.555 Executing non-safepoint VM operation: G1RendezvousGCThreads
Event: 287.555 Executing non-safepoint VM operation: G1RendezvousGCThreads done

Memory protections (0 events):
No events

Nmethod flushes (20 events):
Event: 203.753 Thread 0x000002c56f517a80 flushing  nmethod 0x000002c55d7c8208
Event: 203.753 Thread 0x000002c56f517a80 flushing  nmethod 0x000002c55d7c8908
Event: 203.753 Thread 0x000002c56f517a80 flushing  nmethod 0x000002c55d7c8e08
Event: 203.753 Thread 0x000002c56f517a80 flushing  nmethod 0x000002c55d857808
Event: 203.753 Thread 0x000002c56f517a80 flushing  nmethod 0x000002c55d857b08
Event: 203.753 Thread 0x000002c56f517a80 flushing  nmethod 0x000002c55d857f08
Event: 203.753 Thread 0x000002c56f517a80 flushing  nmethod 0x000002c55d858388
Event: 203.753 Thread 0x000002c56f517a80 flushing  nmethod 0x000002c55d87c988
Event: 203.753 Thread 0x000002c56f517a80 flushing  nmethod 0x000002c55d87cd88
Event: 203.753 Thread 0x000002c56f517a80 flushing  nmethod 0x000002c55d87d388
Event: 203.753 Thread 0x000002c56f517a80 flushing  nmethod 0x000002c55d87d688
Event: 203.753 Thread 0x000002c56f517a80 flushing  nmethod 0x000002c55d92a588
Event: 203.753 Thread 0x000002c56f517a80 flushing  nmethod 0x000002c55da11308
Event: 203.753 Thread 0x000002c56f517a80 flushing  nmethod 0x000002c55dd3bd08
Event: 203.753 Thread 0x000002c56f517a80 flushing  nmethod 0x000002c55dd3c408
Event: 203.753 Thread 0x000002c56f517a80 flushing  nmethod 0x000002c55dd3ca08
Event: 203.753 Thread 0x000002c56f517a80 flushing  nmethod 0x000002c55ddc2508
Event: 203.753 Thread 0x000002c56f517a80 flushing  nmethod 0x000002c55ddc4b88
Event: 203.753 Thread 0x000002c56f517a80 flushing  nmethod 0x000002c55ddc5808
Event: 203.753 Thread 0x000002c56f517a80 flushing  nmethod 0x000002c55ddcd888

Events (20 events):
Event: 217.545 Thread 0x000002c574040620 Thread exited: 0x000002c574040620
Event: 217.702 Thread 0x000002c574043e90 Thread exited: 0x000002c574043e90
Event: 218.993 Thread 0x000002c57403fe10 Thread exited: 0x000002c57403fe10
Event: 219.639 Thread 0x000002c56f5562d0 Thread added: 0x000002c57403fe10
Event: 219.639 Thread 0x000002c56f5562d0 Thread added: 0x000002c574043e90
Event: 219.772 Thread 0x000002c57b190640 Thread exited: 0x000002c57b190640
Event: 223.379 Thread 0x000002c574043e90 Thread exited: 0x000002c574043e90
Event: 223.379 Thread 0x000002c57403fe10 Thread exited: 0x000002c57403fe10
Event: 225.780 Thread 0x000002c56f5562d0 Thread added: 0x000002c57403fe10
Event: 225.780 Thread 0x000002c56f5562d0 Thread added: 0x000002c574043e90
Event: 225.780 Thread 0x000002c56f5562d0 Thread added: 0x000002c574040620
Event: 226.449 Thread 0x000002c574040620 Thread exited: 0x000002c574040620
Event: 226.598 Thread 0x000002c574043e90 Thread exited: 0x000002c574043e90
Event: 228.601 Thread 0x000002c57403fe10 Thread exited: 0x000002c57403fe10
Event: 255.521 Thread 0x000002c56f5562d0 Thread added: 0x000002c57403fe10
Event: 255.521 Thread 0x000002c56f5562d0 Thread added: 0x000002c574040620
Event: 256.230 Thread 0x000002c574040620 Thread exited: 0x000002c574040620
Event: 256.230 Thread 0x000002c57403fe10 Thread exited: 0x000002c57403fe10
Event: 267.352 Thread 0x000002c57649afa0 Thread exited: 0x000002c57649afa0
Event: 267.352 Thread 0x000002c57649de80 Thread exited: 0x000002c57649de80


Dynamic libraries:
0x00007ff720060000 - 0x00007ff72006e000 	C:\Users\Stephan Prantl\.jdks\corretto-26.0.1\bin\java.exe
0x00007ffa6cd40000 - 0x00007ffa6cfa6000 	C:\WINDOWS\SYSTEM32\ntdll.dll
0x00007ffa6ad60000 - 0x00007ffa6ae29000 	C:\WINDOWS\System32\KERNEL32.DLL
0x00007ffa6a210000 - 0x00007ffa6a60e000 	C:\WINDOWS\System32\KERNELBASE.dll
0x00007ffa6a910000 - 0x00007ffa6aa5c000 	C:\WINDOWS\System32\ucrtbase.dll
0x00007ffa64c30000 - 0x00007ffa64c47000 	C:\Users\Stephan Prantl\.jdks\corretto-26.0.1\bin\jli.dll
0x00007ffa4ff70000 - 0x00007ffa4ff8e000 	C:\Users\Stephan Prantl\.jdks\corretto-26.0.1\bin\VCRUNTIME140.dll
0x00007ffa6c740000 - 0x00007ffa6c907000 	C:\WINDOWS\System32\USER32.dll
0x00007ffa4c4a0000 - 0x00007ffa4c732000 	C:\WINDOWS\WinSxS\amd64_microsoft.windows.common-controls_6595b64144ccf1df_6.0.26100.8875_none_3e0d5d42e32fe9dd\COMCTL32.dll
0x00007ffa6a020000 - 0x00007ffa6a047000 	C:\WINDOWS\System32\win32u.dll
0x00007ffa6afc0000 - 0x00007ffa6b069000 	C:\WINDOWS\System32\msvcrt.dll
0x00007ffa6c1e0000 - 0x00007ffa6c20b000 	C:\WINDOWS\System32\GDI32.dll
0x00007ffa6a0e0000 - 0x00007ffa6a20a000 	C:\WINDOWS\System32\gdi32full.dll
0x00007ffa6a6e0000 - 0x00007ffa6a783000 	C:\WINDOWS\System32\msvcp_win.dll
0x00007ffa6ac70000 - 0x00007ffa6aca2000 	C:\WINDOWS\System32\IMM32.DLL
0x00007ffa64dc0000 - 0x00007ffa64dcc000 	C:\Users\Stephan Prantl\.jdks\corretto-26.0.1\bin\vcruntime140_1.dll
0x00007ffa3fbf0000 - 0x00007ffa3fc79000 	C:\Users\Stephan Prantl\.jdks\corretto-26.0.1\bin\msvcp140.dll
0x00007ff9a07b0000 - 0x00007ff9a174b000 	C:\Users\Stephan Prantl\.jdks\corretto-26.0.1\bin\server\jvm.dll
0x00007ffa6b080000 - 0x00007ffa6b137000 	C:\WINDOWS\System32\ADVAPI32.dll
0x00007ffa6acb0000 - 0x00007ffa6ad5a000 	C:\WINDOWS\System32\sechost.dll
0x00007ffa6c0c0000 - 0x00007ffa6c1d8000 	C:\WINDOWS\System32\RPCRT4.dll
0x00007ffa6ab40000 - 0x00007ffa6abc0000 	C:\WINDOWS\System32\WS2_32.dll
0x00007ffa69c00000 - 0x00007ffa69c5e000 	C:\WINDOWS\SYSTEM32\POWRPROF.dll
0x00007ffa63a20000 - 0x00007ffa63a2b000 	C:\WINDOWS\SYSTEM32\VERSION.dll
0x00007ffa5a510000 - 0x00007ffa5a546000 	C:\WINDOWS\SYSTEM32\WINMM.dll
0x00007ffa69be0000 - 0x00007ffa69bf4000 	C:\WINDOWS\SYSTEM32\UMPDC.dll
0x00007ffa68c00000 - 0x00007ffa68c1b000 	C:\WINDOWS\SYSTEM32\kernel.appcore.dll
0x00007ffa4fd30000 - 0x00007ffa4fd3a000 	C:\Users\Stephan Prantl\.jdks\corretto-26.0.1\bin\jimage.dll
0x00007ffa50960000 - 0x00007ffa50ba2000 	C:\WINDOWS\SYSTEM32\DBGHELP.DLL
0x00007ffa6b240000 - 0x00007ffa6b5c3000 	C:\WINDOWS\System32\combase.dll
0x00007ffa6bfe0000 - 0x00007ffa6c0b9000 	C:\WINDOWS\System32\OLEAUT32.dll
0x00007ffa4e060000 - 0x00007ffa4e09b000 	C:\WINDOWS\SYSTEM32\dbgcore.DLL
0x00007ffa6a620000 - 0x00007ffa6a6cc000 	C:\WINDOWS\System32\bcryptPrimitives.dll
0x00007ffa4b120000 - 0x00007ffa4b130000 	C:\Users\Stephan Prantl\.jdks\corretto-26.0.1\bin\instrument.dll
0x00007ffa4b6a0000 - 0x00007ffa4b6bf000 	C:\Users\Stephan Prantl\.jdks\corretto-26.0.1\bin\java.dll
0x00007ffa6c910000 - 0x00007ffa6caa9000 	C:\WINDOWS\System32\ole32.dll
0x00007ffa6b5d0000 - 0x00007ffa6bd62000 	C:\WINDOWS\System32\SHELL32.dll
0x00007ffa679e0000 - 0x00007ffa68272000 	C:\WINDOWS\SYSTEM32\windows.storage.dll
0x00007ffa6aec0000 - 0x00007ffa6afb7000 	C:\WINDOWS\System32\SHCORE.dll
0x00007ffa6aa70000 - 0x00007ffa6aad7000 	C:\WINDOWS\System32\shlwapi.dll
0x00007ffa69e80000 - 0x00007ffa69ea9000 	C:\WINDOWS\SYSTEM32\profapi.dll
0x00007ffa49dd0000 - 0x00007ffa49de7000 	C:\Users\Stephan Prantl\.jdks\corretto-26.0.1\bin\zip.dll
0x00007ffa4b670000 - 0x00007ffa4b682000 	C:\Users\Stephan Prantl\.jdks\corretto-26.0.1\bin\net.dll
0x00007ffa69190000 - 0x00007ffa691fc000 	C:\WINDOWS\system32\mswsock.dll
0x00007ffa49fe0000 - 0x00007ffa49ff6000 	C:\Users\Stephan Prantl\.jdks\corretto-26.0.1\bin\nio.dll
0x00007ffa43180000 - 0x00007ffa43190000 	C:\Users\Stephan Prantl\.jdks\corretto-26.0.1\bin\verify.dll
0x00007ffa08fb0000 - 0x00007ffa08fc8000 	C:\WINDOWS\system32\napinsp.dll
0x00007ffa68640000 - 0x00007ffa68796000 	C:\WINDOWS\SYSTEM32\DNSAPI.dll
0x00007ffa68f40000 - 0x00007ffa68f4d000 	C:\WINDOWS\SYSTEM32\DSPARSE.dll
0x00007ffa685b0000 - 0x00007ffa685e3000 	C:\WINDOWS\SYSTEM32\IPHLPAPI.DLL
0x00007ffa6b070000 - 0x00007ffa6b07a000 	C:\WINDOWS\System32\NSI.dll
0x00007ffa09310000 - 0x00007ffa09323000 	C:\WINDOWS\System32\winrnr.dll
0x00007ffa092e0000 - 0x00007ffa09302000 	C:\WINDOWS\system32\nlansp_c.dll
0x00007ffa2c7c0000 - 0x00007ffa2c7d6000 	C:\WINDOWS\system32\wshbth.dll
0x00007ffa62d70000 - 0x00007ffa62d7b000 	C:\Windows\System32\rasadhlp.dll
0x00007ffa62190000 - 0x00007ffa62216000 	C:\WINDOWS\System32\fwpuclnt.dll
0x00007ffa4a5d0000 - 0x00007ffa4a5d9000 	C:\Users\Stephan Prantl\.jdks\corretto-26.0.1\bin\extnet.dll
0x00007ffa4b3f0000 - 0x00007ffa4b3fe000 	C:\Users\Stephan Prantl\.jdks\corretto-26.0.1\bin\sunmscapi.dll
0x00007ffa6a790000 - 0x00007ffa6a908000 	C:\WINDOWS\System32\CRYPT32.dll
0x00007ffa697a0000 - 0x00007ffa697d0000 	C:\WINDOWS\SYSTEM32\ncrypt.dll
0x00007ffa69750000 - 0x00007ffa6978f000 	C:\WINDOWS\SYSTEM32\NTASN1.dll
0x00007ffa1be20000 - 0x00007ffa1be28000 	C:\WINDOWS\system32\wshunix.dll
0x00007ffa695c0000 - 0x00007ffa695db000 	C:\WINDOWS\SYSTEM32\CRYPTSP.dll
0x00007ffa68b60000 - 0x00007ffa68b99000 	C:\WINDOWS\system32\rsaenh.dll
0x00007ffa69250000 - 0x00007ffa69282000 	C:\WINDOWS\SYSTEM32\USERENV.dll
0x00007ffa69e50000 - 0x00007ffa69e7a000 	C:\WINDOWS\SYSTEM32\bcrypt.dll
0x00007ffa69400000 - 0x00007ffa6940c000 	C:\WINDOWS\SYSTEM32\CRYPTBASE.dll
0x00007ffa4d9d0000 - 0x00007ffa4d9da000 	C:\Users\Stephan Prantl\.jdks\corretto-26.0.1\bin\management.dll
0x00007ffa4d3c0000 - 0x00007ffa4d3cc000 	C:\Users\Stephan Prantl\.jdks\corretto-26.0.1\bin\management_ext.dll
0x00007ffa6ac60000 - 0x00007ffa6ac68000 	C:\WINDOWS\System32\PSAPI.DLL

JVMTI agents:
C:\development\repos\admin2\backend\build\tmp\.cache\expanded\zip_27729b840c216bdc69a9315e04b27ab1\jacocoagent.jar path:C:\Users\Stephan Prantl\.jdks\corretto-26.0.1\bin\instrument.dll, loaded, initialized, instrumentlib options:destfile=build/jacoco/test.exec,append=true,inclnolocationclasses=false,dumponexit=true,output=file,jmx=false
C:\Users\Stephan Prantl\.gradle\caches\modules-2\files-2.1\net.bytebuddy\byte-buddy-agent\1.18.10\9426d28828bdcdf42666bb7a68c468279ea78f59\byte-buddy-agent-1.18.10.jar path:C:\Users\Stephan Prantl\.jdks\corretto-26.0.1\bin\instrument.dll, loaded, initialized, dynamic instrumentlib options:none

dbghelp: loaded successfully - version: 4.0.5 - missing functions: none
symbol engine: initialized successfully - sym options: 0x614 - pdb path: .;C:\Users\Stephan Prantl\.jdks\corretto-26.0.1\bin;C:\WINDOWS\SYSTEM32;C:\WINDOWS\WinSxS\amd64_microsoft.windows.common-controls_6595b64144ccf1df_6.0.26100.8875_none_3e0d5d42e32fe9dd;C:\Users\Stephan Prantl\.jdks\corretto-26.0.1\bin\server

VM Arguments:
jvm_args: -Dorg.gradle.internal.worker.tmpdir=C:\development\repos\admin2\backend\build\tmp\test\work -Duser.timezone=Europe/Vienna -javaagent:C:\development\repos\admin2\backend\build\tmp\.cache\expanded\zip_27729b840c216bdc69a9315e04b27ab1\jacocoagent.jar=destfile=build/jacoco/test.exec,append=true,inclnolocationclasses=false,dumponexit=true,output=file,jmx=false -Xmx512m -Dfile.encoding=UTF-8 -Duser.country=DE -Duser.language=de -Duser.variant -ea 
java_command: worker.org.gradle.process.internal.worker.GradleWorkerMain 'Gradle Test Executor 4'
java_class_path (initial): C:\Users\Stephan Prantl\.gradle\caches\9.6.1\workerMain\gradle-worker.jar;C:\development\repos\admin2\backend\build\classes\kotlin\test;C:\development\repos\admin2\backend\build\resources\test;C:\development\repos\admin2\backend\build\classes\java\main;C:\development\repos\admin2\backend\build\classes\kotlin\main;C:\development\repos\admin2\backend\build\resources\main;C:\Users\Stephan Prantl\.gradle\caches\modules-2\files-2.1\tools.jackson.dataformat\jackson-dataformat-xml\3.2.1\89fe0d4787982fd29ccc7416cc9c77b9174caea4\jackson-dataformat-xml-3.2.1.jar;C:\Users\Stephan Prantl\.gradle\caches\modules-2\files-2.1\org.springframework.boot\spring-boot-starter-web\4.1.0\fdc11627f32cb0cfad6adf9c283c7618e450f1a1\spring-boot-starter-web-4.1.0.jar;C:\Users\Stephan Prantl\.gradle\caches\modules-2\files-2.1\org.springframework.boot\spring-boot-starter-jackson\4.1.0\2feada57005e69f8d939815af7400b43f2c07b9e\spring-boot-starter-jackson-4.1.0.jar;C:\Users\Stephan Prantl\.gradle\caches\modules-2\files-2.1\org.springdoc\springdoc-openapi-starter-webmvc-ui\3.1.0\2c0f10ae1f33e4125f42b3fb777b962690b86f67\springdoc-openapi-starter-webmvc-ui-3.1.0.jar;C:\Users\Stephan Prantl\.gradle\caches\modules-2\files-2.1\org.springdoc\springdoc-openapi-starter-webmvc-api\3.1.0\7d8f1418900b44b7ce0d4a04fa9945f728f6e660\springdoc-openapi-starter-webmvc-api-3.1.0.jar;C:\Users\Stephan Prantl\.gradle\caches\modules-2\files-2.1\org.springdoc\springdoc-openapi-starter-common\3.1.0\47a9cf5e6c2623214b9676c49f9e774b9849dd63\springdoc-openapi-starter-common-3.1.0.jar;C:\Users\Stephan Prantl\.gradle\caches\modules-2\files-2.1\org.springframework.boot\spring-boot-jackson\4.1.0\bada14f54b1961279f9942c54b5039c90cd6a252\spring-boot-jackson-4.1.0.jar;C:\Users\Stephan Prantl\.gradle\caches\modules-2\files-2.1\org.flywaydb\flyway-database-postgresql\12.4.0\90fc8dc92bef70c143c4112ad6658f29eea437fd\flyway-database-postgresql-12.4.0.jar;C:\Users\Stephan Prantl\.gradle\caches\modules-2\files-2.1\org.springframework.boot\spring-boot-starter-flyway\4.1.0\a8fe173471dd09bbec901b16a91413863ef0b2d8\spring-boot-starter-flyway-4.1.0.jar;C:\Users\Stephan Prantl\.gradle\caches\modules-2\files-2.1\org.springframework.boot\spring-boot-flyway\4.1.0\a1420738bee6834c52cb9bf7ce66935c6ac98a75\spring-boot-flyway-4.1.0.jar;C:\Users\Stephan Prantl\.gradle\caches\modules-2\files-2.1\org.flywaydb\flyway-core\12.4.0\8dfd90404bb9b6fd4727c67ccbe9a7dfa20c0e53\flyway-core-12.4.0.jar;C:\Users\Stephan Prantl\.gradle\caches\modules-2\files-2.1\tools.jackson.core\jackson-databind\3.2.1\363dc46ceb44a97cba68cb0e9da4a3cb5bf723d4\jackson-databind-3.2.1.jar;C:\Users\Stephan Prantl\.gradle\caches\modules-2\files-2.1\tools.jackson.core\jackson-core\3.2.1\5bff2a525073cff8a8206751f6f6bc4650b81b94\jackson-core-3.2.1.jar;C:\Users\Stephan Prantl\.gradle\caches\modules-2\files-2.1\tools.jackson.module\jackson-module-kotlin\3.2.1\5736cce26dbd34c33ac0b1af4fd66928336d87d\jackson-module-kotlin-3.2.1.jar;C:\Users\Stephan Prantl\.gradle\caches\modules-2\files-2.1\io.mockk\mockk-jvm\1.14.11\fbe5737bad60ed64774cb6865ce3aaae923d7588\mockk-jvm-1.14.11.jar;C:\Users\Stephan Prantl\.gradle\caches\modules-2\files-2.1\io.mockk\mockk-dsl-jvm\1.14.11\c8ce749d4a56913062655bb9058adb8d1f772068\mockk-dsl-jvm-1.14.11.jar;C:\Users\Stephan Prantl\.gradle\caches\modules-2\files-2.1\io.mockk\mockk-agent-jvm\1.14.11\e1e1acc201dc6ec3bfb9d2d8f10e5960eda3c9f0\mockk-agent-jvm-1.14.11.jar;C:\Users\Stephan Prantl\.gradle\caches\modules-2\files-2.1\io.mockk\mockk-core-jvm\1.14.11\79bd4a6018f7cf10b6b5cc539048804f1225cc21\mockk-core-jvm-1.14.11.jar;C:\Users\Stephan Prantl\.gradle\caches\modules-2\files-2.1\org.jetbrains.kotlin\kotlin-reflect\2.4.10\b413f69cc12908061adefa8b7161274b46a17752\kotlin-reflect-2.4.10.jar;C:\Users\Stephan Prantl\.gradle\caches\modules-2\files-2.1\io.github.g0dkar\qrcode-kotlin-jvm\4.5.0\58ff6fc70ea401d806f7608b8d0203f18c713211\qrcode-kotlin-jvm-4.5.0.jar;C:\Users\Stephan Prantl\.gradle\caches\modules-2\files-2.1\org.jetbrains.kotlin\kotlin-stdlib-jdk7\2.4.10\1a2328fa30364b3e20416f466f05ea9e5dc95ee8\kotlin-stdlib-jdk7-2.4.10.jar;C:\Users\Stephan Prantl\.gradle\caches\modules-2\files-2.1\org.jetbrains.kotlinx\kotlinx-coroutines-core-jvm\1.11.0\3d57dc678bd8d72a60e7adf0eca5c54e3f4f4b79\kotlinx-coroutines-core-jvm-1.11.0.jar;C:\Users\Stephan Prantl\.gradle\caches\modules-2\files-2.1\io.mockk\mockk-agent-api-jvm\1.14.11\a823c7aebc0396b4201c0d397ac352fad30c76d8\mockk-agent-api-jvm-1.14.11.jar;C:\Users\Stephan Prantl\.gradle\caches\modules-2\files-2.1\org.jetbrains.kotlin\kotlin-stdlib\2.4.10\8943c84ddc6d5cc00a10dbc3736c397066eeaab5\kotlin-stdlib-2.4.10.jar;C:\Users\Stephan Prantl\.gradle\caches\modules-2\files-2.1\org.jetbrains.kotlin\kotlin-stdlib-jdk8\2.4.10\9502a89455064a43ac526d15d132a57bedfd8d8e\kotlin-stdlib-jdk8-2.4.10.jar;C:\Users\Stephan Prantl\.gradle\caches\modules-2\files-2.1\org.springframework.boot\spring-boot-starter-actuator\4.1.0\bd15774d0bb852ab3d4f3bdbf7b134a51ef8063d\spring-boot-starter-actuator-4.1.0.jar;C:\Users\Stephan Prantl\.gradle\caches\modules-2\files-2.1\org.springframework.boot\spring-boot-starter-validation\4.1.0\36c16acdbe1b86463616aeb218f18764c9baff2d\spring-boot-starter-validation-4.1.0.jar;C:\Users\Stephan Prantl\.gradle\caches\modules-2\files-2.1\org.springframework.boot\spring-boot-starter-data-jpa-test\4.1.0\45b886e65ad640f46dd225aaa252c6b1b64e290a\spring-boot-starter-data-jpa-test-4.1.0.jar;C:\Users\Stephan Prantl\.gradle\caches\modules-2\files-2.1\org.springframework.boot\spring-boot-starter-data-jpa\4.1.0\252e31911d5042a8ae811ad9bfc3e18ec4ac42a5\spring-boot-starter-data-jpa-4.1.0.jar;C:\Users\Stephan Prantl\.gradle\caches\modules-2\files-2.1\org.springframework.boot\spring-boot-starter-jdbc-test\4.1.0\581473dc473de034683c089f1fb223334b36793c\spring-boot-starter-jdbc-test-4.1.0.jar;C:\Users\Stephan Prantl\.gradle\caches\modules-2\files-2.1\org.springframework.boot\spring-boot-starter-jdbc\4.1.0\aa7c6585dd28891cb052d95606776076b5445df2\spring-boot-starter-jdbc-4.1.0.jar;C:\Users\Stephan Prantl\.gradle\caches\modules-2\files-2.1\org.springframework.boot\spring-boot-starter-security\4.1.0\6993d3e5d7bcc0fb4e8e6aab775bc25b197ef814\spring-boot-starter-security-4.1.0.jar;C:\Users\Stephan Prantl\.gradle\caches\modules-2\files-2.1\org.springframework.boot\spring-boot-starter-mail\4.1.0\9404230e81be0a7595a014069afc61f81e63b0ed\spring-boot-starter-mail-4.1.0.jar;C:\Users\Stephan Prantl\.gradle\caches\modules-2\files-2.1\org.springframework.boot\spring-boot-starter-thymeleaf\4.1.0\d3252bc119bc8a5cae3669324e3e13d4f25b6507\spring-boot-starter-thymeleaf-4.1.0.jar;C:\Users\Stephan Prantl\.gradle\caches\modules-2\files-2.1\org.springframework.modulith\spring-modulith-starter-test\2.1.0\656d08878f7bff24808c37a6cfe8b0853f03e38b\spring-modulith-starter-test-2.1.0.jar;C:\Users\Stephan Prantl\.gradle\caches\modules-2\files-2.1\org.springframework.modulith\spring-modulith-test\2.1.0\2b982ffb6734283361cd2a522db9b49d30b7c946\spring-modulith-test-2.1.0.jar;C:\Users\Stephan Prantl\.gradle\caches\modules-2\files-2.1\org.springframework.modulith\spring-modulith-docs\2.1.0\4a37fb6cc8299ac077ba9ce9a23482d6965f3f3d\spring-modulith-docs-2.1.0.jar;C:\Users\Stephan Prantl\.gradle\caches\modules-2\files-2.1\org.springframework.modulith\spring-modulith-core\2.1.0\2d0caeff1f74590347d01fbf58aa23cf9b9d5b4b\spring-modulith-core-2.1.0.jar;C:\Users\Stephan Prantl\.gradle\caches\modules-2\files-2.1\org.springframework.modulith\spring-modulith-api\2.1.0\44a432133d0b5a0b54ac056662a2db74588dd29f\spring-modulith-api-2.1.0.jar;C:\Users\Stephan Prantl\.gradle\caches\modules-2\files-2.1\org.springframework.cloud\spring-cloud-context\5.0.2\e4e7dae65086cdefe008f34448e7780241264d61\spring-cloud-context-5.0.2.jar;C:\Users\Stephan Prantl\.gradle\caches\modules-2\files-2.1\org.springframework.security\spring-security-messaging\7.1.0\97b300d0f90834351c43645867e7465b281aa0e0\spring-security-messaging-7.1.0.jar;C:\Users\Stephan Prantl\.gradle\caches\modules-2\files-2.1\org.springframework.retry\spring-retry\2.0.13\4cf3f0ec5decf3c510c5331401ee55de209b454e\spring-retry-2.0.13.jar;C:\Users\Stephan Prantl\.gradle\caches\modules-2\files-2.1\org.postgresql\postgresql\42.7.13\a6e1bd21b412d6ffb3df23cd13d507bc2cc9e37d\postgresql-42.7.13.jar;C:\Users\Stephan Prantl\.gradle\caches\modules-2\files-2.1\io.jsonwebtoken\jjwt-impl\0.13.0\9e7c70dd7014909556755fb01c465dd184b4b1d9\jjwt-impl-0.13.0.jar;C:\Users\Stephan Prantl\.gradle\caches\modules-2\files-2.1\io.jsonwebtoken\jjwt-jackson\0.13.0\cfe37531887657716ec20b5ef22f22b32e8bf4a8\jjwt-jackson-0.13.0.jar;C:\Users\Stephan Prantl\.gradle\caches\modules-2\files-2.1\io.jsonwebtoken\jjwt-api\0.13.0\ce631a0342b08953355f333b488d2b03445b9f3e\jjwt-api-0.13.0.jar;C:\Users\Stephan Prantl\.gradle\caches\modules-2\files-2.1\org.bouncycastle\bcprov-jdk18on\1.85\2320b854dffe134687f7266bb22021b779e576d3\bcprov-jdk18on-1.85.jar;C:\Users\Stephan Prantl\.gradle\caches\modules-2\files-2.1\org.apache.xmlgraphics\fop\2.11\6f7cd66a9d4cde80b04d544682122106cf765670\fop-2.11.jar;C:\Users\Stephan Prantl\.gradle\caches\modules-2\files-2.1\org.passay\passay\2.0.0\5fc4ed43d7a205515099d6884cd46799abfa11b9\passay-2.0.0.jar;C:\Users\Stephan Prantl\.gradle\caches\modules-2\files-2.1\org.apache.commons\commons-csv\1.14.1\467354980fade8528b6a9f9bdf7f4f19ab9b3373\commons-csv-1.14.1.jar;C:\Users\Stephan Prantl\.gradle\caches\modules-2\files-2.1\org.testcontainers\testcontainers-junit-jupiter\2.0.5\89bd1ef45ec60b17b323c747da1e6f2af6187543\testcontainers-junit-jupiter-2.0.5.jar;C:\Users\Stephan Prantl\.gradle\caches\modules-2\files-2.1\org.testcontainers\testcontainers-postgresql\2.0.5\a7a9f748bb0e043098d3fc36d4929538ee0f6de8\testcontainers-postgresql-2.0.5.jar;C:\Users\Stephan Prantl\.gradle\caches\modules-2\files-2.1\org.testcontainers\testcontainers-jdbc\2.0.5\8b93b3febba94df8a3bd67c9fde8f63c8ddf2177\testcontainers-jdbc-2.0.5.jar;C:\Users\Stephan Prantl\.gradle\caches\modules-2\files-2.1\org.testcontainers\testcontainers-database-commons\2.0.5\bc1eeea337c461c108507f596122b3e6fdb62122\testcontainers-database-commons-2.0.5.jar;C:\Users\Stephan Prantl\.gradle\caches\modules-2\files-2.1\org.testcontainers\testcontainers\2.0.5\7e5013c78fd678ba8958db23c6883274019f2f2f\testcontainers-2.0.5.jar;C:\Users\Stephan Prantl\.gradle\caches\modules-2\files-2.1\org.apache.commons\commons-compress\1.28.0\e482f2c7a88dac3c497e96aa420b6a769f59c8d7\commons-compress-1.28.0.jar;C:\Users\Stephan Prantl\.gradle\caches\modules-2\files-2.1\io.swagger.core.v3\swagger-core-jakarta\2.2.52\a0e9e1f3c23867c1db9a811722b927826419bc2f\swagger-core-jakarta-2.2.52.jar;C:\Users\Stephan Prantl\.gradle\caches\modules-2\files-2.1\org.apache.commons\commons-lang3\3.20.0\65897b3e5731220962e659e001904af3c3cbeba9\commons-lang3-3.20.0.jar;C:\Users\Stephan Prantl\.gradle\caches\modules-2\files-2.1\com.fasterxml.jackson.dataformat\jackson-dataformat-yaml\2.22.1\af5fde2414e4a8d2617e7890f7068c26b5b66a33\jackson-dataformat-yaml-2.22.1.jar;C:\Users\Stephan Prantl\.gradle\caches\modules-2\files-2.1\com.fasterxml.jackson.datatype\jackson-datatype-jsr310\2.22.1\3377a0589c1b0e62bbe245ac8e9f56fa7d7b8bb9\jackson-datatype-jsr310-2.22.1.jar;C:\Users\Stephan Prantl\.gradle\caches\modules-2\files-2.1\com.fasterxml.jackson.core\jackson-core\2.22.1\da7ffb60088d7e8f37ecdd3b617520971cc7b9bf\jackson-core-2.22.1.jar;C:\Users\Stephan Prantl\.gradle\caches\modules-2\files-2.1\com.fasterxml.jackson.core\jackson-databind\2.22.1\9e2fb91831cce9cb9262909cd76647508949f232\jackson-databind-2.22.1.jar;C:\Users\Stephan Prantl\.gradle\caches\modules-2\files-2.1\io.micrometer\micrometer-registry-prometheus\1.17.0\13f882d6ff49ea5088b1b3746775f072d8524ecf\micrometer-registry-prometheus-1.17.0.jar;C:\Users\Stephan Prantl\.gradle\caches\modules-2\files-2.1\org.springframework.boot\spring-boot-starter-test\4.1.0\9fdedc132b9cd2ba57857c7f17357def9300cd95\spring-boot-starter-test-4.1.0.jar;C:\Users\Stephan Prantl\.gradle\caches\modules-2\files-2.1\org.springframework.security\spring-security-test\7.1.0\11082fab18389cc1e4c468df50f2ee1a9d36607a\spring-security-test-7.1.0.jar;C:\Users\Stephan Prantl\.gradle\caches\modules-2\files-2.1\com.tngtech.archunit\archunit-junit5\1.5.0\df26f39aa72231cfbcbe8c0f7c9bf3846d10cc29\archunit-junit5-1.5.0.jar;C:\Users\Stephan Prantl\.gradle\caches\modules-2\files-2.1\org.apache.pdfbox\pdfbox\3.0.8\c5d8c0b56aa156d64283f07729215a9938be2e69\pdfbox-3.0.8.jar;C:\Users\Stephan Prantl\.gradle\caches\modules-2\files-2.1\com.github.romankh3\image-comparison\4.4.0\fc1415796c6069f9942a83df124b2ff65155744c\image-comparison-4.4.0.jar;C:\Users\Stephan Prantl\.gradle\caches\modules-2\files-2.1\org.awaitility\awaitility\4.3.0\f0c0bc1e404e500bab3f498b922eaedeae1c0207\awaitility-4.3.0.jar;C:\Users\Stephan Prantl\.gradle\caches\modules-2\files-2.1\org.springframework.boot\spring-boot-data-jpa-test\4.1.0\e42e3b676e832da183be0490f3d74014a151c516\spring-boot-data-jpa-test-4.1.0.jar;C:\Users\Stephan Prantl\.gradle\caches\modules-2\files-2.1\org.springframework.boot\spring-boot-data-jpa\4.1.0\d29dbdc6734afe2f4d5c56cf3112c491c3582642\spring-boot-data-jpa-4.1.0.jar;C:\Users\Stephan Prantl\.gradle\caches\modules-2\files-2.1\org.springframework.boot\spring-boot-hibernate\4.1.0\af702315125871004a8a7df290f55ac5e5617d91\spring-boot-hibernate-4.1.0.jar;C:\Users\Stephan Prantl\.gradle\caches\modules-2\files-2.1\org.springframework.boot\spring-boot-jpa-test\4.1.0\20cb01816cc1165232940cca7116a5b7a15a2b7d\spring-boot-jpa-test-4.1.0.jar;C:\Users\Stephan Prantl\.gradle\caches\modules-2\files-2.1\org.springframework.boot\spring-boot-jpa\4.1.0\bf645cdf194c71f829225793a5d6545d9dfe96ae\spring-boot-jpa-4.1.0.jar;C:\Users\Stephan Prantl\.gradle\caches\modules-2\files-2.1\com.github.docker-java\docker-java-api\3.7.1\2df91233a782749e85139991cc94d4ef40b59038\docker-java-api-3.7.1.jar;C:\Users\Stephan Prantl\.gradle\caches\modules-2\files-2.1\com.structurizr\structurizr-export\5.0.3\c6a3ddeda5da312d05c5d4ec0640fb0e04ab3f6a\structurizr-export-5.0.3.jar;C:\Users\Stephan Prantl\.gradle\caches\modules-2\files-2.1\com.structurizr\structurizr-core\5.0.3\a7dc28111d49939a2d4e8a947cddf9134d7d524a\structurizr-core-5.0.3.jar;C:\Users\Stephan Prantl\.gradle\caches\modules-2\files-2.1\io.swagger.core.v3\swagger-models-jakarta\2.2.52\56506ea5ef31546ae741e06532e63c43ca937c56\swagger-models-jakarta-2.2.52.jar;C:\Users\Stephan Prantl\.gradle\caches\modules-2\files-2.1\com.fasterxml.jackson.core\jackson-annotations\2.22\15c67f9498d6934cff9510fc70c5a12e52290457\jackson-annotations-2.22.jar;C:\Users\Stephan Prantl\.gradle\caches\modules-2\files-2.1\org.webjars\swagger-ui\5.32.11\87f61a7e69ca597db9d1825e6c3d03035d74ee26\swagger-ui-5.32.11.jar;C:\Users\Stephan Prantl\.gradle\caches\modules-2\files-2.1\org.springframework.boot\spring-boot-jdbc-test\4.1.0\543e2129f10be95d9cdad17a639e1500469edf3b\spring-boot-jdbc-test-4.1.0.jar;C:\Users\Stephan Prantl\.gradle\caches\modules-2\files-2.1\org.springframework.boot\spring-boot-jdbc\4.1.0\71f00c6af0ae910530d9fce8f5ae6e54c595f690\spring-boot-jdbc-4.1.0.jar;C:\Users\Stephan Prantl\.gradle\caches\modules-2\files-2.1\org.junit.platform\junit-platform-launcher\6.0.3\4a721cdd640ebdaa4c6850f5eee0b0377cf698b0\junit-platform-launcher-6.0.3.jar;C:\Users\Stephan Prantl\.gradle\caches\modules-2\files-2.1\org.junit.jupiter\junit-jupiter-engine\6.0.3\e26f7e17d06cfc85ba7643b5ad00c87d5f2084dd\junit-jupiter-engine-6.0.3.jar;C:\Users\Stephan Prantl\.gradle\caches\modules-2\files-2.1\org.junit.jupiter\junit-jupiter-params\6.0.3\6cd3efadd171a3ddd70413868a9c3af988a45907\junit-jupiter-params-6.0.3.jar;C:\Users\Stephan Prantl\.gradle\caches\modules-2\files-2.1\com.tngtech.archunit\archunit-junit5-engine\1.5.0\2c9da99b525de9e89355b6981436285e2a3d7b7a\archunit-junit5-engine-1.5.0.jar;C:\Users\Stephan Prantl\.gradle\caches\modules-2\files-2.1\com.tngtech.archunit\archunit-junit5-engine-api\1.5.0\2f4a3ef8e051b4c069521b8469f0cd4dab25e14b\archunit-junit5-engine-api-1.5.0.jar;C:\Users\Stephan Prantl\.gradle\caches\modules-2\files-2.1\org.junit.platform\junit-platform-engine\6.0.3\101305612e7daa4ce978d3ba73fd02dd4a5f22d9\junit-platform-engine-6.0.3.jar;C:\Users\Stephan Prantl\.gradle\caches\modules-2\files-2.1\org.junit.platform\junit-platform-commons\6.0.3\1093a7faa2ba47c28aa83f378d9a2083463bb20c\junit-platform-commons-6.0.3.jar;C:\Users\Stephan Prantl\.gradle\caches\modules-2\files-2.1\org.junit.jupiter\junit-jupiter\6.0.3\da72f4bc0feccbca639b901ace26e3a62512ebec\junit-jupiter-6.0.3.jar;C:\Users\Stephan Prantl\.gradle\caches\modules-2\files-2.1\org.mockito\mockito-junit-jupiter\5.23.0\e66b5f34ffea58bf4388aba58f66a209daeba4fd\mockito-junit-jupiter-5.23.0.jar;C:\Users\Stephan Prantl\.gradle\caches\modules-2\files-2.1\org.junit.jupiter\junit-jupiter-api\6.0.3\2e6cfb62db85350179f0408ed5270f7cdf8cefda\junit-jupiter-api-6.0.3.jar;C:\Users\Stephan Prantl\.gradle\caches\modules-2\files-2.1\org.springframework.boot\spring-boot-security\4.1.0\1fe5f10c43305d43d8ac22ae5b721010f4394449\spring-boot-security-4.1.0.jar;C:\Users\Stephan Prantl\.gradle\caches\modules-2\files-2.1\org.springframework.security\spring-security-web\7.1.0\cec1635393d11a56da5ff111253c88056d5cc0eb\spring-security-web-7.1.0.jar;C:\Users\Stephan Prantl\.gradle\caches\modules-2\files-2.1\org.springframework.security\spring-security-config\7.1.0\ebc863ad43703c6f5517881e16d3d73de80cd193\spring-security-config-7.1.0.jar;C:\Users\Stephan Prantl\.gradle\caches\modules-2\files-2.1\org.springframework.security\spring-security-core\7.1.0\50064b46aed22d05aa181b2c95d47989c7c99160\spring-security-core-7.1.0.jar;C:\Users\Stephan Prantl\.gradle\caches\modules-2\files-2.1\org.springframework.boot\spring-boot-health\4.1.0\5ac1d047f93ca1658bfcfda813b5da3f5bb6765b\spring-boot-health-4.1.0.jar;C:\Users\Stephan Prantl\.gradle\caches\modules-2\files-2.1\org.springframework.boot\spring-boot-webmvc\4.1.0\2cb542ef7d4fa572d3031616544db20b6f7de4c7\spring-boot-webmvc-4.1.0.jar;C:\Users\Stephan Prantl\.gradle\caches\modules-2\files-2.1\org.springframework.boot\spring-boot-http-converter\4.1.0\c3b90921e920dfa7dcb78a5045f18ca0e4bc0b44\spring-boot-http-converter-4.1.0.jar;C:\Users\Stephan Prantl\.gradle\caches\modules-2\files-2.1\org.springframework.boot\spring-boot-validation\4.1.0\fcd0b07c0c7e29f42e495f91710154dbc81d2c8c\spring-boot-validation-4.1.0.jar;C:\Users\Stephan Prantl\.gradle\caches\modules-2\files-2.1\org.springframework.boot\spring-boot-mail\4.1.0\b8051f1cfbd57903eaa11612f6a1e51828e6fe8c\spring-boot-mail-4.1.0.jar;C:\Users\Stephan Prantl\.gradle\caches\modules-2\files-2.1\org.springframework.boot\spring-boot-thymeleaf\4.1.0\eea0a2aaa94223eac5641e791eba22d4182517b4\spring-boot-thymeleaf-4.1.0.jar;C:\Users\Stephan Prantl\.gradle\caches\modules-2\files-2.1\org.springframework.boot\spring-boot-test-autoconfigure\4.1.0\d8c05e21151a63ae829cd313418b942c92334874\spring-boot-test-autoconfigure-4.1.0.jar;C:\Users\Stephan Prantl\.gradle\caches\modules-2\files-2.1\org.springframework.boot\spring-boot-test\4.1.0\f6c9cb2cc423397ce6c7c8ab5eb4296734290ad0\spring-boot-test-4.1.0.jar;C:\Users\Stephan Prantl\.gradle\caches\modules-2\files-2.1\org.springframework.boot\spring-boot-starter-micrometer-metrics\4.1.0\e2b5a25dd872e30d15832626c0789db9a4c3657\spring-boot-starter-micrometer-metrics-4.1.0.jar;C:\Users\Stephan Prantl\.gradle\caches\modules-2\files-2.1\org.springframework.boot\spring-boot-starter-tomcat\4.1.0\6dbb6ad6bb33b7f1ce15a5822cfd1443966245e0\spring-boot-starter-tomcat-4.1.0.jar;C:\Users\Stephan Prantl\.gradle\caches\modules-2\files-2.1\org.springframework.boot\spring-boot-starter\4.1.0\4d1f5fcf982ec75223a3ee44169e268b6dd044f7\spring-boot-starter-4.1.0.jar;C:\Users\Stephan Prantl\.gradle\caches\modules-2\files-2.1\org.springframework.boot\spring-boot-actuator-autoconfigure\4.1.0\a8c1a01cc75f6d39eb795d5cbc7c05d4b6c93ed\spring-boot-actuator-autoconfigure-4.1.0.jar;C:\Users\Stephan Prantl\.gradle\caches\modules-2\files-2.1\org.springframework.boot\spring-boot-autoconfigure\4.1.0\a921df4e39389e43dacac5615a1185708ee8a960\spring-boot-autoconfigure-4.1.0.jar;C:\Users\Stephan Prantl\.gradle\caches\modules-2\files-2.1\org.springframework.boot\spring-boot-micrometer-metrics\4.1.0\91c5d35269ce2ae1b832180617b9a52fbfec4f29\spring-boot-micrometer-metrics-4.1.0.jar;C:\Users\Stephan Prantl\.gradle\caches\modules-2\files-2.1\org.springframework.boot\spring-boot-actuator\4.1.0\aff3955601271f4efdff207afeffa832fcb2835f\spring-boot-actuator-4.1.0.jar;C:\Users\Stephan Prantl\.gradle\caches\modules-2\files-2.1\org.springframework.boot\spring-boot-servlet\4.1.0\a067e9b4b7c255a8587852b6eb842413cc458e70\spring-boot-servlet-4.1.0.jar;C:\Users\Stephan Prantl\.gradle\caches\modules-2\files-2.1\org.springframework.boot\spring-boot-sql\4.1.0\7a5ef86020d10e926b2e98e1d7b4b79258fb2f38\spring-boot-sql-4.1.0.jar;C:\Users\Stephan Prantl\.gradle\caches\modules-2\files-2.1\org.springframework.boot\spring-boot-transaction\4.1.0\93b102fb7c2eb6558b8e52fb24f1152c837db3f6\spring-boot-transaction-4.1.0.jar;C:\Users\Stephan Prantl\.gradle\caches\modules-2\files-2.1\org.springframework.boot\spring-boot-data-commons\4.1.0\3d587cffcde8c18fa784e0486a2c0a8a4728f262\spring-boot-data-commons-4.1.0.jar;C:\Users\Stephan Prantl\.gradle\caches\modules-2\files-2.1\org.springframework.boot\spring-boot-starter-tomcat-runtime\4.1.0\6107a851e178c1233b64634270b11b8d5490733a\spring-boot-starter-tomcat-runtime-4.1.0.jar;C:\Users\Stephan Prantl\.gradle\caches\modules-2\files-2.1\org.springframework.boot\spring-boot-tomcat\4.1.0\502aeed70cb11c3754c365324acd9f3ee746354\spring-boot-tomcat-4.1.0.jar;C:\Users\Stephan Prantl\.gradle\caches\modules-2\files-2.1\org.springframework.boot\spring-boot-web-server\4.1.0\e67513b382c2cef7b8bc364e8e85cd7f0940e331\spring-boot-web-server-4.1.0.jar;C:\Users\Stephan Prantl\.gradle\caches\modules-2\files-2.1\org.springframework.boot\spring-boot-micrometer-observation\4.1.0\f0e219fbac48d71acbabd7f4c8116f58d72d4102\spring-boot-micrometer-observation-4.1.0.jar;C:\Users\Stephan Prantl\.gradle\caches\modules-2\files-2.1\org.springframework.boot\spring-boot-persistence\4.1.0\12b6d5aa8a97c458a5c8eba8e8cb0e38e326d9d8\spring-boot-persistence-4.1.0.jar;C:\Users\Stephan Prantl\.gradle\caches\modules-2\files-2.1\org.springframework.boot\spring-boot\4.1.0\bcf26d4c27ab080ef60c13220e96a37d687f9e26\spring-boot-4.1.0.jar;C:\Users\Stephan Prantl\.gradle\caches\modules-2\files-2.1\org.springframework\spring-webmvc\7.0.8\d08172cf66f9625a42935d596ca4c83d21265996\spring-webmvc-7.0.8.jar;C:\Users\Stephan Prantl\.gradle\caches\modules-2\files-2.1\org.springframework.data\spring-data-jpa\4.1.0\6387c88a4a9637f129e0ebcad50ada478ad01c3f\spring-data-jpa-4.1.0.jar;C:\Users\Stephan Prantl\.gradle\caches\modules-2\files-2.1\org.springframework\spring-context-support\7.0.8\1c9bd9da34fca09f3423d86f8e33bd9c099232eb\spring-context-support-7.0.8.jar;C:\Users\Stephan Prantl\.gradle\caches\modules-2\files-2.1\org.springframework\spring-context\7.0.8\6c58b590fd8d71afc36797cf6555e82500f1eb64\spring-context-7.0.8.jar;C:\Users\Stephan Prantl\.gradle\caches\modules-2\files-2.1\org.springframework\spring-aop\7.0.8\b73e58e9b7dbc4db6b4ebbe3336be0e901b0d261\spring-aop-7.0.8.jar;C:\Users\Stephan Prantl\.gradle\caches\modules-2\files-2.1\org.springframework\spring-messaging\7.0.8\2379224f4c36aeaeceb706750138b8ca9d265916\spring-messaging-7.0.8.jar;C:\Users\Stephan Prantl\.gradle\caches\modules-2\files-2.1\org.springframework\spring-web\7.0.8\d7cddac31ee023d25d37f48e2ff0e168cf635c14\spring-web-7.0.8.jar;C:\Users\Stephan Prantl\.gradle\caches\modules-2\files-2.1\org.springframework\spring-orm\7.0.8\8c40fad8ecc72337353818da54ef2d104b3fa7a9\spring-orm-7.0.8.jar;C:\Users\Stephan Prantl\.gradle\caches\modules-2\files-2.1\org.springframework\spring-jdbc\7.0.8\f979da380cd01fd363510ca98a7f544d1959a914\spring-jdbc-7.0.8.jar;C:\Users\Stephan Prantl\.gradle\caches\modules-2\files-2.1\org.springframework\spring-tx\7.0.8\96c66acfb3920457421a9cb3648a32e62f42f815\spring-tx-7.0.8.jar;C:\Users\Stephan Prantl\.gradle\caches\modules-2\files-2.1\org.springframework.data\spring-data-commons\4.1.0\e8d1077d09c20e9ecf3574a72ce5cc90a29b902a\spring-data-commons-4.1.0.jar;C:\Users\Stephan Prantl\.gradle\caches\modules-2\files-2.1\org.springframework\spring-beans\7.0.8\829cdf4c82a9409e0e10922b9e57e2ef12d5f04d\spring-beans-7.0.8.jar;C:\Users\Stephan Prantl\.gradle\caches\modules-2\files-2.1\org.springframework\spring-expression\7.0.8\bb844eefd513820e356b575d7ea0f7084147af59\spring-expression-7.0.8.jar;C:\Users\Stephan Prantl\.gradle\caches\modules-2\files-2.1\org.springframework\spring-test\7.0.8\a69fb470b6fbf2960552150e4a37e6903dbd2f49\spring-test-7.0.8.jar;C:\Users\Stephan Prantl\.gradle\caches\modules-2\files-2.1\org.springframework\spring-core\7.0.8\25f5ebd179f92d7d12779e3761c96da4b0109ad\spring-core-7.0.8.jar;C:\Users\Stephan Prantl\.gradle\caches\modules-2\files-2.1\org.apache.xmlgraphics\fop-core\2.11\c0e5720146e7ba75a1e2365517429459a5d008fd\fop-core-2.11.jar;C:\Users\Stephan Prantl\.gradle\caches\modules-2\files-2.1\org.apache.pdfbox\fontbox\3.0.8\e9f4225dc564b212ecdc31d1574f2d0c1dc3ad30\fontbox-3.0.8.jar;C:\Users\Stephan Prantl\.gradle\caches\modules-2\files-2.1\org.apache.pdfbox\pdfbox-io\3.0.8\953f459ebc08048b75afc3e823aea2e0466a01b\pdfbox-io-3.0.8.jar;C:\Users\Stephan Prantl\.gradle\caches\modules-2\files-2.1\org.apache.xmlgraphics\fop-events\2.11\2edbfcab94f634be4dc429746f2dca7669ccc133\fop-events-2.11.jar;C:\Users\Stephan Prantl\.gradle\caches\modules-2\files-2.1\org.apache.xmlgraphics\fop-util\2.11\ab85b2fa0cdd372fd0f114d75f9ce1d1fd902924\fop-util-2.11.jar;C:\Users\Stephan Prantl\.gradle\caches\modules-2\files-2.1\org.apache.xmlgraphics\batik-extension\1.19\1cc6979acd0d2270fd3bcfa8f2fc43df63e89620\batik-extension-1.19.jar;C:\Users\Stephan Prantl\.gradle\caches\modules-2\files-2.1\org.apache.xmlgraphics\batik-codec\1.19\d6e0af9772d104e20ddc332330407b6c039cfdf4\batik-codec-1.19.jar;C:\Users\Stephan Prantl\.gradle\caches\modules-2\files-2.1\org.apache.xmlgraphics\batik-transcoder\1.19\5af06d38710d1ec1b8da3e0e76e3a45fcdb083da\batik-transcoder-1.19.jar;C:\Users\Stephan Prantl\.gradle\caches\modules-2\files-2.1\org.apache.xmlgraphics\batik-bridge\1.19\9b32c6c36a6c104e6b8611b09df07ed875e58eb8\batik-bridge-1.19.jar;C:\Users\Stephan Prantl\.gradle\caches\modules-2\files-2.1\org.apache.xmlgraphics\batik-script\1.19\ef523f9c7399b75cf94dcb3828d60124a8f09a85\batik-script-1.19.jar;C:\Users\Stephan Prantl\.gradle\caches\modules-2\files-2.1\org.apache.xmlgraphics\batik-anim\1.19\bb8f0cdbe47ff94afeab7b6e569d7dab11928ddb\batik-anim-1.19.jar;C:\Users\Stephan Prantl\.gradle\caches\modules-2\files-2.1\org.apache.xmlgraphics\batik-gvt\1.19\19b27455ef1e23c79fce748be07a84c70dc5db8a\batik-gvt-1.19.jar;C:\Users\Stephan Prantl\.gradle\caches\modules-2\files-2.1\org.apache.xmlgraphics\batik-svg-dom\1.19\7958ef79eecf535061c48caabc49b0425945d7e7\batik-svg-dom-1.19.jar;C:\Users\Stephan Prantl\.gradle\caches\modules-2\files-2.1\org.apache.xmlgraphics\batik-parser\1.19\4f5f83767ab48fb5aa92c794f7eb3531cc946715\batik-parser-1.19.jar;C:\Users\Stephan Prantl\.gradle\caches\modules-2\files-2.1\org.apache.xmlgraphics\batik-svggen\1.19\9f27bd3f13be9cf0c7a15ed449a84201e709c23d\batik-svggen-1.19.jar;C:\Users\Stephan Prantl\.gradle\caches\modules-2\files-2.1\org.apache.xmlgraphics\batik-awt-util\1.19\858ea4772e2299af37cb2753202307a5c089602c\batik-awt-util-1.19.jar;C:\Users\Stephan Prantl\.gradle\caches\modules-2\files-2.1\org.apache.xmlgraphics\batik-dom\1.19\46dae3cde886b023d92b18e7237d7bb37360b206\batik-dom-1.19.jar;C:\Users\Stephan Prantl\.gradle\caches\modules-2\files-2.1\org.apache.xmlgraphics\batik-css\1.19\5fd19312a31e1b61c5d9595d65a085b81af30e6b\batik-css-1.19.jar;C:\Users\Stephan Prantl\.gradle\caches\modules-2\files-2.1\org.apache.xmlgraphics\xmlgraphics-commons\2.11\4adc636cc7051d40f859f53287ae268684ab6a80\xmlgraphics-commons-2.11.jar;C:\Users\Stephan Prantl\.gradle\caches\modules-2\files-2.1\commons-logging\commons-logging\1.4.0\e8f6313365dfa0580e49c58837afc8caa9b4ce05\commons-logging-1.4.0.jar;C:\Users\Stephan Prantl\.gradle\caches\modules-2\files-2.1\org.thymeleaf\thymeleaf-spring6\3.1.5.RELEASE\d9dcb89be976a321df29518cc634d89a83973800\thymeleaf-spring6-3.1.5.RELEASE.jar;C:\Users\Stephan Prantl\.gradle\caches\modules-2\files-2.1\org.thymeleaf\thymeleaf\3.1.5.RELEASE\8986b45086f74f7773c440055a2f473817dd3fa8\thymeleaf-3.1.5.RELEASE.jar;C:\Users\Stephan Prantl\.gradle\caches\modules-2\files-2.1\org.unbescape\unbescape\1.1.6.RELEASE\7b90360afb2b860e09e8347112800d12c12b2a13\unbescape-1.1.6.RELEASE.jar;C:\Users\Stephan Prantl\.gradle\caches\modules-2\files-2.1\org.hibernate.orm\hibernate-core\7.4.1.Final\b405096e4aa04ff9c99a3e6e632eb2b8d252e1f1\hibernate-core-7.4.1.Final.jar;C:\Users\Stephan Prantl\.gradle\caches\modules-2\files-2.1\org.glassfish.jaxb\jaxb-runtime\4.0.9\500c199572538675d2819c938fbafe34935d8d6b\jaxb-runtime-4.0.9.jar;C:\Users\Stephan Prantl\.gradle\caches\modules-2\files-2.1\org.glassfish.jaxb\jaxb-core\4.0.9\3f32ec949d109d666fa30994223d1c25a47b105f\jaxb-core-4.0.9.jar;C:\Users\Stephan Prantl\.gradle\caches\modules-2\files-2.1\jakarta.xml.bind\jakarta.xml.bind-api\4.0.5\161811f36cad3c65991502e80317f2f6703361df\jakarta.xml.bind-api-4.0.5.jar;C:\Users\Stephan Prantl\.gradle\caches\modules-2\files-2.1\org.eclipse.angus\angus-mail\2.0.5\427f6d52ec0782f7efaca0c0732042e347a6cb4f\angus-mail-2.0.5.jar;C:\Users\Stephan Prantl\.gradle\caches\modules-2\files-2.1\jakarta.mail\jakarta.mail-api\2.1.5\be9b3b677ed6083f575c437ebc442a6a4bd2b931\jakarta.mail-api-2.1.5.jar;C:\Users\Stephan Prantl\.gradle\caches\modules-2\files-2.1\org.eclipse.angus\angus-activation\2.0.3\7f80607ea5014fef0b1779e6c33d63a88a45a563\angus-activation-2.0.3.jar;C:\Users\Stephan Prantl\.gradle\caches\modules-2\files-2.1\jakarta.activation\jakarta.activation-api\2.1.4\9e5c2a0d75dde71a0bedc4dbdbe47b78a5dc50f8\jakarta.activation-api-2.1.4.jar;C:\Users\Stephan Prantl\.gradle\caches\modules-2\files-2.1\org.assertj\assertj-core\3.27.7\2f4f64f054c9d618d4b1d89e7611559f5e2cfff7\assertj-core-3.27.7.jar;C:\Users\Stephan Prantl\.gradle\caches\modules-2\files-2.1\io.micrometer\micrometer-jakarta9\1.17.0\e8a0380f6a92110cd76d7d9a329a3c57740c6e3f\micrometer-jakarta9-1.17.0.jar;C:\Users\Stephan Prantl\.gradle\caches\modules-2\files-2.1\io.micrometer\micrometer-core\1.17.0\b71d95b2819c5959bedf186e9a667e932b573dad\micrometer-core-1.17.0.jar;C:\Users\Stephan Prantl\.gradle\caches\modules-2\files-2.1\io.micrometer\micrometer-observation\1.17.0\2037bdaeb5725bdddb2390cbf93be3c19f8b8b48\micrometer-observation-1.17.0.jar;C:\Users\Stephan Prantl\.gradle\caches\modules-2\files-2.1\io.prometheus\prometheus-metrics-tracer-common\1.7.0\2feee6463c9ad7a6ef142020c3379835ffeb6701\prometheus-metrics-tracer-common-1.7.0.jar;C:\Users\Stephan Prantl\.gradle\caches\modules-2\files-2.1\com.jayway.jsonpath\json-path\2.10.0\e1a0b2e6db75401181c9c1c64c6d155ca5c6d608\json-path-2.10.0.jar;C:\Users\Stephan Prantl\.gradle\caches\modules-2\files-2.1\io.prometheus\prometheus-metrics-core\1.7.0\4779014a044c3c300d8ec36eb2a51ecb7541887\prometheus-metrics-core-1.7.0.jar;C:\Users\Stephan Prantl\.gradle\caches\modules-2\files-2.1\io.prometheus\prometheus-metrics-exposition-formats\1.7.0\e1023556dc6cdcb7142c2635b586782610fdab10\prometheus-metrics-exposition-formats-1.7.0.jar;C:\Users\Stephan Prantl\.gradle\caches\modules-2\files-2.1\io.prometheus\prometheus-metrics-exposition-textformats\1.7.0\c94fc72615c1943e01e4bf4a8451a9c7e91ac213\prometheus-metrics-exposition-textformats-1.7.0.jar;C:\Users\Stephan Prantl\.gradle\caches\modules-2\files-2.1\io.prometheus\prometheus-metrics-model\1.7.0\d953f718cf1f62af34f7bf2545645c1f6f4698d5\prometheus-metrics-model-1.7.0.jar;C:\Users\Stephan Prantl\.gradle\caches\modules-2\files-2.1\org.mockito\mockito-core\5.23.0\a5cf3cf244300e4cd05f779827cf50d373a8460e\mockito-core-5.23.0.jar;C:\Users\Stephan Prantl\.gradle\caches\modules-2\files-2.1\net.bytebuddy\byte-buddy-agent\1.18.10\9426d28828bdcdf42666bb7a68c468279ea78f59\byte-buddy-agent-1.18.10.jar;C:\Users\Stephan Prantl\.gradle\caches\modules-2\files-2.1\net.bytebuddy\byte-buddy\1.18.10\5b34812ced047973a6d42654d50c3b69124ce587\byte-buddy-1.18.10.jar;C:\Users\Stephan Prantl\.gradle\caches\modules-2\files-2.1\jakarta.transaction\jakarta.transaction-api\2.0.1\51a520e3fae406abb84e2e1148e6746ce3f80a1a\jakarta.transaction-api-2.0.1.jar;C:\Users\Stephan Prantl\.gradle\caches\modules-2\files-2.1\org.apache.xmlgraphics\batik-ext\1.19\7e73d5c6378a53b53fa9421ae9fd75916a6c2979\batik-ext-1.19.jar;C:\Users\Stephan Prantl\.gradle\caches\modules-2\files-2.1\org.apache.xmlgraphics\batik-xml\1.19\bf37203619e48844d4d25e336b745501b50cbd76\batik-xml-1.19.jar;C:\Users\Stephan Prantl\.gradle\caches\modules-2\files-2.1\org.apache.xmlgraphics\batik-util\1.19\f246bb0e8b645a552697a7a507e24536af764fc\batik-util-1.19.jar;C:\Users\Stephan Prantl\.gradle\caches\modules-2\files-2.1\org.apache.xmlgraphics\batik-constants\1.19\aef5a746a204f8597a3f7c0c5e28a0192c1f3e\batik-constants-1.19.jar;C:\Users\Stephan Prantl\.gradle\caches\modules-2\files-2.1\org.apache.xmlgraphics\batik-i18n\1.19\9df77dbefde9120a1c0c4edaa287fa7fe2263cd6\batik-i18n-1.19.jar;C:\Users\Stephan Prantl\.gradle\caches\modules-2\files-2.1\org.apache.xmlgraphics\batik-shared-resources\1.19\db8a1ad3a24f747f5170f623ccd785a95145b724\batik-shared-resources-1.19.jar;C:\Users\Stephan Prantl\.gradle\caches\modules-2\files-2.1\org.webjars\webjars-locator-lite\1.1.3\217ce590453251b39b72c4a9af3986998f6fdbd9\webjars-locator-lite-1.1.3.jar;C:\Users\Stephan Prantl\.gradle\caches\modules-2\files-2.1\io.micrometer\micrometer-commons\1.17.0\2edbb561cdd2b2777fbcd83aa9f2204ebabf592b\micrometer-commons-1.17.0.jar;C:\Users\Stephan Prantl\.gradle\caches\modules-2\files-2.1\org.jspecify\jspecify\1.0.0\7425a601c1c7ec76645a78d22b8c6a627edee507\jspecify-1.0.0.jar;C:\Users\Stephan Prantl\.gradle\caches\modules-2\files-2.1\org.springframework\spring-aspects\7.0.8\daf535194ee6cd1e1e23c7368c58b5f02fe18f65\spring-aspects-7.0.8.jar;C:\Users\Stephan Prantl\.gradle\caches\modules-2\files-2.1\org.aspectj\aspectjweaver\1.9.25.1\a713c790da4d794c7dfb542b550d4e44898d5e23\aspectjweaver-1.9.25.1.jar;C:\Users\Stephan Prantl\.gradle\caches\modules-2\files-2.1\io.swagger.core.v3\swagger-annotations-jakarta\2.2.52\3806bb2a46610b20b5841c7f711b2d660ca5848\swagger-annotations-jakarta-2.2.52.jar;C:\Users\Stephan Prantl\.gradle\caches\modules-2\files-2.1\org.springframework.boot\spring-boot-starter-logging\4.1.0\f2e2615d9fb27a035a8fc7aef19670769739ae76\spring-boot-starter-logging-4.1.0.jar;C:\Users\Stephan Prantl\.gradle\caches\modules-2\files-2.1\org.apache.tomcat.embed\tomcat-embed-websocket\11.0.22\5686ff1ad745491d981d771514027d8fc55aed4f\tomcat-embed-websocket-11.0.22.jar;C:\Users\Stephan Prantl\.gradle\caches\modules-2\files-2.1\org.apache.tomcat.embed\tomcat-embed-core\11.0.22\cc7307efaa60c0d31784bf053ec4aa48a404f44b\tomcat-embed-core-11.0.22.jar;C:\Users\Stephan Prantl\.gradle\caches\modules-2\files-2.1\org.hamcrest\hamcrest\3.0\8fd9b78a8e6a6510a078a9e30e9e86a6035cfaf7\hamcrest-3.0.jar;C:\Users\Stephan Prantl\.gradle\caches\modules-2\files-2.1\com.thoughtworks.qdox\qdox\1.12\466993f8362511ecc42e6508d3db1880bfcd5c56\qdox-1.12.jar;C:\Users\Stephan Prantl\.gradle\caches\modules-2\files-2.1\org.antlr\antlr4-runtime\4.13.2\fc3db6d844df652a3d5db31c87fa12757f13691d\antlr4-runtime-4.13.2.jar;C:\Users\Stephan Prantl\.gradle\caches\modules-2\files-2.1\org.glassfish.jaxb\txw2\4.0.9\70325ebdebca3e7aae1dfa395fd41fc25d8a6f4e\txw2-4.0.9.jar;C:\Users\Stephan Prantl\.gradle\caches\modules-2\files-2.1\jakarta.persistence\jakarta.persistence-api\3.2.0\bb75a113f3fa191c2c7ee7b206d8e674251b3129\jakarta.persistence-api-3.2.0.jar;C:\Users\Stephan Prantl\.gradle\caches\modules-2\files-2.1\org.skyscreamer\jsonassert\1.5.3\aaa43e0823d2a0e106e8754d6a9c4ab24e05e9bc\jsonassert-1.5.3.jar;C:\Users\Stephan Prantl\.gradle\caches\modules-2\files-2.1\org.apache.logging.log4j\log4j-to-slf4j\2.25.4\68df56640a5d245192e91bd2ac89e504b477cc10\log4j-to-slf4j-2.25.4.jar;C:\Users\Stephan Prantl\.gradle\caches\modules-2\files-2.1\org.rnorth.duct-tape\duct-tape\1.0.8\92edc22a9ab2f3e17c9bf700aaee377d50e8b530\duct-tape-1.0.8.jar;C:\Users\Stephan Prantl\.gradle\caches\modules-2\files-2.1\com.tngtech.archunit\archunit-junit5-api\1.5.0\380a41b454697f77753d3790583eb24db13f846c\archunit-junit5-api-1.5.0.jar;C:\Users\Stephan Prantl\.gradle\caches\modules-2\files-2.1\com.tngtech.archunit\archunit\1.5.0\5076957a58007dd5c512facb5c179d3dd7c3c2b8\archunit-1.5.0.jar;C:\Users\Stephan Prantl\.gradle\caches\modules-2\files-2.1\org.objenesis\objenesis\3.4\675cbe121a68019235d27f6c34b4f0ac30e07418\objenesis-3.4.jar;C:\Users\Stephan Prantl\.gradle\caches\modules-2\files-2.1\com.vaadin.external.google\android-json\0.0.20131108.vaadin1\fa26d351fe62a6a17f5cda1287c1c6110dec413f\android-json-0.0.20131108.vaadin1.jar;C:\Users\Stephan Prantl\.gradle\caches\modules-2\files-2.1\org.hibernate.models\hibernate-models\1.1.1\c890a4cc781fd8720e0e2613b4a24b33cdaa80a1\hibernate-models-1.1.1.jar;C:\Users\Stephan Prantl\.gradle\caches\modules-2\files-2.1\org.apache.logging.log4j\log4j-api\2.25.4\89ff2217b193fb187b134aa6ebcbfa8a28b018a9\log4j-api-2.25.4.jar;C:\Users\Stephan Prantl\.gradle\caches\modules-2\files-2.1\com.zaxxer\HikariCP\7.0.2\c2b43c946b86a14a96342379e22b004c56c6166d\HikariCP-7.0.2.jar;C:\Users\Stephan Prantl\.gradle\caches\modules-2\files-2.1\com.github.docker-java\docker-java-transport-zerodep\3.7.1\6b1af9996b2004703a41e0fbbf1031cabbbe4e6b\docker-java-transport-zerodep-3.7.1.jar;C:\Users\Stephan Prantl\.gradle\caches\modules-2\files-2.1\ch.qos.logback\logback-classic\1.5.34\e598899bad5824511cd3019299254230468e1fa2\logback-classic-1.5.34.jar;C:\Users\Stephan Prantl\.gradle\caches\modules-2\files-2.1\org.slf4j\jul-to-slf4j\2.0.18\79739c98001d5c9d078d087d5a348ec9e474ec8f\jul-to-slf4j-2.0.18.jar;C:\Users\Stephan Prantl\.gradle\caches\modules-2\files-2.1\org.slf4j\slf4j-api\2.0.18\78a9e7a37cd6360e0b818e86341b24123d28d4df\slf4j-api-2.0.18.jar;C:\Users\Stephan Prantl\.gradle\caches\modules-2\files-2.1\net.minidev\json-smart\2.6.0\5f858a43a325a8673da6869ab2bc787a1bcb2244\json-smart-2.6.0.jar;C:\Users\Stephan Prantl\.gradle\caches\modules-2\files-2.1\org.hibernate.validator\hibernate-validator\9.1.0.Final\53505ad984428ab42b4a4f3456aab9ec343bf2f2\hibernate-validator-9.1.0.Final.jar;C:\Users\Stephan Prantl\.gradle\caches\modules-2\files-2.1\jakarta.validation\jakarta.validation-api\3.1.1\ec8622148afc5564235d17af80ea80288d0e7f92\jakarta.validation-api-3.1.1.jar;C:\Users\Stephan Prantl\.gradle\caches\modules-2\files-2.1\org.jetbrains\annotations\23.0.0\8cc20c07506ec18e0834947b84a864bfc094484e\annotations-23.0.0.jar;C:\Users\Stephan Prantl\.gradle\caches\modules-2\files-2.1\org.springframework.security\spring-security-crypto\7.1.0\819461a33c5b10b92bb1a125db933a17fc0db792\spring-security-crypto-7.1.0.jar;C:\Users\Stephan Prantl\.gradle\caches\modules-2\files-2.1\commons-io\commons-io\2.20.0\36f3474daec2849c149e877614e7f979b2082cd2\commons-io-2.20.0.jar;C:\Users\Stephan Prantl\.gradle\caches\modules-2\files-2.1\com.fasterxml.woodstox\woodstox-core\7.2.1\68867a734916adfb379bc6881df6e1d8b575edb9\woodstox-core-7.2.1.jar;C:\Users\Stephan Prantl\.gradle\caches\modules-2\files-2.1\org.codehaus.woodstox\stax2-api\4.3.0\59251773c44122e8d1366f68884e29dd784e141b\stax2-api-4.3.0.jar;C:\Users\Stephan Prantl\.gradle\caches\modules-2\files-2.1\com.sun.istack\istack-commons-runtime\4.1.2\18ec117c85f3ba0ac65409136afa8e42bc74e739\istack-commons-runtime-4.1.2.jar;C:\Users\Stephan Prantl\.gradle\caches\modules-2\files-2.1\net.minidev\accessors-smart\2.6.0\2d96f1d9b6ab7f13261aa81b15703574185747a0\accessors-smart-2.6.0.jar;C:\Users\Stephan Prantl\.gradle\caches\modules-2\files-2.1\xml-apis\xml-apis\1.4.01\3789d9fada2d3d458c4ba2de349d48780f381ee3\xml-apis-1.4.01.jar;C:\Users\Stephan Prantl\.gradle\caches\modules-2\files-2.1\org.yaml\snakeyaml\2.6\2bc14918a2f8d5414749ab12d0c590cd3198b8c1\snakeyaml-2.6.jar;C:\Users\Stephan Prantl\.gradle\caches\modules-2\files-2.1\org.apache.tomcat.embed\tomcat-embed-el\11.0.22\db92447e16c3561e9ca7bf9311b6b6389816699e\tomcat-embed-el-11.0.22.jar;C:\Users\Stephan Prantl\.gradle\caches\modules-2\files-2.1\xml-apis\xml-apis-ext\1.3.04\41a8b86b358e87f3f13cf46069721719105aff66\xml-apis-ext-1.3.04.jar;C:\Users\Stephan Prantl\.gradle\caches\modules-2\files-2.1\jakarta.inject\jakarta.inject-api\2.0.1\4c28afe1991a941d7702fe1362c365f0a8641d1e\jakarta.inject-api-2.0.1.jar;C:\Users\Stephan Prantl\.gradle\caches\modules-2\files-2.1\org.opentest4j\opentest4j\1.3.0\152ea56b3a72f655d4fd677fc0ef2596c3dd5e6e\opentest4j-1.3.0.jar;C:\Users\Stephan Prantl\.gradle\caches\modules-2\files-2.1\net.java.dev.jna\jna\5.18.1\b27ba04287cc4abe769642fe8318d39fc89bf937\jna-5.18.1.jar;C:\Users\Stephan Prantl\.gradle\caches\modules-2\files-2.1\org.attoparser\attoparser\2.0.7.RELEASE\e5d0e988d9124139d645bb5872b24dfa23e283cc\attoparser-2.0.7.RELEASE.jar;C:\Users\Stephan Prantl\.gradle\caches\modules-2\files-2.1\org.checkerframework\checker-qual\3.55.1\3d40699936a66b2d4c1f759f2f1a0446c8cf64fc\checker-qual-3.55.1.jar;C:\Users\Stephan Prantl\.gradle\caches\modules-2\files-2.1\com.google.code.findbugs\jsr305\3.0.2\25ea2e8b0c338a877313bd4672d3fe056ea78f0d\jsr305-3.0.2.jar;C:\Users\Stephan Prantl\.gradle\caches\modules-2\files-2.1\org.hdrhistogram\HdrHistogram\2.2.2\7959933ebcc0f05b2eaa5af0a0c8689fa257b15c\HdrHistogram-2.2.2.jar;C:\Users\Stephan Prantl\.gradle\caches\modules-2\files-2.1\org.ow2.asm\asm\9.7.1\f0ed132a49244b042cd0e15702ab9f2ce3cc8436\asm-9.7.1.jar;C:\Users\Stephan Prantl\.gradle\caches\modules-2\files-2.1\io.prometheus\prometheus-metrics-config\1.7.0\739329fa28a2372515f14c875d4012b32e17df09\prometheus-metrics-config-1.7.0.jar;C:\Users\Stephan Prantl\.gradle\caches\modules-2\files-2.1\com.fasterxml\classmate\1.7.3\f61c7e7b81e9249b0f6a05914eff9d54fb09f4a0\classmate-1.7.3.jar;C:\Users\Stephan Prantl\.gradle\caches\modules-2\files-2.1\commons-codec\commons-codec\1.21.0\d95f998db5f89900fe895daf6cd2cddcb2f1d64b\commons-codec-1.21.0.jar;C:\Users\Stephan Prantl\.gradle\caches\modules-2\files-2.1\jakarta.annotation\jakarta.annotation-api\3.0.0\54f928fadec906a99d558536756d171917b9d936\jakarta.annotation-api-3.0.0.jar;C:\Users\Stephan Prantl\.gradle\caches\modules-2\files-2.1\com.github.docker-java\docker-java-transport\3.7.1\7b8f1b7486e83f2871d9f98a7e12c529dfddc9c2\docker-java-transport-3.7.1.jar;C:\Users\Stephan Prantl\.gradle\caches\modules-2\files-2.1\org.jboss.logging\jboss-logging\3.6.3.Final\1cc9f976725720bb4a66f80af3e3aa6b9890d969\jboss-logging-3.6.3.Final.jar;C:\Users\Stephan Prantl\.gradle\caches\modules-2\files-2.1\ch.qos.logback\logback-core\1.5.34\378692f76c337b3325c15bffb89e013dc1f897b4\logback-core-1.5.34.jar;C:\Users\Stephan Prantl\.gradle\caches\modules-2\files-2.1\org.xmlunit\xmlunit-core\2.11.0\85521d7f60fb599a4ac1bdec0d19628c3a264156\xmlunit-core-2.11.0.jar
Launcher Type: SUN_STANDARD

[Global flags]
     bool AOTAdapterCaching                        = false                                  {diagnostic} {ergonomic}
     bool AOTInvokeDynamicLinking                  = false                                  {diagnostic} {ergonomic}
     bool AOTRecordTraining                        = false                                  {diagnostic} {ergonomic}
     bool AOTReplayTraining                        = false                                  {diagnostic} {ergonomic}
     bool AOTStubCaching                           = false                                  {diagnostic} {ergonomic}
     intx CICompilerCount                          = 12                                        {product} {ergonomic}
     uint ConcGCThreads                            = 4                                         {product} {ergonomic}
     uint G1ConcRefinementThreads                  = 15                                        {product} {ergonomic}
     uint G1EagerReclaimRemSetThreshold            = 10                                   {experimental} {ergonomic}
   size_t G1HeapRegionSize                         = 1048576                                   {product} {ergonomic}
     uint G1RemSetArrayOfCardsEntries              = 10                                   {experimental} {ergonomic}
     uint G1RemSetHowlMaxNumBuckets                = 8                                    {experimental} {ergonomic}
     uint G1RemSetHowlNumBuckets                   = 4                                    {experimental} {ergonomic}
   size_t InitialHeapSize                          = 8388608                                   {product} {ergonomic}
     bool IntelJccErratumMitigation                = false                             {ARCH diagnostic} {ergonomic}
   size_t MarkStackSize                            = 4194304                                   {product} {ergonomic}
   size_t MarkStackSizeMax                         = 536870912                                 {product} {ergonomic}
   size_t MaxHeapSize                              = 536870912                                 {product} {command line}
   size_t MaxNewSize                               = 321912832                                 {product} {ergonomic}
 uint64_t MaxRAM                                   = 34122297344                               {product} {ergonomic}
   size_t MinHeapDeltaBytes                        = 1048576                                   {product} {ergonomic}
   size_t MinHeapSize                              = 8388608                                   {product} {ergonomic}
   size_t NonNMethodCodeHeapSize                   = 7667712                                {pd product} {ergonomic}
   size_t NonProfiledCodeHeapSize                  = 122028032                              {pd product} {ergonomic}
   size_t ProfiledCodeHeapSize                     = 122028032                              {pd product} {ergonomic}
   size_t ReservedCodeCacheSize                    = 251723776                              {pd product} {ergonomic}
     bool SegmentedCodeCache                       = true                                      {product} {ergonomic}
   size_t SoftMaxHeapSize                          = 536870912                              {manageable} {ergonomic}
     bool UseCompressedOops                        = true                           {product lp64_product} {ergonomic}
     bool UseCondCardMark                          = true                                      {product} {ergonomic}
     bool UseFastUnorderedTimeStamps               = true                                 {experimental} {ergonomic}
     bool UseG1GC                                  = true                                      {product} {ergonomic}
     bool UseLargePagesIndividualAllocation        = false                                  {pd product} {ergonomic}
      int X86ICacheSync                            = 3                                 {ARCH diagnostic} {ergonomic}

Logging:
Log output configuration:
 #0: stdout all=warning uptime,level,tags foldmultilines=false
 #1: stderr all=off uptime,level,tags foldmultilines=false

Release file:
IMPLEMENTOR="Amazon.com Inc." 
IMPLEMENTOR_VERSION="Corretto-26.0.1.8.1" 
JAVA_RUNTIME_VERSION="26.0.1+8-FR" 
JAVA_VERSION="26.0.1" 
JAVA_VERSION_DATE="2026-04-21" 
LIBC="default" 
MODULES="java.base java.compiler java.datatransfer java.xml java.prefs java.desktop java.instrument java.logging java.management java.security.sasl java.naming java.rmi java.management.rmi java.net.http java.scripting java.security.jgss java.transaction.xa java.sql java.sql.rowset java.xml.crypto java.se java.smartcardio jdk.accessibility jdk.internal.jvmstat jdk.attach jdk.charsets jdk.internal.opt jdk.zipfs jdk.compiler jdk.crypto.cryptoki jdk.crypto.ec jdk.crypto.mscapi jdk.dynalink jdk.internal.ed jdk.editpad jdk.internal.vm.ci jdk.graal.compiler jdk.graal.compiler.management jdk.hotspot.agent jdk.httpserver jdk.incubator.vector jdk.internal.le jdk.internal.md jdk.jartool jdk.javadoc jdk.jcmd jdk.management jdk.management.agent jdk.jconsole jdk.jdeps jdk.jdwp.agent jdk.jdi jdk.jfr jdk.jlink jdk.jpackage jdk.jshell jdk.jstatd jdk.localedata jdk.management.jfr jdk.naming.dns jdk.naming.rmi jdk.net jdk.nio.mapmode jdk.sctp jdk.security.auth jdk.security.jgss jdk.unsupported jdk.unsupported.desktop jdk.xml.dom" 
OS_ARCH="x86_64" 
OS_NAME="Windows" 
SOURCE="" 

Environment Variables:
JAVA_HOME=C:\Users\Stephan Prantl\.jdks\openjdk-21.0.1
PATH=C:\Users\Stephan Prantl\bin;C:\Program Files\Git\mingw64\bin;C:\Program Files\Git\usr\local\bin;C:\Program Files\Git\usr\bin;C:\Program Files\Git\usr\bin;C:\Program Files\Git\mingw64\bin;C:\Program Files\Git\usr\bin;C:\Users\Stephan Prantl\bin;C:\Users\Stephan Prantl\.jdks\openjdk-21.0.1\bin;C:\Program Files\Oculus\Support\oculus-runtime;C:\Program Files\Amazon Corretto\jdk17.0.5_8\bin;C:\Windows\system32;C:\Windows;C:\Windows\System32\Wbem;C:\Windows\System32\WindowsPowerShell\v1.0;C:\Windows\System32\OpenSSH;C:\Program Files\PuTTY;C:\Users\Stephan Prantl\AppData\Roaming\nvm;C:\Program Files\dotnet;C:\Program Files\Git\cmd;C:\WINDOWS\system32;C:\WINDOWS;C:\WINDOWS\System32\Wbem;C:\WINDOWS\System32\WindowsPowerShell\v1.0;C:\WINDOWS\System32\OpenSSH;C:\Program Files\WireGuard;C:\Program Files\NVIDIA Corporation\NVIDIA App\NvDLISR;C:\Program Files (x86)\NVIDIA Corporation\PhysX\Common;C:\Program Files\Go\bin;C:\Users\Stephan Prantl\AppData\Roaming\nvm;C:\nvm4w\nodejs;C:\Program Files\GitHub CLI;C:\Program Files\Docker\Docker\resources\bin;C:\Users\Stephan Prantl\AppData\Local\qwen-code\bin;C:\Users\Stephan Prantl\AppData\Local\Programs\Python\Python310\Scripts;C:\Users\Stephan Prantl\AppData\Local\Programs\Python\Python310;C:\Users\Stephan Prantl\AppData\Local\Programs\Python\Python312\Scripts;C:\Users\Stephan Prantl\AppData\Local\Programs\Python\Python312;C:\Users\Stephan Prantl\AppData\Local\Programs\Python\Launcher;C:\Users\Stephan Prantl\AppData\Local\Microsoft\WindowsApps;C:\Program Files\JetBrains\IntelliJ IDEA 2022.1.4\bin;C:\Users\Stephan Prantl\AppData\Roaming\nvm;C:\Program Files (x86)\GnuWin32\bin;C:\development\tools\ffmpeg\bin;C:\Program Files\Google\Chrome\Application;D:\development\tools\gradle-9.5.1\bin;C:\Program Files\OpenSCAD;C:\Users\Stephan Prantl\.dotnet\tools;C:\Users\Stephan Prantl\AppData\Local\Programs\Microsoft VS Code\bin;D:\development\tools;C:\Users\Stephan Prantl\AppData\Local\Programs\Ollama;C:\Users\Stephan Prantl\.local\bin;C:\Users\Stephan Prantl\AppData\Local\Microsoft\WinGet\Packages\GitHub.Copilot_Microsoft.Winget.Source_8wekyb3d8bbwe;C:\Users\Stephan Prantl\go\bin;C:\Users\Stephan Prantl\AppData\Roaming\nvm;C:\nvm4w\nodejs;C:\Program Files\Git\usr\bin\vendor_perl;C:\Program Files\Git\usr\bin\core_perl;C:\Users\Stephan Prantl\.claude\plugins\cache\claude-plugins-official\claude-md-management\1.0.0\bin;C:\Users\Stephan Prantl\.claude\plugins\cache\claude-plugins-official\kotlin-lsp\1.0.0\bin;C:\Users\Stephan Prantl\.claude\plugins\cache\claude-plugins-official\typescript-lsp\1.0.0\bin;C:\Users\Stephan Prantl\.claude\plugins\cache\claude-plugins-official\context7\unknown\bin;C:\Users\Stephan Prantl\.claude\plugins\cache\claude-plugins-official\security-guidance\2.0.6\bin;C:\Users\Stephan Prantl\.claude\plugins\cache\claude-plugins-official\frontend-design\unknown\bin;C:\Users\Stephan Prantl\.claude\plugins\cache\claude-plugins-official\chrome-devtools-mcp\1.6.0\bin
USERNAME=Stephan Prantl
SHELL=C:\Program Files\Git\usr\bin\bash.exe
TERM=xterm-256color
OS=Windows_NT
PROCESSOR_IDENTIFIER=Intel64 Family 6 Model 151 Stepping 2, GenuineIntel
TMP=C:\Users\STEPHA~1\AppData\Local\Temp
TEMP=C:\Users\STEPHA~1\AppData\Local\Temp




Compilation memory statistics disabled.

Periodic native trim disabled

---------------  S Y S T E M  ---------------

OS:
 Windows 11 , 64 bit Build 26100 (10.0.26100.8875)
OS uptime: 9 days 0:21 hours
Hyper-V role detected

CPU: total 20 (initial active 20) (hybrid) family 6 model 151 stepping 2 microcode 0x1a, cx8, cmov, fxsr, ht, mmx, 3dnowpref, sse, sse2, sse3, ssse3, sse4.1, sse4.2, popcnt, lzcnt, tsc, tscinvbit, avx, avx2, aes, erms, clmul, bmi1, bmi2, adx, sha, fma, vzeroupper, clflush, clflushopt, clwb, hv, serialize, rdtscp, rdpid, fsrm, gfni, f16c, cet_ibt, cet_ss, hybrid
Processor Information for processor 0
  Max Mhz: 3600, Current Mhz: 3600, Mhz Limit: 3600
Processor Information for processor 1
  Max Mhz: 3600, Current Mhz: 3600, Mhz Limit: 3600
Processor Information for processor 2
  Max Mhz: 3600, Current Mhz: 3600, Mhz Limit: 3600
Processor Information for processor 3
  Max Mhz: 3600, Current Mhz: 3600, Mhz Limit: 3600
Processor Information for processor 4
  Max Mhz: 3600, Current Mhz: 3600, Mhz Limit: 3600
Processor Information for processor 5
  Max Mhz: 3600, Current Mhz: 3600, Mhz Limit: 3600
Processor Information for processor 6
  Max Mhz: 3600, Current Mhz: 3600, Mhz Limit: 3600
Processor Information for processor 7
  Max Mhz: 3600, Current Mhz: 3600, Mhz Limit: 3600
Processor Information for processor 8
  Max Mhz: 3600, Current Mhz: 3600, Mhz Limit: 3600
Processor Information for processor 9
  Max Mhz: 3600, Current Mhz: 3600, Mhz Limit: 3600
Processor Information for processor 10
  Max Mhz: 3600, Current Mhz: 3600, Mhz Limit: 3600
Processor Information for processor 11
  Max Mhz: 3600, Current Mhz: 3600, Mhz Limit: 3600
Processor Information for processor 12
  Max Mhz: 3600, Current Mhz: 3600, Mhz Limit: 3600
Processor Information for processor 13
  Max Mhz: 3600, Current Mhz: 3600, Mhz Limit: 3600
Processor Information for processor 14
  Max Mhz: 3600, Current Mhz: 3600, Mhz Limit: 3600
Processor Information for processor 15
  Max Mhz: 3600, Current Mhz: 3600, Mhz Limit: 3600
Processor Information for processor 16
  Max Mhz: 3600, Current Mhz: 2700, Mhz Limit: 2700
Processor Information for processor 17
  Max Mhz: 3600, Current Mhz: 2700, Mhz Limit: 2700
Processor Information for processor 18
  Max Mhz: 3600, Current Mhz: 2700, Mhz Limit: 2700
Processor Information for processor 19
  Max Mhz: 3600, Current Mhz: 2700, Mhz Limit: 2700

Memory: 4k page, system-wide physical 32541M (992M free)
TotalPageFile size 130845M (AvailPageFile size 11M)
current process WorkingSet (physical memory assigned to process): 843M, peak: 866M
current process commit charge ("private bytes"): 888M, peak: 934M

vm_info: OpenJDK 64-Bit Server VM (26.0.1+8-FR) for windows-amd64 JRE (26.0.1+8-FR), built on 2026-04-16T20:19:22Z with MS VC++ 17.14 (VS2022)

END.
